profile_id,mechanism,first_best_welfare,welfare,regret,budget_imbalance
0,equal_split_first_best,0.0,0.0,0.0,0.0
0,equal_split_vickrey_majority,0.0,0.0,0.0,0.0
0,equal_split_vickrey_faltings_fair,0.0,0.0,0.0,0.0
0,lp_demand_vickrey,0.0,0.0,0.0,0.0
0,lp_integrated_supply_demand,0.0,0.0,0.0,0.0
1,equal_split_first_best,0.0,0.0,0.0,0.0
1,equal_split_vickrey_majority,0.0,0.0,0.0,0.0
1,equal_split_vickrey_faltings_fair,0.0,0.0,0.0,0.0
1,lp_demand_vickrey,0.0,0.0,0.0,0.0
1,lp_integrated_supply_demand,0.0,0.0,0.0,0.0
2,equal_split_first_best,0.0,0.0,0.0,0.0
2,equal_split_vickrey_majority,0.0,0.0,0.0,0.0
2,equal_split_vickrey_faltings_fair,0.0,0.0,0.0,0.0
2,lp_demand_vickrey,0.0,0.0,0.0,0.0
2,lp_integrated_supply_demand,0.0,0.0,0.0,0.0
3,equal_split_first_best,15.0,15.0,0.0,0.0
3,equal_split_vickrey_majority,15.0,15.0,0.0,0.0
3,equal_split_vickrey_faltings_fair,15.0,15.0,0.0,0.0
3,lp_demand_vickrey,15.0,15.0,0.0,0.0
3,lp_integrated_supply_demand,15.0,15.0,0.0,0.0
4,equal_split_first_best,15.0,15.0,0.0,0.0
4,equal_split_vickrey_majority,15.0,15.0,0.0,0.0
4,equal_split_vickrey_faltings_fair,15.0,15.0,0.0,0.0
4,lp_demand_vickrey,15.0,15.0,0.0,0.0
4,lp_integrated_supply_demand,15.0,15.0,0.0,0.0
5,equal_split_first_best,15.0,15.0,0.0,0.0
5,equal_split_vickrey_majority,15.0,15.0,0.0,0.0
5,equal_split_vickrey_faltings_fair,15.0,15.0,0.0,0.0
5,lp_demand_vickrey,15.0,15.0,0.0,0.0
5,lp_integrated_supply_demand,15.0,15.0,0.0,0.0
6,equal_split_first_best,30.0,30.0,0.0,0.0
6,equal_split_vickrey_majority,30.0,30.0,0.0,0.0
6,equal_split_vickrey_faltings_fair,30.0,30.0,0.0,0.0
6,lp_demand_vickrey,30.0,30.0,0.0,0.0
6,lp_integrated_supply_demand,30.0,30.0,0.0,0.0
7,equal_split_first_best,30.0,30.0,0.0,0.0
7,equal_split_vickrey_majority,30.0,30.0,0.0,0.0
7,equal_split_vickrey_faltings_fair,30.0,30.0,0.0,0.0
7,lp_demand_vickrey,30.0,30.0,0.0,0.0
7,lp_integrated_supply_demand,30.0,30.0,0.0,0.0
8,equal_split_first_best,30.0,30.0,0.0,0.0
8,equal_split_vickrey_majority,30.0,30.0,0.0,0.0
8,equal_split_vickrey_faltings_fair,30.0,30.0,0.0,0.0
8,lp_demand_vickrey,30.0,30.0,0.0,0.0
8,lp_integrated_supply_demand,30.0,30.0,0.0,0.0
9,equal_split_first_best,0.0,0.0,0.0,0.0
9,equal_split_vickrey_majority,0.0,0.0,0.0,0.0
9,equal_split_vickrey_faltings_fair,0.0,0.0,0.0,0.0
9,lp_demand_vickrey,0.0,0.0,0.0,0.0
9,lp_integrated_supply_demand,0.0,0.0,0.0,0.0
10,equal_split_first_best,0.0,0.0,0.0,0.0
10,equal_split_vickrey_majority,0.0,0.0,0.0,0.0
10,equal_split_vickrey_faltings_fair,0.0,0.0,0.0,0.0
10,lp_demand_vickrey,0.0,0.0,0.0,0.0
10,lp_integrated_supply_demand,0.0,0.0,0.0,0.0
11,equal_split_first_best,0.0,0.0,0.0,0.0
11,equal_split_vickrey_majority,0.0,0.0,0.0,0.0
11,equal_split_vickrey_faltings_fair,0.0,0.0,0.0,0.0
11,lp_demand_vickrey,0.0,0.0,0.0,0.0
11,lp_integrated_supply_demand,0.0,0.0,0.0,0.0
12,equal_split_first_best,15.0,15.0,0.0,0.0
12,equal_split_vickrey_majority,15.0,15.0,0.0,0.0
12,equal_split_vickrey_faltings_fair,15.0,15.0,0.0,0.0
12,lp_demand_vickrey,15.0,15.0,0.0,0.0
12,lp_integrated_supply_demand,15.0,15.0,0.0,0.0
13,equal_split_first_best,15.0,15.0,0.0,0.0
13,equal_split_vickrey_majority,15.0,0.0,15.0,0.0
13,equal_split_vickrey_faltings_fair,15.0,10.0,5.0,-2.220446049250313e-16
13,lp_demand_vickrey,15.0,4.99999,10.00001,0.0
13,lp_integrated_supply_demand,15.0,15.0,0.0,0.0
14,equal_split_first_best,15.0,15.0,0.0,0.0
14,equal_split_vickrey_majority,15.0,0.0,15.0,0.0
14,equal_split_vickrey_faltings_fair,15.0,10.0,5.0,-2.220446049250313e-16
14,lp_demand_vickrey,15.0,4.99999,10.00001,0.0
14,lp_integrated_supply_demand,15.0,14.701492437313433,0.29850756268656653,0.0
15,equal_split_first_best,30.0,30.0,0.0,0.0
15,equal_split_vickrey_majority,30.0,30.0,0.0,0.0
15,equal_split_vickrey_faltings_fair,30.0,30.0,0.0,0.0
15,lp_demand_vickrey,30.0,30.0,0.0,0.0
15,lp_integrated_supply_demand,30.0,30.0,0.0,0.0
16,equal_split_first_best,30.0,30.0,0.0,0.0
16,equal_split_vickrey_majority,30.0,0.0,30.0,0.0
16,equal_split_vickrey_faltings_fair,30.0,20.0,10.0,-2.220446049250313e-16
16,lp_demand_vickrey,30.0,9.99998,20.00002,0.0
16,lp_integrated_supply_demand,30.0,30.0,0.0,0.0
17,equal_split_first_best,30.0,30.0,0.0,0.0
17,equal_split_vickrey_majority,30.0,0.0,30.0,0.0
17,equal_split_vickrey_faltings_fair,30.0,20.0,10.0,-2.220446049250313e-16
17,lp_demand_vickrey,30.0,9.99998,20.00002,0.0
17,lp_integrated_supply_demand,30.0,30.0,0.0,0.0
18,equal_split_first_best,0.0,0.0,0.0,0.0
18,equal_split_vickrey_majority,0.0,0.0,0.0,0.0
18,equal_split_vickrey_faltings_fair,0.0,0.0,0.0,0.0
18,lp_demand_vickrey,0.0,0.0,0.0,0.0
18,lp_integrated_supply_demand,0.0,0.0,0.0,0.0
19,equal_split_first_best,0.0,0.0,0.0,0.0
19,equal_split_vickrey_majority,0.0,0.0,0.0,0.0
19,equal_split_vickrey_faltings_fair,0.0,0.0,0.0,0.0
19,lp_demand_vickrey,0.0,0.0,0.0,0.0
19,lp_integrated_supply_demand,0.0,0.0,0.0,0.0
20,equal_split_first_best,0.0,0.0,0.0,0.0
20,equal_split_vickrey_majority,0.0,0.0,0.0,0.0
20,equal_split_vickrey_faltings_fair,0.0,0.0,0.0,0.0
20,lp_demand_vickrey,0.0,0.0,0.0,0.0
20,lp_integrated_supply_demand,0.0,0.0,0.0,0.0
21,equal_split_first_best,15.0,15.0,0.0,0.0
21,equal_split_vickrey_majority,15.0,15.0,0.0,0.0
21,equal_split_vickrey_faltings_fair,15.0,15.0,0.0,0.0
21,lp_demand_vickrey,15.0,15.0,0.0,0.0
21,lp_integrated_supply_demand,15.0,15.0,0.0,0.0
22,equal_split_first_best,15.0,15.0,0.0,0.0
22,equal_split_vickrey_majority,15.0,0.0,15.0,0.0
22,equal_split_vickrey_faltings_fair,15.0,10.0,5.0,-2.220446049250313e-16
22,lp_demand_vickrey,15.0,4.99999,10.00001,0.0
22,lp_integrated_supply_demand,15.0,14.71704117182835,0.2829588281716493,0.0
23,equal_split_first_best,15.0,15.0,0.0,0.0
23,equal_split_vickrey_majority,15.0,0.0,15.0,0.0
23,equal_split_vickrey_faltings_fair,15.0,0.0,15.0,0.0
23,lp_demand_vickrey,15.0,0.0,15.0,0.0
23,lp_integrated_supply_demand,15.0,14.78544957369402,0.21455042630597987,0.0
24,equal_split_first_best,30.0,30.0,0.0,0.0
24,equal_split_vickrey_majority,30.0,30.0,0.0,0.0
24,equal_split_vickrey_faltings_fair,30.0,30.0,0.0,0.0
24,lp_demand_vickrey,30.0,30.0,0.0,0.0
24,lp_integrated_supply_demand,30.0,30.0,0.0,0.0
25,equal_split_first_best,30.0,30.0,0.0,0.0
25,equal_split_vickrey_majority,30.0,0.0,30.0,0.0
25,equal_split_vickrey_faltings_fair,30.0,20.0,10.0,-2.220446049250313e-16
25,lp_demand_vickrey,30.0,9.99998,20.00002,0.0
25,lp_integrated_supply_demand,30.0,29.717041171828345,0.28295882817165463,0.0
26,equal_split_first_best,30.0,30.0,0.0,0.0
26,equal_split_vickrey_majority,30.0,0.0,30.0,0.0
26,equal_split_vickrey_faltings_fair,30.0,20.0,10.0,-4.440892098500626e-16
26,lp_demand_vickrey,30.0,5.454515454545458,24.545484545454542,0.0
26,lp_integrated_supply_demand,30.0,29.701492437313433,0.29850756268656653,0.0
27,equal_split_first_best,15.0,15.0,0.0,0.0
27,equal_split_vickrey_majority,15.0,15.0,0.0,0.0
27,equal_split_vickrey_faltings_fair,15.0,15.0,0.0,0.0
27,lp_demand_vickrey,15.0,15.0,0.0,0.0
27,lp_integrated_supply_demand,15.0,15.0,0.0,0.0
28,equal_split_first_best,15.0,15.0,0.0,0.0
28,equal_split_vickrey_majority,15.0,15.0,0.0,0.0
28,equal_split_vickrey_faltings_fair,15.0,15.0,0.0,0.0
28,lp_demand_vickrey,15.0,15.0,0.0,0.0
28,lp_integrated_supply_demand,15.0,15.0,0.0,0.0
29,equal_split_first_best,15.0,15.0,0.0,0.0
29,equal_split_vickrey_majority,15.0,15.0,0.0,0.0
29,equal_split_vickrey_faltings_fair,15.0,15.0,0.0,0.0
29,lp_demand_vickrey,15.0,15.0,0.0,0.0
29,lp_integrated_supply_demand,15.0,15.0,0.0,0.0
30,equal_split_first_best,30.0,30.0,0.0,0.0
30,equal_split_vickrey_majority,30.0,30.0,0.0,0.0
30,equal_split_vickrey_faltings_fair,30.0,30.0,0.0,0.0
30,lp_demand_vickrey,30.0,30.0,0.0,0.0
30,lp_integrated_supply_demand,30.0,30.0,0.0,0.0
31,equal_split_first_best,30.0,30.0,0.0,0.0
31,equal_split_vickrey_majority,30.0,30.0,0.0,0.0
31,equal_split_vickrey_faltings_fair,30.0,30.0,0.0,0.0
31,lp_demand_vickrey,30.0,30.0,0.0,0.0
31,lp_integrated_supply_demand,30.0,30.0,0.0,0.0
32,equal_split_first_best,30.0,30.0,0.0,0.0
32,equal_split_vickrey_majority,30.0,30.0,0.0,0.0
32,equal_split_vickrey_faltings_fair,30.0,30.0,0.0,0.0
32,lp_demand_vickrey,30.0,30.0,0.0,0.0
32,lp_integrated_supply_demand,30.0,30.0,0.0,0.0
33,equal_split_first_best,45.0,45.0,0.0,0.0
33,equal_split_vickrey_majority,45.0,45.0,0.0,0.0
33,equal_split_vickrey_faltings_fair,45.0,45.0,0.0,0.0
33,lp_demand_vickrey,45.0,45.0,0.0,0.0
33,lp_integrated_supply_demand,45.0,45.0,0.0,0.0
34,equal_split_first_best,45.0,45.0,0.0,0.0
34,equal_split_vickrey_majority,45.0,45.0,0.0,0.0
34,equal_split_vickrey_faltings_fair,45.0,45.0,0.0,0.0
34,lp_demand_vickrey,45.0,45.0,0.0,0.0
34,lp_integrated_supply_demand,45.0,45.0,0.0,0.0
35,equal_split_first_best,45.0,45.0,0.0,0.0
35,equal_split_vickrey_majority,45.0,45.0,0.0,0.0
35,equal_split_vickrey_faltings_fair,45.0,45.0,0.0,0.0
35,lp_demand_vickrey,45.0,45.0,0.0,0.0
35,lp_integrated_supply_demand,45.0,45.0,0.0,0.0
36,equal_split_first_best,15.0,15.0,0.0,0.0
36,equal_split_vickrey_majority,15.0,15.0,0.0,0.0
36,equal_split_vickrey_faltings_fair,15.0,15.0,0.0,0.0
36,lp_demand_vickrey,15.0,15.0,0.0,0.0
36,lp_integrated_supply_demand,15.0,15.0,0.0,0.0
37,equal_split_first_best,15.0,15.0,0.0,0.0
37,equal_split_vickrey_majority,15.0,0.0,15.0,0.0
37,equal_split_vickrey_faltings_fair,15.0,10.0,5.0,-2.220446049250313e-16
37,lp_demand_vickrey,15.0,4.99999,10.00001,0.0
37,lp_integrated_supply_demand,15.0,15.0,0.0,0.0
38,equal_split_first_best,15.0,15.0,0.0,0.0
38,equal_split_vickrey_majority,15.0,0.0,15.0,0.0
38,equal_split_vickrey_faltings_fair,15.0,10.0,5.0,-2.220446049250313e-16
38,lp_demand_vickrey,15.0,4.99999,10.00001,0.0
38,lp_integrated_supply_demand,15.0,14.71704117182835,0.2829588281716493,0.0
39,equal_split_first_best,30.0,30.0,0.0,0.0
39,equal_split_vickrey_majority,30.0,30.0,0.0,0.0
39,equal_split_vickrey_faltings_fair,30.0,30.0,0.0,0.0
39,lp_demand_vickrey,30.0,30.0,0.0,0.0
39,lp_integrated_supply_demand,30.0,30.0,0.0,0.0
40,equal_split_first_best,30.0,30.0,0.0,0.0
40,equal_split_vickrey_majority,30.0,30.0,0.0,0.0
40,equal_split_vickrey_faltings_fair,30.0,30.0,0.0,0.0
40,lp_demand_vickrey,30.0,20.00002,9.99998,0.0
40,lp_integrated_supply_demand,30.0,30.0,0.0,0.0
41,equal_split_first_best,30.0,30.0,0.0,0.0
41,equal_split_vickrey_majority,30.0,30.0,0.0,0.0
41,equal_split_vickrey_faltings_fair,30.0,30.0,0.0,0.0
41,lp_demand_vickrey,30.0,20.00002,9.99998,0.0
41,lp_integrated_supply_demand,30.0,29.701492437313433,0.29850756268656653,0.0
42,equal_split_first_best,45.0,45.0,0.0,0.0
42,equal_split_vickrey_majority,45.0,45.0,0.0,0.0
42,equal_split_vickrey_faltings_fair,45.0,45.0,0.0,0.0
42,lp_demand_vickrey,45.0,45.0,0.0,0.0
42,lp_integrated_supply_demand,45.0,45.0,0.0,0.0
43,equal_split_first_best,45.0,45.0,0.0,0.0
43,equal_split_vickrey_majority,45.0,45.0,0.0,0.0
43,equal_split_vickrey_faltings_fair,45.0,45.0,0.0,0.0
43,lp_demand_vickrey,45.0,30.00003,14.999970000000001,0.0
43,lp_integrated_supply_demand,45.0,45.0,0.0,0.0
44,equal_split_first_best,45.0,45.0,0.0,0.0
44,equal_split_vickrey_majority,45.0,45.0,0.0,0.0
44,equal_split_vickrey_faltings_fair,45.0,45.0,0.0,0.0
44,lp_demand_vickrey,45.0,30.00003,14.999970000000001,0.0
44,lp_integrated_supply_demand,45.0,45.0,0.0,0.0
45,equal_split_first_best,15.0,15.0,0.0,0.0
45,equal_split_vickrey_majority,15.0,15.0,0.0,0.0
45,equal_split_vickrey_faltings_fair,15.0,15.0,0.0,0.0
45,lp_demand_vickrey,15.0,15.0,0.0,0.0
45,lp_integrated_supply_demand,15.0,15.0,0.0,0.0
46,equal_split_first_best,15.0,15.0,0.0,0.0
46,equal_split_vickrey_majority,15.0,0.0,15.0,0.0
46,equal_split_vickrey_faltings_fair,15.0,10.0,5.0,-2.220446049250313e-16
46,lp_demand_vickrey,15.0,4.99999,10.00001,0.0
46,lp_integrated_supply_demand,15.0,14.701492437313433,0.29850756268656653,0.0
47,equal_split_first_best,15.0,15.0,0.0,0.0
47,equal_split_vickrey_majority,15.0,0.0,15.0,0.0
47,equal_split_vickrey_faltings_fair,15.0,0.0,15.0,0.0
47,lp_demand_vickrey,15.0,0.0,15.0,0.0
47,lp_integrated_supply_demand,15.0,14.78544957369402,0.21455042630597987,0.0
48,equal_split_first_best,30.0,30.0,0.0,0.0
48,equal_split_vickrey_majority,30.0,30.0,0.0,0.0
48,equal_split_vickrey_faltings_fair,30.0,30.0,0.0,0.0
48,lp_demand_vickrey,30.0,30.0,0.0,0.0
48,lp_integrated_supply_demand,30.0,30.0,0.0,0.0
49,equal_split_first_best,30.0,30.0,0.0,0.0
49,equal_split_vickrey_majority,30.0,30.0,0.0,0.0
49,equal_split_vickrey_faltings_fair,30.0,30.0,0.0,0.0
49,lp_demand_vickrey,30.0,20.00002,9.99998,0.0
49,lp_integrated_supply_demand,30.0,29.701492437313433,0.29850756268656653,0.0
50,equal_split_first_best,30.0,30.0,0.0,0.0
50,equal_split_vickrey_majority,30.0,30.0,0.0,0.0
50,equal_split_vickrey_faltings_fair,30.0,10.0,20.0,0.0
50,lp_demand_vickrey,30.0,13.636453636363623,16.363546363636377,0.0
50,lp_integrated_supply_demand,30.0,30.0,0.0,0.0
51,equal_split_first_best,45.0,45.0,0.0,0.0
51,equal_split_vickrey_majority,45.0,45.0,0.0,0.0
51,equal_split_vickrey_faltings_fair,45.0,45.0,0.0,0.0
51,lp_demand_vickrey,45.0,45.0,0.0,0.0
51,lp_integrated_supply_demand,45.0,45.0,0.0,0.0
52,equal_split_first_best,45.0,45.0,0.0,0.0
52,equal_split_vickrey_majority,45.0,45.0,0.0,0.0
52,equal_split_vickrey_faltings_fair,45.0,45.0,0.0,0.0
52,lp_demand_vickrey,45.0,30.00003,14.999970000000001,0.0
52,lp_integrated_supply_demand,45.0,44.70149243731343,0.29850756268656653,0.0
53,equal_split_first_best,45.0,45.0,0.0,0.0
53,equal_split_vickrey_majority,45.0,45.0,0.0,0.0
53,equal_split_vickrey_faltings_fair,45.0,30.0,15.0,1.3322676295501878e-15
53,lp_demand_vickrey,45.0,28.636453636363623,16.363546363636377,-8.881784197001252e-16
53,lp_integrated_supply_demand,45.0,45.0,0.0,0.0
54,equal_split_first_best,30.0,30.0,0.0,0.0
54,equal_split_vickrey_majority,30.0,30.0,0.0,0.0
54,equal_split_vickrey_faltings_fair,30.0,30.0,0.0,0.0
54,lp_demand_vickrey,30.0,30.0,0.0,0.0
54,lp_integrated_supply_demand,30.0,30.0,0.0,0.0
55,equal_split_first_best,30.0,30.0,0.0,0.0
55,equal_split_vickrey_majority,30.0,30.0,0.0,0.0
55,equal_split_vickrey_faltings_fair,30.0,30.0,0.0,0.0
55,lp_demand_vickrey,30.0,30.0,0.0,0.0
55,lp_integrated_supply_demand,30.0,30.0,0.0,0.0
56,equal_split_first_best,30.0,30.0,0.0,0.0
56,equal_split_vickrey_majority,30.0,30.0,0.0,0.0
56,equal_split_vickrey_faltings_fair,30.0,30.0,0.0,0.0
56,lp_demand_vickrey,30.0,30.0,0.0,0.0
56,lp_integrated_supply_demand,30.0,30.0,0.0,0.0
57,equal_split_first_best,45.0,45.0,0.0,0.0
57,equal_split_vickrey_majority,45.0,45.0,0.0,0.0
57,equal_split_vickrey_faltings_fair,45.0,45.0,0.0,0.0
57,lp_demand_vickrey,45.0,45.0,0.0,0.0
57,lp_integrated_supply_demand,45.0,45.0,0.0,0.0
58,equal_split_first_best,45.0,45.0,0.0,0.0
58,equal_split_vickrey_majority,45.0,45.0,0.0,0.0
58,equal_split_vickrey_faltings_fair,45.0,45.0,0.0,0.0
58,lp_demand_vickrey,45.0,45.0,0.0,0.0
58,lp_integrated_supply_demand,45.0,45.0,0.0,0.0
59,equal_split_first_best,45.0,45.0,0.0,0.0
59,equal_split_vickrey_majority,45.0,45.0,0.0,0.0
59,equal_split_vickrey_faltings_fair,45.0,45.0,0.0,0.0
59,lp_demand_vickrey,45.0,45.0,0.0,0.0
59,lp_integrated_supply_demand,45.0,45.0,0.0,0.0
60,equal_split_first_best,60.0,60.0,0.0,0.0
60,equal_split_vickrey_majority,60.0,60.0,0.0,0.0
60,equal_split_vickrey_faltings_fair,60.0,60.0,0.0,0.0
60,lp_demand_vickrey,60.0,60.0,0.0,0.0
60,lp_integrated_supply_demand,60.0,60.0,0.0,0.0
61,equal_split_first_best,60.0,60.0,0.0,0.0
61,equal_split_vickrey_majority,60.0,60.0,0.0,0.0
61,equal_split_vickrey_faltings_fair,60.0,60.0,0.0,0.0
61,lp_demand_vickrey,60.0,60.0,0.0,0.0
61,lp_integrated_supply_demand,60.0,60.0,0.0,0.0
62,equal_split_first_best,60.0,60.0,0.0,0.0
62,equal_split_vickrey_majority,60.0,60.0,0.0,0.0
62,equal_split_vickrey_faltings_fair,60.0,60.0,0.0,0.0
62,lp_demand_vickrey,60.0,60.0,0.0,0.0
62,lp_integrated_supply_demand,60.0,60.0,0.0,0.0
63,equal_split_first_best,30.0,30.0,0.0,0.0
63,equal_split_vickrey_majority,30.0,30.0,0.0,0.0
63,equal_split_vickrey_faltings_fair,30.0,30.0,0.0,0.0
63,lp_demand_vickrey,30.0,30.0,0.0,0.0
63,lp_integrated_supply_demand,30.0,30.0,0.0,0.0
64,equal_split_first_best,30.0,30.0,0.0,0.0
64,equal_split_vickrey_majority,30.0,0.0,30.0,0.0
64,equal_split_vickrey_faltings_fair,30.0,20.0,10.0,-2.220446049250313e-16
64,lp_demand_vickrey,30.0,9.99998,20.00002,0.0
64,lp_integrated_supply_demand,30.0,30.0,0.0,0.0
65,equal_split_first_best,30.0,30.0,0.0,0.0
65,equal_split_vickrey_majority,30.0,0.0,30.0,0.0
65,equal_split_vickrey_faltings_fair,30.0,20.0,10.0,-2.220446049250313e-16
65,lp_demand_vickrey,30.0,9.99998,20.00002,0.0
65,lp_integrated_supply_demand,30.0,29.717041171828345,0.28295882817165463,0.0
66,equal_split_first_best,45.0,45.0,0.0,0.0
66,equal_split_vickrey_majority,45.0,45.0,0.0,0.0
66,equal_split_vickrey_faltings_fair,45.0,45.0,0.0,0.0
66,lp_demand_vickrey,45.0,45.0,0.0,0.0
66,lp_integrated_supply_demand,45.0,45.0,0.0,0.0
67,equal_split_first_best,45.0,45.0,0.0,0.0
67,equal_split_vickrey_majority,45.0,45.0,0.0,0.0
67,equal_split_vickrey_faltings_fair,45.0,45.0,0.0,0.0
67,lp_demand_vickrey,45.0,30.00003,14.999970000000001,0.0
67,lp_integrated_supply_demand,45.0,45.0,0.0,0.0
68,equal_split_first_best,45.0,45.0,0.0,0.0
68,equal_split_vickrey_majority,45.0,45.0,0.0,0.0
68,equal_split_vickrey_faltings_fair,45.0,45.0,0.0,0.0
68,lp_demand_vickrey,45.0,30.00003,14.999970000000001,0.0
68,lp_integrated_supply_demand,45.0,44.70149243731343,0.29850756268656653,0.0
69,equal_split_first_best,60.0,60.0,0.0,0.0
69,equal_split_vickrey_majority,60.0,60.0,0.0,0.0
69,equal_split_vickrey_faltings_fair,60.0,60.0,0.0,0.0
69,lp_demand_vickrey,60.0,60.0,0.0,0.0
69,lp_integrated_supply_demand,60.0,60.0,0.0,0.0
70,equal_split_first_best,60.0,60.0,0.0,0.0
70,equal_split_vickrey_majority,60.0,60.0,0.0,0.0
70,equal_split_vickrey_faltings_fair,60.0,60.0,0.0,0.0
70,lp_demand_vickrey,60.0,40.00004,19.99996,0.0
70,lp_integrated_supply_demand,60.0,60.0,0.0,0.0
71,equal_split_first_best,60.0,60.0,0.0,0.0
71,equal_split_vickrey_majority,60.0,60.0,0.0,0.0
71,equal_split_vickrey_faltings_fair,60.0,60.0,0.0,0.0
71,lp_demand_vickrey,60.0,40.00004,19.99996,0.0
71,lp_integrated_supply_demand,60.0,60.0,0.0,0.0
72,equal_split_first_best,30.0,30.0,0.0,0.0
72,equal_split_vickrey_majority,30.0,30.0,0.0,0.0
72,equal_split_vickrey_faltings_fair,30.0,30.0,0.0,0.0
72,lp_demand_vickrey,30.0,30.0,0.0,0.0
72,lp_integrated_supply_demand,30.0,30.0,0.0,0.0
73,equal_split_first_best,30.0,30.0,0.0,0.0
73,equal_split_vickrey_majority,30.0,0.0,30.0,0.0
73,equal_split_vickrey_faltings_fair,30.0,20.0,10.0,-2.220446049250313e-16
73,lp_demand_vickrey,30.0,9.99998,20.00002,0.0
73,lp_integrated_supply_demand,30.0,30.0,0.0,0.0
74,equal_split_first_best,30.0,30.0,0.0,0.0
74,equal_split_vickrey_majority,30.0,0.0,30.0,0.0
74,equal_split_vickrey_faltings_fair,30.0,20.0,10.0,-4.440892098500626e-16
74,lp_demand_vickrey,30.0,5.454515454545458,24.545484545454542,0.0
74,lp_integrated_supply_demand,30.0,29.701492437313433,0.29850756268656653,0.0
75,equal_split_first_best,45.0,45.0,0.0,0.0
75,equal_split_vickrey_majority,45.0,45.0,0.0,0.0
75,equal_split_vickrey_faltings_fair,45.0,45.0,0.0,0.0
75,lp_demand_vickrey,45.0,45.0,0.0,0.0
75,lp_integrated_supply_demand,45.0,45.0,0.0,0.0
76,equal_split_first_best,45.0,45.0,0.0,0.0
76,equal_split_vickrey_majority,45.0,45.0,0.0,0.0
76,equal_split_vickrey_faltings_fair,45.0,45.0,0.0,0.0
76,lp_demand_vickrey,45.0,30.00003,14.999970000000001,0.0
76,lp_integrated_supply_demand,45.0,45.0,0.0,0.0
77,equal_split_first_best,45.0,45.0,0.0,0.0
77,equal_split_vickrey_majority,45.0,45.0,0.0,0.0
77,equal_split_vickrey_faltings_fair,45.0,30.0,15.0,1.3322676295501878e-15
77,lp_demand_vickrey,45.0,28.636453636363623,16.363546363636377,-8.881784197001252e-16
77,lp_integrated_supply_demand,45.0,45.0,0.0,0.0
78,equal_split_first_best,60.0,60.0,0.0,0.0
78,equal_split_vickrey_majority,60.0,60.0,0.0,0.0
78,equal_split_vickrey_faltings_fair,60.0,60.0,0.0,0.0
78,lp_demand_vickrey,60.0,60.0,0.0,0.0
78,lp_integrated_supply_demand,60.0,60.0,0.0,0.0
79,equal_split_first_best,60.0,60.0,0.0,0.0
79,equal_split_vickrey_majority,60.0,60.0,0.0,0.0
79,equal_split_vickrey_faltings_fair,60.0,60.0,0.0,0.0
79,lp_demand_vickrey,60.0,40.00004,19.99996,0.0
79,lp_integrated_supply_demand,60.0,60.0,0.0,0.0
80,equal_split_first_best,60.0,60.0,0.0,0.0
80,equal_split_vickrey_majority,60.0,60.0,0.0,0.0
80,equal_split_vickrey_faltings_fair,60.0,60.0,0.0,0.0
80,lp_demand_vickrey,60.0,49.090969090909084,10.909030909090916,0.0
80,lp_integrated_supply_demand,60.0,60.0,0.0,0.0
81,equal_split_first_best,0.0,0.0,0.0,0.0
81,equal_split_vickrey_majority,0.0,0.0,0.0,0.0
81,equal_split_vickrey_faltings_fair,0.0,0.0,0.0,0.0
81,lp_demand_vickrey,0.0,0.0,0.0,0.0
81,lp_integrated_supply_demand,0.0,0.0,0.0,0.0
82,equal_split_first_best,0.0,0.0,0.0,0.0
82,equal_split_vickrey_majority,0.0,0.0,0.0,0.0
82,equal_split_vickrey_faltings_fair,0.0,0.0,0.0,0.0
82,lp_demand_vickrey,0.0,0.0,0.0,0.0
82,lp_integrated_supply_demand,0.0,0.0,0.0,0.0
83,equal_split_first_best,0.0,0.0,0.0,0.0
83,equal_split_vickrey_majority,0.0,0.0,0.0,0.0
83,equal_split_vickrey_faltings_fair,0.0,0.0,0.0,0.0
83,lp_demand_vickrey,0.0,0.0,0.0,0.0
83,lp_integrated_supply_demand,0.0,0.0,0.0,0.0
84,equal_split_first_best,15.0,15.0,0.0,0.0
84,equal_split_vickrey_majority,15.0,15.0,0.0,0.0
84,equal_split_vickrey_faltings_fair,15.0,15.0,0.0,0.0
84,lp_demand_vickrey,15.0,15.0,0.0,0.0
84,lp_integrated_supply_demand,15.0,15.0,0.0,0.0
85,equal_split_first_best,15.0,15.0,0.0,0.0
85,equal_split_vickrey_majority,15.0,0.0,15.0,0.0
85,equal_split_vickrey_faltings_fair,15.0,10.0,5.0,-2.220446049250313e-16
85,lp_demand_vickrey,15.0,4.99999,10.00001,0.0
85,lp_integrated_supply_demand,15.0,15.0,0.0,0.0
86,equal_split_first_best,15.0,15.0,0.0,0.0
86,equal_split_vickrey_majority,15.0,0.0,15.0,0.0
86,equal_split_vickrey_faltings_fair,15.0,10.0,5.0,-2.220446049250313e-16
86,lp_demand_vickrey,15.0,4.99999,10.00001,0.0
86,lp_integrated_supply_demand,15.0,14.701492437313433,0.29850756268656653,0.0
87,equal_split_first_best,30.0,30.0,0.0,0.0
87,equal_split_vickrey_majority,30.0,30.0,0.0,0.0
87,equal_split_vickrey_faltings_fair,30.0,30.0,0.0,0.0
87,lp_demand_vickrey,30.0,30.0,0.0,0.0
87,lp_integrated_supply_demand,30.0,30.0,0.0,0.0
88,equal_split_first_best,30.0,30.0,0.0,0.0
88,equal_split_vickrey_majority,30.0,0.0,30.0,0.0
88,equal_split_vickrey_faltings_fair,30.0,20.0,10.0,-2.220446049250313e-16
88,lp_demand_vickrey,30.0,9.99998,20.00002,0.0
88,lp_integrated_supply_demand,30.0,30.0,0.0,0.0
89,equal_split_first_best,30.0,30.0,0.0,0.0
89,equal_split_vickrey_majority,30.0,0.0,30.0,0.0
89,equal_split_vickrey_faltings_fair,30.0,20.0,10.0,-2.220446049250313e-16
89,lp_demand_vickrey,30.0,9.99998,20.00002,0.0
89,lp_integrated_supply_demand,30.0,30.0,0.0,0.0
90,equal_split_first_best,0.0,0.0,0.0,0.0
90,equal_split_vickrey_majority,0.0,0.0,0.0,0.0
90,equal_split_vickrey_faltings_fair,0.0,0.0,0.0,0.0
90,lp_demand_vickrey,0.0,0.0,0.0,0.0
90,lp_integrated_supply_demand,0.0,0.0,0.0,0.0
91,equal_split_first_best,0.0,0.0,0.0,0.0
91,equal_split_vickrey_majority,0.0,0.0,0.0,0.0
91,equal_split_vickrey_faltings_fair,0.0,0.0,0.0,0.0
91,lp_demand_vickrey,0.0,0.0,0.0,0.0
91,lp_integrated_supply_demand,0.0,0.0,0.0,0.0
92,equal_split_first_best,0.0,0.0,0.0,0.0
92,equal_split_vickrey_majority,0.0,0.0,0.0,0.0
92,equal_split_vickrey_faltings_fair,0.0,0.0,0.0,0.0
92,lp_demand_vickrey,0.0,0.0,0.0,0.0
92,lp_integrated_supply_demand,0.0,-0.2985075626865671,0.2985075626865671,0.0
93,equal_split_first_best,15.0,15.0,0.0,0.0
93,equal_split_vickrey_majority,15.0,0.0,15.0,0.0
93,equal_split_vickrey_faltings_fair,15.0,10.0,5.0,0.0
93,lp_demand_vickrey,15.0,4.99999,10.00001,0.0
93,lp_integrated_supply_demand,15.0,15.0,0.0,0.0
94,equal_split_first_best,0.0,0.0,0.0,0.0
94,equal_split_vickrey_majority,0.0,0.0,0.0,0.0
94,equal_split_vickrey_faltings_fair,0.0,0.0,0.0,-2.220446049250313e-16
94,lp_demand_vickrey,0.0,0.0,0.0,0.0
94,lp_integrated_supply_demand,0.0,0.0,0.0,0.0
95,equal_split_first_best,0.0,0.0,0.0,0.0
95,equal_split_vickrey_majority,0.0,0.0,0.0,0.0
95,equal_split_vickrey_faltings_fair,0.0,0.0,0.0,-2.220446049250313e-16
95,lp_demand_vickrey,0.0,0.0,0.0,0.0
95,lp_integrated_supply_demand,0.0,0.0,0.0,0.0
96,equal_split_first_best,30.0,30.0,0.0,0.0
96,equal_split_vickrey_majority,30.0,0.0,30.0,0.0
96,equal_split_vickrey_faltings_fair,30.0,20.0,10.0,0.0
96,lp_demand_vickrey,30.0,9.99998,20.00002,0.0
96,lp_integrated_supply_demand,30.0,30.0,0.0,0.0
97,equal_split_first_best,15.0,15.0,0.0,0.0
97,equal_split_vickrey_majority,15.0,0.0,15.0,0.0
97,equal_split_vickrey_faltings_fair,15.0,10.0,5.0,-2.220446049250313e-16
97,lp_demand_vickrey,15.0,4.99999,10.00001,0.0
97,lp_integrated_supply_demand,15.0,15.0,0.0,0.0
98,equal_split_first_best,15.0,15.0,0.0,0.0
98,equal_split_vickrey_majority,15.0,0.0,15.0,0.0
98,equal_split_vickrey_faltings_fair,15.0,10.0,5.0,-2.220446049250313e-16
98,lp_demand_vickrey,15.0,4.99999,10.00001,0.0
98,lp_integrated_supply_demand,15.0,14.999975700025468,2.4299974532127067e-05,0.0
99,equal_split_first_best,0.0,0.0,0.0,0.0
99,equal_split_vickrey_majority,0.0,0.0,0.0,0.0
99,equal_split_vickrey_faltings_fair,0.0,0.0,0.0,0.0
99,lp_demand_vickrey,0.0,0.0,0.0,0.0
99,lp_integrated_supply_demand,0.0,0.0,0.0,0.0
100,equal_split_first_best,0.0,0.0,0.0,0.0
100,equal_split_vickrey_majority,0.0,0.0,0.0,0.0
100,equal_split_vickrey_faltings_fair,0.0,0.0,0.0,0.0
100,lp_demand_vickrey,0.0,0.0,0.0,0.0
100,lp_integrated_supply_demand,0.0,-0.2985075626865671,0.2985075626865671,0.0
101,equal_split_first_best,0.0,0.0,0.0,0.0
101,equal_split_vickrey_majority,0.0,0.0,0.0,0.0
101,equal_split_vickrey_faltings_fair,0.0,0.0,0.0,0.0
101,lp_demand_vickrey,0.0,0.0,0.0,0.0
101,lp_integrated_supply_demand,0.0,-0.2985075626865671,0.2985075626865671,0.0
102,equal_split_first_best,15.0,15.0,0.0,0.0
102,equal_split_vickrey_majority,15.0,0.0,15.0,0.0
102,equal_split_vickrey_faltings_fair,15.0,10.0,5.0,0.0
102,lp_demand_vickrey,15.0,4.99999,10.00001,0.0
102,lp_integrated_supply_demand,15.0,14.850746218656713,0.14925378134328682,0.0
103,equal_split_first_best,0.0,0.0,0.0,0.0
103,equal_split_vickrey_majority,0.0,0.0,0.0,0.0
103,equal_split_vickrey_faltings_fair,0.0,0.0,0.0,-2.220446049250313e-16
103,lp_demand_vickrey,0.0,0.0,0.0,0.0
103,lp_integrated_supply_demand,0.0,0.0,0.0,0.0
104,equal_split_first_best,0.0,0.0,0.0,0.0
104,equal_split_vickrey_majority,0.0,0.0,0.0,0.0
104,equal_split_vickrey_faltings_fair,0.0,0.0,0.0,0.0
104,lp_demand_vickrey,0.0,0.0,0.0,0.0
104,lp_integrated_supply_demand,0.0,0.0,0.0,0.0
105,equal_split_first_best,30.0,30.0,0.0,0.0
105,equal_split_vickrey_majority,30.0,0.0,30.0,0.0
105,equal_split_vickrey_faltings_fair,30.0,20.0,10.0,0.0
105,lp_demand_vickrey,30.0,9.99998,20.00002,0.0
105,lp_integrated_supply_demand,30.0,29.72636639253732,0.2736336074626813,0.0
106,equal_split_first_best,15.0,15.0,0.0,0.0
106,equal_split_vickrey_majority,15.0,0.0,15.0,0.0
106,equal_split_vickrey_faltings_fair,15.0,10.0,5.0,-2.220446049250313e-16
106,lp_demand_vickrey,15.0,4.99999,10.00001,0.0
106,lp_integrated_supply_demand,15.0,15.0,0.0,0.0
107,equal_split_first_best,15.0,15.0,0.0,0.0
107,equal_split_vickrey_majority,15.0,0.0,15.0,0.0
107,equal_split_vickrey_faltings_fair,15.0,10.0,5.0,-4.440892098500626e-16
107,lp_demand_vickrey,15.0,2.727257727272729,12.272742272727271,0.0
107,lp_integrated_supply_demand,15.0,14.701492437313433,0.29850756268656653,0.0
108,equal_split_first_best,15.0,15.0,0.0,0.0
108,equal_split_vickrey_majority,15.0,15.0,0.0,0.0
108,equal_split_vickrey_faltings_fair,15.0,15.0,0.0,0.0
108,lp_demand_vickrey,15.0,15.0,0.0,0.0
108,lp_integrated_supply_demand,15.0,15.0,0.0,0.0
109,equal_split_first_best,15.0,15.0,0.0,0.0
109,equal_split_vickrey_majority,15.0,0.0,15.0,0.0
109,equal_split_vickrey_faltings_fair,15.0,10.0,5.0,0.0
109,lp_demand_vickrey,15.0,4.99999,10.00001,0.0
109,lp_integrated_supply_demand,15.0,15.0,0.0,0.0
110,equal_split_first_best,15.0,15.0,0.0,0.0
110,equal_split_vickrey_majority,15.0,0.0,15.0,0.0
110,equal_split_vickrey_faltings_fair,15.0,10.0,5.0,0.0
110,lp_demand_vickrey,15.0,4.99999,10.00001,0.0
110,lp_integrated_supply_demand,15.0,14.850746218656713,0.14925378134328682,0.0
111,equal_split_first_best,30.0,30.0,0.0,0.0
111,equal_split_vickrey_majority,30.0,30.0,0.0,0.0
111,equal_split_vickrey_faltings_fair,30.0,30.0,0.0,0.0
111,lp_demand_vickrey,30.0,30.0,0.0,0.0
111,lp_integrated_supply_demand,30.0,30.0,0.0,0.0
112,equal_split_first_best,30.0,30.0,0.0,0.0
112,equal_split_vickrey_majority,30.0,30.0,0.0,0.0
112,equal_split_vickrey_faltings_fair,30.0,30.0,0.0,0.0
112,lp_demand_vickrey,30.0,20.00002,9.99998,-1.1102230246251565e-16
112,lp_integrated_supply_demand,30.0,30.0,0.0,0.0
113,equal_split_first_best,30.0,30.0,0.0,0.0
113,equal_split_vickrey_majority,30.0,30.0,0.0,0.0
113,equal_split_vickrey_faltings_fair,30.0,30.0,0.0,0.0
113,lp_demand_vickrey,30.0,20.00002,9.99998,-1.1102230246251565e-16
113,lp_integrated_supply_demand,30.0,29.701492437313433,0.29850756268656653,0.0
114,equal_split_first_best,45.0,45.0,0.0,0.0
114,equal_split_vickrey_majority,45.0,45.0,0.0,0.0
114,equal_split_vickrey_faltings_fair,45.0,45.0,0.0,0.0
114,lp_demand_vickrey,45.0,45.0,0.0,0.0
114,lp_integrated_supply_demand,45.0,45.0,0.0,0.0
115,equal_split_first_best,45.0,45.0,0.0,0.0
115,equal_split_vickrey_majority,45.0,45.0,0.0,0.0
115,equal_split_vickrey_faltings_fair,45.0,45.0,0.0,0.0
115,lp_demand_vickrey,45.0,30.00003,14.999970000000001,-1.1102230246251565e-16
115,lp_integrated_supply_demand,45.0,45.0,0.0,0.0
116,equal_split_first_best,45.0,45.0,0.0,0.0
116,equal_split_vickrey_majority,45.0,45.0,0.0,0.0
116,equal_split_vickrey_faltings_fair,45.0,45.0,0.0,0.0
116,lp_demand_vickrey,45.0,30.00003,14.999970000000001,-1.1102230246251565e-16
116,lp_integrated_supply_demand,45.0,45.0,0.0,0.0
117,equal_split_first_best,15.0,15.0,0.0,0.0
117,equal_split_vickrey_majority,15.0,0.0,15.0,0.0
117,equal_split_vickrey_faltings_fair,15.0,10.0,5.0,-2.220446049250313e-16
117,lp_demand_vickrey,15.0,4.99999,10.00001,0.0
117,lp_integrated_supply_demand,15.0,15.0,0.0,0.0
118,equal_split_first_best,0.0,0.0,0.0,0.0
118,equal_split_vickrey_majority,0.0,0.0,0.0,0.0
118,equal_split_vickrey_faltings_fair,0.0,0.0,0.0,-2.220446049250313e-16
118,lp_demand_vickrey,0.0,0.0,0.0,0.0
118,lp_integrated_supply_demand,0.0,0.0,0.0,0.0
119,equal_split_first_best,0.0,0.0,0.0,0.0
119,equal_split_vickrey_majority,0.0,0.0,0.0,0.0
119,equal_split_vickrey_faltings_fair,0.0,0.0,0.0,-2.220446049250313e-16
119,lp_demand_vickrey,0.0,0.0,0.0,0.0
119,lp_integrated_supply_demand,0.0,0.0,0.0,0.0
120,equal_split_first_best,30.0,30.0,0.0,0.0
120,equal_split_vickrey_majority,30.0,30.0,0.0,0.0
120,equal_split_vickrey_faltings_fair,30.0,30.0,0.0,0.0
120,lp_demand_vickrey,30.0,20.00002,9.99998,-1.1102230246251565e-16
120,lp_integrated_supply_demand,30.0,30.0,0.0,0.0
121,equal_split_first_best,15.0,15.0,0.0,0.0
121,equal_split_vickrey_majority,15.0,15.0,0.0,0.0
121,equal_split_vickrey_faltings_fair,15.0,15.0,0.0,0.0
121,lp_demand_vickrey,15.0,10.00001,4.99999,0.0
121,lp_integrated_supply_demand,15.0,15.0,0.0,0.0
122,equal_split_first_best,15.0,15.0,0.0,0.0
122,equal_split_vickrey_majority,15.0,15.0,0.0,0.0
122,equal_split_vickrey_faltings_fair,15.0,15.0,0.0,0.0
122,lp_demand_vickrey,15.0,10.00001,4.99999,0.0
122,lp_integrated_supply_demand,15.0,15.0,0.0,0.0
123,equal_split_first_best,45.0,45.0,0.0,0.0
123,equal_split_vickrey_majority,45.0,45.0,0.0,0.0
123,equal_split_vickrey_faltings_fair,45.0,45.0,0.0,0.0
123,lp_demand_vickrey,45.0,30.00003,14.999970000000001,-1.1102230246251565e-16
123,lp_integrated_supply_demand,45.0,45.0,0.0,0.0
124,equal_split_first_best,30.0,30.0,0.0,0.0
124,equal_split_vickrey_majority,30.0,30.0,0.0,0.0
124,equal_split_vickrey_faltings_fair,30.0,30.0,0.0,0.0
124,lp_demand_vickrey,30.0,20.00002,9.99998,0.0
124,lp_integrated_supply_demand,30.0,30.0,0.0,0.0
125,equal_split_first_best,30.0,30.0,0.0,0.0
125,equal_split_vickrey_majority,30.0,30.0,0.0,0.0
125,equal_split_vickrey_faltings_fair,30.0,30.0,0.0,0.0
125,lp_demand_vickrey,30.0,20.00002,9.99998,0.0
125,lp_integrated_supply_demand,30.0,30.0,0.0,0.0
126,equal_split_first_best,15.0,15.0,0.0,0.0
126,equal_split_vickrey_majority,15.0,0.0,15.0,0.0
126,equal_split_vickrey_faltings_fair,15.0,10.0,5.0,-2.220446049250313e-16
126,lp_demand_vickrey,15.0,4.99999,10.00001,0.0
126,lp_integrated_supply_demand,15.0,14.701492437313433,0.29850756268656653,0.0
127,equal_split_first_best,0.0,0.0,0.0,0.0
127,equal_split_vickrey_majority,0.0,0.0,0.0,0.0
127,equal_split_vickrey_faltings_fair,0.0,0.0,0.0,-2.220446049250313e-16
127,lp_demand_vickrey,0.0,0.0,0.0,0.0
127,lp_integrated_supply_demand,0.0,0.0,0.0,0.0
128,equal_split_first_best,0.0,0.0,0.0,0.0
128,equal_split_vickrey_majority,0.0,0.0,0.0,0.0
128,equal_split_vickrey_faltings_fair,0.0,0.0,0.0,0.0
128,lp_demand_vickrey,0.0,0.0,0.0,0.0
128,lp_integrated_supply_demand,0.0,0.0,0.0,3.3306690738754696e-16
129,equal_split_first_best,30.0,30.0,0.0,0.0
129,equal_split_vickrey_majority,30.0,30.0,0.0,0.0
129,equal_split_vickrey_faltings_fair,30.0,30.0,0.0,0.0
129,lp_demand_vickrey,30.0,20.00002,9.99998,-1.1102230246251565e-16
129,lp_integrated_supply_demand,30.0,29.701492437313433,0.29850756268656653,0.0
130,equal_split_first_best,15.0,15.0,0.0,0.0
130,equal_split_vickrey_majority,15.0,15.0,0.0,0.0
130,equal_split_vickrey_faltings_fair,15.0,15.0,0.0,0.0
130,lp_demand_vickrey,15.0,10.00001,4.99999,0.0
130,lp_integrated_supply_demand,15.0,15.0,0.0,0.0
131,equal_split_first_best,15.0,15.0,0.0,0.0
131,equal_split_vickrey_majority,15.0,15.0,0.0,0.0
131,equal_split_vickrey_faltings_fair,15.0,5.0,10.0,0.0
131,lp_demand_vickrey,15.0,6.818226818181811,8.181773181818189,0.0
131,lp_integrated_supply_demand,15.0,14.701492437313433,0.29850756268656653,0.0
132,equal_split_first_best,45.0,45.0,0.0,0.0
132,equal_split_vickrey_majority,45.0,45.0,0.0,0.0
132,equal_split_vickrey_faltings_fair,45.0,45.0,0.0,0.0
132,lp_demand_vickrey,45.0,30.00003,14.999970000000001,-1.1102230246251565e-16
132,lp_integrated_supply_demand,45.0,44.70149243731343,0.29850756268656653,0.0
133,equal_split_first_best,30.0,30.0,0.0,0.0
133,equal_split_vickrey_majority,30.0,30.0,0.0,0.0
133,equal_split_vickrey_faltings_fair,30.0,30.0,0.0,0.0
133,lp_demand_vickrey,30.0,20.00002,9.99998,0.0
133,lp_integrated_supply_demand,30.0,30.0,0.0,0.0
134,equal_split_first_best,30.0,30.0,0.0,0.0
134,equal_split_vickrey_majority,30.0,30.0,0.0,0.0
134,equal_split_vickrey_faltings_fair,30.0,20.0,10.0,1.3322676295501878e-15
134,lp_demand_vickrey,30.0,19.090969090909084,10.909030909090916,-8.881784197001252e-16
134,lp_integrated_supply_demand,30.0,29.788561330596995,0.21143866940300526,0.0
135,equal_split_first_best,30.0,30.0,0.0,0.0
135,equal_split_vickrey_majority,30.0,30.0,0.0,0.0
135,equal_split_vickrey_faltings_fair,30.0,30.0,0.0,0.0
135,lp_demand_vickrey,30.0,30.0,0.0,0.0
135,lp_integrated_supply_demand,30.0,30.0,0.0,0.0
136,equal_split_first_best,30.0,30.0,0.0,0.0
136,equal_split_vickrey_majority,30.0,0.0,30.0,0.0
136,equal_split_vickrey_faltings_fair,30.0,20.0,10.0,0.0
136,lp_demand_vickrey,30.0,9.99998,20.00002,0.0
136,lp_integrated_supply_demand,30.0,30.0,0.0,0.0
137,equal_split_first_best,30.0,30.0,0.0,0.0
137,equal_split_vickrey_majority,30.0,0.0,30.0,0.0
137,equal_split_vickrey_faltings_fair,30.0,20.0,10.0,0.0
137,lp_demand_vickrey,30.0,9.99998,20.00002,0.0
137,lp_integrated_supply_demand,30.0,29.72636639253732,0.2736336074626813,0.0
138,equal_split_first_best,45.0,45.0,0.0,0.0
138,equal_split_vickrey_majority,45.0,45.0,0.0,0.0
138,equal_split_vickrey_faltings_fair,45.0,45.0,0.0,0.0
138,lp_demand_vickrey,45.0,45.0,0.0,0.0
138,lp_integrated_supply_demand,45.0,45.0,0.0,0.0
139,equal_split_first_best,45.0,45.0,0.0,0.0
139,equal_split_vickrey_majority,45.0,45.0,0.0,0.0
139,equal_split_vickrey_faltings_fair,45.0,45.0,0.0,0.0
139,lp_demand_vickrey,45.0,30.00003,14.999970000000001,-1.1102230246251565e-16
139,lp_integrated_supply_demand,45.0,45.0,0.0,0.0
140,equal_split_first_best,45.0,45.0,0.0,0.0
140,equal_split_vickrey_majority,45.0,45.0,0.0,0.0
140,equal_split_vickrey_faltings_fair,45.0,45.0,0.0,0.0
140,lp_demand_vickrey,45.0,30.00003,14.999970000000001,-1.1102230246251565e-16
140,lp_integrated_supply_demand,45.0,44.70149243731343,0.29850756268656653,0.0
141,equal_split_first_best,60.0,60.0,0.0,0.0
141,equal_split_vickrey_majority,60.0,60.0,0.0,0.0
141,equal_split_vickrey_faltings_fair,60.0,60.0,0.0,0.0
141,lp_demand_vickrey,60.0,60.0,0.0,0.0
141,lp_integrated_supply_demand,60.0,60.0,0.0,0.0
142,equal_split_first_best,60.0,60.0,0.0,0.0
142,equal_split_vickrey_majority,60.0,60.0,0.0,0.0
142,equal_split_vickrey_faltings_fair,60.0,60.0,0.0,0.0
142,lp_demand_vickrey,60.0,40.00004,19.99996,-1.1102230246251565e-16
142,lp_integrated_supply_demand,60.0,60.0,0.0,0.0
143,equal_split_first_best,60.0,60.0,0.0,0.0
143,equal_split_vickrey_majority,60.0,60.0,0.0,0.0
143,equal_split_vickrey_faltings_fair,60.0,60.0,0.0,0.0
143,lp_demand_vickrey,60.0,40.00004,19.99996,-1.1102230246251565e-16
143,lp_integrated_supply_demand,60.0,60.0,0.0,0.0
144,equal_split_first_best,30.0,30.0,0.0,0.0
144,equal_split_vickrey_majority,30.0,0.0,30.0,0.0
144,equal_split_vickrey_faltings_fair,30.0,20.0,10.0,-2.220446049250313e-16
144,lp_demand_vickrey,30.0,9.99998,20.00002,0.0
144,lp_integrated_supply_demand,30.0,30.0,0.0,0.0
145,equal_split_first_best,15.0,15.0,0.0,0.0
145,equal_split_vickrey_majority,15.0,0.0,15.0,0.0
145,equal_split_vickrey_faltings_fair,15.0,10.0,5.0,-2.220446049250313e-16
145,lp_demand_vickrey,15.0,4.99999,10.00001,0.0
145,lp_integrated_supply_demand,15.0,15.0,0.0,0.0
146,equal_split_first_best,15.0,15.0,0.0,0.0
146,equal_split_vickrey_majority,15.0,0.0,15.0,0.0
146,equal_split_vickrey_faltings_fair,15.0,10.0,5.0,-2.220446049250313e-16
146,lp_demand_vickrey,15.0,4.99999,10.00001,0.0
146,lp_integrated_supply_demand,15.0,15.0,0.0,0.0
147,equal_split_first_best,45.0,45.0,0.0,0.0
147,equal_split_vickrey_majority,45.0,45.0,0.0,0.0
147,equal_split_vickrey_faltings_fair,45.0,45.0,0.0,0.0
147,lp_demand_vickrey,45.0,30.00003,14.999970000000001,-1.1102230246251565e-16
147,lp_integrated_supply_demand,45.0,45.0,0.0,0.0
148,equal_split_first_best,30.0,30.0,0.0,0.0
148,equal_split_vickrey_majority,30.0,30.0,0.0,0.0
148,equal_split_vickrey_faltings_fair,30.0,30.0,0.0,0.0
148,lp_demand_vickrey,30.0,20.00002,9.99998,0.0
148,lp_integrated_supply_demand,30.0,30.0,0.0,0.0
149,equal_split_first_best,30.0,30.0,0.0,0.0
149,equal_split_vickrey_majority,30.0,30.0,0.0,0.0
149,equal_split_vickrey_faltings_fair,30.0,30.0,0.0,0.0
149,lp_demand_vickrey,30.0,20.00002,9.99998,0.0
149,lp_integrated_supply_demand,30.0,30.0,0.0,0.0
150,equal_split_first_best,60.0,60.0,0.0,0.0
150,equal_split_vickrey_majority,60.0,60.0,0.0,0.0
150,equal_split_vickrey_faltings_fair,60.0,60.0,0.0,0.0
150,lp_demand_vickrey,60.0,40.00004,19.99996,-1.1102230246251565e-16
150,lp_integrated_supply_demand,60.0,60.0,0.0,0.0
151,equal_split_first_best,45.0,45.0,0.0,0.0
151,equal_split_vickrey_majority,45.0,45.0,0.0,0.0
151,equal_split_vickrey_faltings_fair,45.0,45.0,0.0,0.0
151,lp_demand_vickrey,45.0,30.00003,14.999970000000001,0.0
151,lp_integrated_supply_demand,45.0,45.0,0.0,0.0
152,equal_split_first_best,45.0,45.0,0.0,0.0
152,equal_split_vickrey_majority,45.0,45.0,0.0,0.0
152,equal_split_vickrey_faltings_fair,45.0,45.0,0.0,0.0
152,lp_demand_vickrey,45.0,30.00003,14.999970000000001,0.0
152,lp_integrated_supply_demand,45.0,45.0,0.0,0.0
153,equal_split_first_best,30.0,30.0,0.0,0.0
153,equal_split_vickrey_majority,30.0,0.0,30.0,0.0
153,equal_split_vickrey_faltings_fair,30.0,20.0,10.0,-2.220446049250313e-16
153,lp_demand_vickrey,30.0,9.99998,20.00002,0.0
153,lp_integrated_supply_demand,30.0,30.0,0.0,0.0
154,equal_split_first_best,15.0,15.0,0.0,0.0
154,equal_split_vickrey_majority,15.0,0.0,15.0,0.0
154,equal_split_vickrey_faltings_fair,15.0,10.0,5.0,-2.220446049250313e-16
154,lp_demand_vickrey,15.0,4.99999,10.00001,0.0
154,lp_integrated_supply_demand,15.0,14.999975700025468,2.4299974532127067e-05,0.0
155,equal_split_first_best,15.0,15.0,0.0,0.0
155,equal_split_vickrey_majority,15.0,0.0,15.0,0.0
155,equal_split_vickrey_faltings_fair,15.0,10.0,5.0,-4.440892098500626e-16
155,lp_demand_vickrey,15.0,2.727257727272729,12.272742272727271,0.0
155,lp_integrated_supply_demand,15.0,14.701492437313433,0.29850756268656653,0.0
156,equal_split_first_best,45.0,45.0,0.0,0.0
156,equal_split_vickrey_majority,45.0,45.0,0.0,0.0
156,equal_split_vickrey_faltings_fair,45.0,45.0,0.0,0.0
156,lp_demand_vickrey,45.0,30.00003,14.999970000000001,-1.1102230246251565e-16
156,lp_integrated_supply_demand,45.0,45.0,0.0,0.0
157,equal_split_first_best,30.0,30.0,0.0,0.0
157,equal_split_vickrey_majority,30.0,30.0,0.0,0.0
157,equal_split_vickrey_faltings_fair,30.0,30.0,0.0,0.0
157,lp_demand_vickrey,30.0,20.00002,9.99998,0.0
157,lp_integrated_supply_demand,30.0,30.0,0.0,0.0
158,equal_split_first_best,30.0,30.0,0.0,0.0
158,equal_split_vickrey_majority,30.0,30.0,0.0,0.0
158,equal_split_vickrey_faltings_fair,30.0,20.0,10.0,1.3322676295501878e-15
158,lp_demand_vickrey,30.0,19.090969090909084,10.909030909090916,-8.881784197001252e-16
158,lp_integrated_supply_demand,30.0,29.788561330596995,0.21143866940300526,0.0
159,equal_split_first_best,60.0,60.0,0.0,0.0
159,equal_split_vickrey_majority,60.0,60.0,0.0,0.0
159,equal_split_vickrey_faltings_fair,60.0,60.0,0.0,0.0
159,lp_demand_vickrey,60.0,40.00004,19.99996,-1.1102230246251565e-16
159,lp_integrated_supply_demand,60.0,60.0,0.0,0.0
160,equal_split_first_best,45.0,45.0,0.0,0.0
160,equal_split_vickrey_majority,45.0,45.0,0.0,0.0
160,equal_split_vickrey_faltings_fair,45.0,45.0,0.0,0.0
160,lp_demand_vickrey,45.0,30.00003,14.999970000000001,0.0
160,lp_integrated_supply_demand,45.0,45.0,0.0,0.0
161,equal_split_first_best,45.0,45.0,0.0,0.0
161,equal_split_vickrey_majority,45.0,45.0,0.0,0.0
161,equal_split_vickrey_faltings_fair,45.0,45.0,0.0,0.0
161,lp_demand_vickrey,45.0,36.81822681818181,8.181773181818187,0.0
161,lp_integrated_supply_demand,45.0,45.0,0.0,0.0
162,equal_split_first_best,0.0,0.0,0.0,0.0
162,equal_split_vickrey_majority,0.0,0.0,0.0,0.0
162,equal_split_vickrey_faltings_fair,0.0,0.0,0.0,0.0
162,lp_demand_vickrey,0.0,0.0,0.0,0.0
162,lp_integrated_supply_demand,0.0,0.0,0.0,0.0
163,equal_split_first_best,0.0,0.0,0.0,0.0
163,equal_split_vickrey_majority,0.0,0.0,0.0,0.0
163,equal_split_vickrey_faltings_fair,0.0,0.0,0.0,0.0
163,lp_demand_vickrey,0.0,0.0,0.0,0.0
163,lp_integrated_supply_demand,0.0,0.0,0.0,0.0
164,equal_split_first_best,0.0,0.0,0.0,0.0
164,equal_split_vickrey_majority,0.0,0.0,0.0,0.0
164,equal_split_vickrey_faltings_fair,0.0,0.0,0.0,0.0
164,lp_demand_vickrey,0.0,0.0,0.0,0.0
164,lp_integrated_supply_demand,0.0,0.0,0.0,0.0
165,equal_split_first_best,15.0,15.0,0.0,0.0
165,equal_split_vickrey_majority,15.0,15.0,0.0,0.0
165,equal_split_vickrey_faltings_fair,15.0,15.0,0.0,0.0
165,lp_demand_vickrey,15.0,15.0,0.0,0.0
165,lp_integrated_supply_demand,15.0,15.0,0.0,0.0
166,equal_split_first_best,15.0,15.0,0.0,0.0
166,equal_split_vickrey_majority,15.0,0.0,15.0,0.0
166,equal_split_vickrey_faltings_fair,15.0,10.0,5.0,-2.220446049250313e-16
166,lp_demand_vickrey,15.0,4.99999,10.00001,0.0
166,lp_integrated_supply_demand,15.0,14.71704117182835,0.2829588281716493,0.0
167,equal_split_first_best,15.0,15.0,0.0,0.0
167,equal_split_vickrey_majority,15.0,0.0,15.0,0.0
167,equal_split_vickrey_faltings_fair,15.0,0.0,15.0,0.0
167,lp_demand_vickrey,15.0,0.0,15.0,0.0
167,lp_integrated_supply_demand,15.0,14.78544957369402,0.21455042630597987,0.0
168,equal_split_first_best,30.0,30.0,0.0,0.0
168,equal_split_vickrey_majority,30.0,30.0,0.0,0.0
168,equal_split_vickrey_faltings_fair,30.0,30.0,0.0,0.0
168,lp_demand_vickrey,30.0,30.0,0.0,0.0
168,lp_integrated_supply_demand,30.0,30.0,0.0,0.0
169,equal_split_first_best,30.0,30.0,0.0,0.0
169,equal_split_vickrey_majority,30.0,0.0,30.0,0.0
169,equal_split_vickrey_faltings_fair,30.0,20.0,10.0,-2.220446049250313e-16
169,lp_demand_vickrey,30.0,9.99998,20.00002,0.0
169,lp_integrated_supply_demand,30.0,29.717041171828345,0.28295882817165463,0.0
170,equal_split_first_best,30.0,30.0,0.0,0.0
170,equal_split_vickrey_majority,30.0,0.0,30.0,0.0
170,equal_split_vickrey_faltings_fair,30.0,20.0,10.0,-4.440892098500626e-16
170,lp_demand_vickrey,30.0,5.454515454545458,24.545484545454542,0.0
170,lp_integrated_supply_demand,30.0,29.701492437313433,0.29850756268656653,0.0
171,equal_split_first_best,0.0,0.0,0.0,0.0
171,equal_split_vickrey_majority,0.0,0.0,0.0,0.0
171,equal_split_vickrey_faltings_fair,0.0,0.0,0.0,0.0
171,lp_demand_vickrey,0.0,0.0,0.0,0.0
171,lp_integrated_supply_demand,0.0,0.0,0.0,0.0
172,equal_split_first_best,0.0,0.0,0.0,0.0
172,equal_split_vickrey_majority,0.0,0.0,0.0,0.0
172,equal_split_vickrey_faltings_fair,0.0,0.0,0.0,0.0
172,lp_demand_vickrey,0.0,0.0,0.0,0.0
172,lp_integrated_supply_demand,0.0,-0.2985075626865671,0.2985075626865671,0.0
173,equal_split_first_best,0.0,0.0,0.0,0.0
173,equal_split_vickrey_majority,0.0,0.0,0.0,0.0
173,equal_split_vickrey_faltings_fair,0.0,0.0,0.0,0.0
173,lp_demand_vickrey,0.0,0.0,0.0,0.0
173,lp_integrated_supply_demand,0.0,-0.2985075626865671,0.2985075626865671,0.0
174,equal_split_first_best,15.0,15.0,0.0,0.0
174,equal_split_vickrey_majority,15.0,0.0,15.0,0.0
174,equal_split_vickrey_faltings_fair,15.0,10.0,5.0,0.0
174,lp_demand_vickrey,15.0,4.99999,10.00001,0.0
174,lp_integrated_supply_demand,15.0,14.850746218656713,0.14925378134328682,0.0
175,equal_split_first_best,0.0,0.0,0.0,0.0
175,equal_split_vickrey_majority,0.0,0.0,0.0,0.0
175,equal_split_vickrey_faltings_fair,0.0,0.0,0.0,-2.220446049250313e-16
175,lp_demand_vickrey,0.0,0.0,0.0,0.0
175,lp_integrated_supply_demand,0.0,0.0,0.0,0.0
176,equal_split_first_best,0.0,0.0,0.0,0.0
176,equal_split_vickrey_majority,0.0,0.0,0.0,0.0
176,equal_split_vickrey_faltings_fair,0.0,0.0,0.0,0.0
176,lp_demand_vickrey,0.0,0.0,0.0,0.0
176,lp_integrated_supply_demand,0.0,0.0,0.0,0.0
177,equal_split_first_best,30.0,30.0,0.0,0.0
177,equal_split_vickrey_majority,30.0,0.0,30.0,0.0
177,equal_split_vickrey_faltings_fair,30.0,20.0,10.0,0.0
177,lp_demand_vickrey,30.0,9.99998,20.00002,0.0
177,lp_integrated_supply_demand,30.0,29.72636639253732,0.2736336074626813,0.0
178,equal_split_first_best,15.0,15.0,0.0,0.0
178,equal_split_vickrey_majority,15.0,0.0,15.0,0.0
178,equal_split_vickrey_faltings_fair,15.0,10.0,5.0,-2.220446049250313e-16
178,lp_demand_vickrey,15.0,4.99999,10.00001,0.0
178,lp_integrated_supply_demand,15.0,15.0,0.0,0.0
179,equal_split_first_best,15.0,15.0,0.0,0.0
179,equal_split_vickrey_majority,15.0,0.0,15.0,0.0
179,equal_split_vickrey_faltings_fair,15.0,10.0,5.0,-4.440892098500626e-16
179,lp_demand_vickrey,15.0,2.727257727272729,12.272742272727271,0.0
179,lp_integrated_supply_demand,15.0,14.701492437313433,0.29850756268656653,0.0
180,equal_split_first_best,0.0,0.0,0.0,0.0
180,equal_split_vickrey_majority,0.0,0.0,0.0,0.0
180,equal_split_vickrey_faltings_fair,0.0,0.0,0.0,0.0
180,lp_demand_vickrey,0.0,0.0,0.0,0.0
180,lp_integrated_supply_demand,0.0,0.0,0.0,0.0
181,equal_split_first_best,0.0,0.0,0.0,0.0
181,equal_split_vickrey_majority,0.0,0.0,0.0,0.0
181,equal_split_vickrey_faltings_fair,0.0,0.0,0.0,0.0
181,lp_demand_vickrey,0.0,0.0,0.0,0.0
181,lp_integrated_supply_demand,0.0,-0.2985075626865671,0.2985075626865671,0.0
182,equal_split_first_best,0.0,0.0,0.0,0.0
182,equal_split_vickrey_majority,0.0,0.0,0.0,0.0
182,equal_split_vickrey_faltings_fair,0.0,0.0,0.0,0.0
182,lp_demand_vickrey,0.0,0.0,0.0,0.0
182,lp_integrated_supply_demand,0.0,0.0,0.0,0.0
183,equal_split_first_best,15.0,15.0,0.0,0.0
183,equal_split_vickrey_majority,15.0,0.0,15.0,0.0
183,equal_split_vickrey_faltings_fair,15.0,0.0,15.0,0.0
183,lp_demand_vickrey,15.0,0.0,15.0,0.0
183,lp_integrated_supply_demand,15.0,14.850746218656715,0.14925378134328504,0.0
184,equal_split_first_best,0.0,0.0,0.0,0.0
184,equal_split_vickrey_majority,0.0,0.0,0.0,0.0
184,equal_split_vickrey_faltings_fair,0.0,0.0,0.0,0.0
184,lp_demand_vickrey,0.0,0.0,0.0,0.0
184,lp_integrated_supply_demand,0.0,0.0,0.0,0.0
185,equal_split_first_best,0.0,0.0,0.0,0.0
185,equal_split_vickrey_majority,0.0,0.0,0.0,0.0
185,equal_split_vickrey_faltings_fair,0.0,0.0,0.0,0.0
185,lp_demand_vickrey,0.0,0.0,0.0,0.0
185,lp_integrated_supply_demand,0.0,-0.2985075626865671,0.2985075626865671,0.0
186,equal_split_first_best,30.0,30.0,0.0,0.0
186,equal_split_vickrey_majority,30.0,0.0,30.0,0.0
186,equal_split_vickrey_faltings_fair,30.0,20.0,10.0,0.0
186,lp_demand_vickrey,30.0,5.454515454545458,24.545484545454542,0.0
186,lp_integrated_supply_demand,30.0,29.701492437313433,0.29850756268656653,0.0
187,equal_split_first_best,15.0,15.0,0.0,0.0
187,equal_split_vickrey_majority,15.0,0.0,15.0,0.0
187,equal_split_vickrey_faltings_fair,15.0,10.0,5.0,0.0
187,lp_demand_vickrey,15.0,2.727257727272729,12.272742272727271,0.0
187,lp_integrated_supply_demand,15.0,14.850746218656719,0.1492537813432815,0.0
188,equal_split_first_best,0.0,0.0,0.0,0.0
188,equal_split_vickrey_majority,0.0,0.0,0.0,0.0
188,equal_split_vickrey_faltings_fair,0.0,0.0,0.0,-4.440892098500626e-16
188,lp_demand_vickrey,0.0,0.0,0.0,0.0
188,lp_integrated_supply_demand,0.0,0.0,0.0,0.0
189,equal_split_first_best,15.0,15.0,0.0,0.0
189,equal_split_vickrey_majority,15.0,15.0,0.0,0.0
189,equal_split_vickrey_faltings_fair,15.0,15.0,0.0,0.0
189,lp_demand_vickrey,15.0,15.0,0.0,0.0
189,lp_integrated_supply_demand,15.0,15.0,0.0,0.0
190,equal_split_first_best,15.0,15.0,0.0,0.0
190,equal_split_vickrey_majority,15.0,0.0,15.0,0.0
190,equal_split_vickrey_faltings_fair,15.0,10.0,5.0,0.0
190,lp_demand_vickrey,15.0,4.99999,10.00001,0.0
190,lp_integrated_supply_demand,15.0,14.850746218656713,0.14925378134328682,0.0
191,equal_split_first_best,15.0,15.0,0.0,0.0
191,equal_split_vickrey_majority,15.0,0.0,15.0,0.0
191,equal_split_vickrey_faltings_fair,15.0,0.0,15.0,0.0
191,lp_demand_vickrey,15.0,0.0,15.0,0.0
191,lp_integrated_supply_demand,15.0,14.850746218656715,0.14925378134328504,0.0
192,equal_split_first_best,30.0,30.0,0.0,0.0
192,equal_split_vickrey_majority,30.0,30.0,0.0,0.0
192,equal_split_vickrey_faltings_fair,30.0,30.0,0.0,0.0
192,lp_demand_vickrey,30.0,30.0,0.0,0.0
192,lp_integrated_supply_demand,30.0,30.0,0.0,0.0
193,equal_split_first_best,30.0,30.0,0.0,0.0
193,equal_split_vickrey_majority,30.0,30.0,0.0,0.0
193,equal_split_vickrey_faltings_fair,30.0,30.0,0.0,0.0
193,lp_demand_vickrey,30.0,20.00002,9.99998,-1.1102230246251565e-16
193,lp_integrated_supply_demand,30.0,29.779232759888053,0.2207672401119467,0.0
194,equal_split_first_best,30.0,30.0,0.0,0.0
194,equal_split_vickrey_majority,30.0,30.0,0.0,0.0
194,equal_split_vickrey_faltings_fair,30.0,10.0,20.0,4.440892098500626e-16
194,lp_demand_vickrey,30.0,13.636453636363623,16.363546363636377,0.0
194,lp_integrated_supply_demand,30.0,29.701499137313412,0.2985008626865877,0.0
195,equal_split_first_best,45.0,45.0,0.0,0.0
195,equal_split_vickrey_majority,45.0,45.0,0.0,0.0
195,equal_split_vickrey_faltings_fair,45.0,45.0,0.0,0.0
195,lp_demand_vickrey,45.0,45.0,0.0,0.0
195,lp_integrated_supply_demand,45.0,45.0,0.0,0.0
196,equal_split_first_best,45.0,45.0,0.0,0.0
196,equal_split_vickrey_majority,45.0,45.0,0.0,0.0
196,equal_split_vickrey_faltings_fair,45.0,45.0,0.0,0.0
196,lp_demand_vickrey,45.0,30.00003,14.999970000000001,-1.1102230246251565e-16
196,lp_integrated_supply_demand,45.0,44.92226637742535,0.07773362257464811,0.0
197,equal_split_first_best,45.0,45.0,0.0,0.0
197,equal_split_vickrey_majority,45.0,45.0,0.0,0.0
197,equal_split_vickrey_faltings_fair,45.0,30.0,15.0,0.0
197,lp_demand_vickrey,45.0,28.636453636363623,16.363546363636377,-8.881784197001252e-16
197,lp_integrated_supply_demand,45.0,44.96268906716417,0.03731093283582965,0.0
198,equal_split_first_best,15.0,15.0,0.0,0.0
198,equal_split_vickrey_majority,15.0,0.0,15.0,0.0
198,equal_split_vickrey_faltings_fair,15.0,10.0,5.0,-2.220446049250313e-16
198,lp_demand_vickrey,15.0,4.99999,10.00001,0.0
198,lp_integrated_supply_demand,15.0,14.71704117182835,0.2829588281716493,0.0
199,equal_split_first_best,0.0,0.0,0.0,0.0
199,equal_split_vickrey_majority,0.0,0.0,0.0,0.0
199,equal_split_vickrey_faltings_fair,0.0,0.0,0.0,0.0
199,lp_demand_vickrey,0.0,0.0,0.0,0.0
199,lp_integrated_supply_demand,0.0,0.0,0.0,0.0
200,equal_split_first_best,0.0,0.0,0.0,0.0
200,equal_split_vickrey_majority,0.0,0.0,0.0,0.0
200,equal_split_vickrey_faltings_fair,0.0,0.0,0.0,0.0
200,lp_demand_vickrey,0.0,0.0,0.0,0.0
200,lp_integrated_supply_demand,0.0,0.0,0.0,0.0
201,equal_split_first_best,30.0,30.0,0.0,0.0
201,equal_split_vickrey_majority,30.0,30.0,0.0,0.0
201,equal_split_vickrey_faltings_fair,30.0,30.0,0.0,0.0
201,lp_demand_vickrey,30.0,20.00002,9.99998,-1.1102230246251565e-16
201,lp_integrated_supply_demand,30.0,29.779232759888053,0.2207672401119467,0.0
202,equal_split_first_best,15.0,15.0,0.0,0.0
202,equal_split_vickrey_majority,15.0,15.0,0.0,0.0
202,equal_split_vickrey_faltings_fair,15.0,15.0,0.0,0.0
202,lp_demand_vickrey,15.0,10.00001,4.99999,-1.1102230246251565e-16
202,lp_integrated_supply_demand,15.0,15.0,0.0,0.0
203,equal_split_first_best,15.0,15.0,0.0,0.0
203,equal_split_vickrey_majority,15.0,15.0,0.0,0.0
203,equal_split_vickrey_faltings_fair,15.0,5.0,10.0,4.440892098500626e-16
203,lp_demand_vickrey,15.0,6.818226818181811,8.181773181818189,0.0
203,lp_integrated_supply_demand,15.0,14.714970017226355,0.28502998277364533,0.0
204,equal_split_first_best,45.0,45.0,0.0,0.0
204,equal_split_vickrey_majority,45.0,45.0,0.0,0.0
204,equal_split_vickrey_faltings_fair,45.0,45.0,0.0,0.0
204,lp_demand_vickrey,45.0,30.00003,14.999970000000001,-1.1102230246251565e-16
204,lp_integrated_supply_demand,45.0,44.73258990634328,0.2674100936567214,0.0
205,equal_split_first_best,30.0,30.0,0.0,0.0
205,equal_split_vickrey_majority,30.0,30.0,0.0,0.0
205,equal_split_vickrey_faltings_fair,30.0,30.0,0.0,0.0
205,lp_demand_vickrey,30.0,20.00002,9.99998,-1.1102230246251565e-16
205,lp_integrated_supply_demand,30.0,30.0,0.0,0.0
206,equal_split_first_best,30.0,30.0,0.0,0.0
206,equal_split_vickrey_majority,30.0,30.0,0.0,0.0
206,equal_split_vickrey_faltings_fair,30.0,20.0,10.0,0.0
206,lp_demand_vickrey,30.0,19.090969090909084,10.909030909090916,-8.881784197001252e-16
206,lp_integrated_supply_demand,30.0,29.701492437313433,0.29850756268656653,0.0
207,equal_split_first_best,15.0,15.0,0.0,0.0
207,equal_split_vickrey_majority,15.0,0.0,15.0,0.0
207,equal_split_vickrey_faltings_fair,15.0,0.0,15.0,0.0
207,lp_demand_vickrey,15.0,0.0,15.0,0.0
207,lp_integrated_supply_demand,15.0,14.78544957369402,0.21455042630597987,0.0
208,equal_split_first_best,0.0,0.0,0.0,0.0
208,equal_split_vickrey_majority,0.0,0.0,0.0,0.0
208,equal_split_vickrey_faltings_fair,0.0,0.0,0.0,0.0
208,lp_demand_vickrey,0.0,0.0,0.0,0.0
208,lp_integrated_supply_demand,0.0,0.0,0.0,-5.551115123125783e-16
209,equal_split_first_best,0.0,0.0,0.0,0.0
209,equal_split_vickrey_majority,0.0,0.0,0.0,0.0
209,equal_split_vickrey_faltings_fair,0.0,0.0,0.0,0.0
209,lp_demand_vickrey,0.0,0.0,0.0,0.0
209,lp_integrated_supply_demand,0.0,-0.2985075626865671,0.2985075626865671,0.0
210,equal_split_first_best,30.0,30.0,0.0,0.0
210,equal_split_vickrey_majority,30.0,30.0,0.0,0.0
210,equal_split_vickrey_faltings_fair,30.0,10.0,20.0,4.440892098500626e-16
210,lp_demand_vickrey,30.0,13.636453636363623,16.363546363636377,0.0
210,lp_integrated_supply_demand,30.0,29.701499137313412,0.2985008626865877,0.0
211,equal_split_first_best,15.0,15.0,0.0,0.0
211,equal_split_vickrey_majority,15.0,15.0,0.0,0.0
211,equal_split_vickrey_faltings_fair,15.0,5.0,10.0,4.440892098500626e-16
211,lp_demand_vickrey,15.0,6.818226818181811,8.181773181818189,0.0
211,lp_integrated_supply_demand,15.0,14.714970017226355,0.28502998277364533,0.0
212,equal_split_first_best,0.0,0.0,0.0,0.0
212,equal_split_vickrey_majority,0.0,0.0,0.0,0.0
212,equal_split_vickrey_faltings_fair,0.0,0.0,0.0,0.0
212,lp_demand_vickrey,0.0,0.0,0.0,0.0
212,lp_integrated_supply_demand,0.0,0.0,0.0,0.0
213,equal_split_first_best,45.0,45.0,0.0,0.0
213,equal_split_vickrey_majority,45.0,45.0,0.0,0.0
213,equal_split_vickrey_faltings_fair,45.0,30.0,15.0,1.3322676295501878e-15
213,lp_demand_vickrey,45.0,28.636453636363623,16.363546363636377,0.0
213,lp_integrated_supply_demand,45.0,44.70149243731343,0.29850756268656653,-8.881784197001252e-16
214,equal_split_first_best,30.0,30.0,0.0,0.0
214,equal_split_vickrey_majority,30.0,30.0,0.0,0.0
214,equal_split_vickrey_faltings_fair,30.0,20.0,10.0,1.3322676295501878e-15
214,lp_demand_vickrey,30.0,19.090969090909084,10.909030909090916,0.0
214,lp_integrated_supply_demand,30.0,29.701492437313433,0.29850756268656653,0.0
215,equal_split_first_best,15.0,15.0,0.0,0.0
215,equal_split_vickrey_majority,15.0,15.0,0.0,0.0
215,equal_split_vickrey_faltings_fair,15.0,10.0,5.0,1.3322676295501878e-15
215,lp_demand_vickrey,15.0,9.545484545454542,5.454515454545458,-8.881784197001252e-16
215,lp_integrated_supply_demand,15.0,14.701492437313433,0.29850756268656653,0.0
216,equal_split_first_best,30.0,30.0,0.0,0.0
216,equal_split_vickrey_majority,30.0,30.0,0.0,0.0
216,equal_split_vickrey_faltings_fair,30.0,30.0,0.0,0.0
216,lp_demand_vickrey,30.0,30.0,0.0,0.0
216,lp_integrated_supply_demand,30.0,30.0,0.0,0.0
217,equal_split_first_best,30.0,30.0,0.0,0.0
217,equal_split_vickrey_majority,30.0,0.0,30.0,0.0
217,equal_split_vickrey_faltings_fair,30.0,20.0,10.0,0.0
217,lp_demand_vickrey,30.0,9.99998,20.00002,0.0
217,lp_integrated_supply_demand,30.0,29.72636639253732,0.2736336074626813,0.0
218,equal_split_first_best,30.0,30.0,0.0,0.0
218,equal_split_vickrey_majority,30.0,0.0,30.0,0.0
218,equal_split_vickrey_faltings_fair,30.0,20.0,10.0,0.0
218,lp_demand_vickrey,30.0,5.454515454545458,24.545484545454542,0.0
218,lp_integrated_supply_demand,30.0,29.701492437313433,0.29850756268656653,0.0
219,equal_split_first_best,45.0,45.0,0.0,0.0
219,equal_split_vickrey_majority,45.0,45.0,0.0,0.0
219,equal_split_vickrey_faltings_fair,45.0,45.0,0.0,0.0
219,lp_demand_vickrey,45.0,45.0,0.0,0.0
219,lp_integrated_supply_demand,45.0,45.0,0.0,0.0
220,equal_split_first_best,45.0,45.0,0.0,0.0
220,equal_split_vickrey_majority,45.0,45.0,0.0,0.0
220,equal_split_vickrey_faltings_fair,45.0,45.0,0.0,0.0
220,lp_demand_vickrey,45.0,30.00003,14.999970000000001,-1.1102230246251565e-16
220,lp_integrated_supply_demand,45.0,44.73258990634328,0.2674100936567214,0.0
221,equal_split_first_best,45.0,45.0,0.0,0.0
221,equal_split_vickrey_majority,45.0,45.0,0.0,0.0
221,equal_split_vickrey_faltings_fair,45.0,30.0,15.0,1.3322676295501878e-15
221,lp_demand_vickrey,45.0,28.636453636363623,16.363546363636377,0.0
221,lp_integrated_supply_demand,45.0,44.70149243731343,0.29850756268656653,0.0
222,equal_split_first_best,60.0,60.0,0.0,0.0
222,equal_split_vickrey_majority,60.0,60.0,0.0,0.0
222,equal_split_vickrey_faltings_fair,60.0,60.0,0.0,0.0
222,lp_demand_vickrey,60.0,60.0,0.0,0.0
222,lp_integrated_supply_demand,60.0,60.0,0.0,0.0
223,equal_split_first_best,60.0,60.0,0.0,0.0
223,equal_split_vickrey_majority,60.0,60.0,0.0,0.0
223,equal_split_vickrey_faltings_fair,60.0,60.0,0.0,0.0
223,lp_demand_vickrey,60.0,40.00004,19.99996,-1.1102230246251565e-16
223,lp_integrated_supply_demand,60.0,59.94714033264925,0.052859667350752204,0.0
224,equal_split_first_best,60.0,60.0,0.0,0.0
224,equal_split_vickrey_majority,60.0,60.0,0.0,0.0
224,equal_split_vickrey_faltings_fair,60.0,60.0,0.0,0.0
224,lp_demand_vickrey,60.0,49.090969090909084,10.909030909090916,-8.881784197001252e-16
224,lp_integrated_supply_demand,60.0,60.0,0.0,0.0
225,equal_split_first_best,30.0,30.0,0.0,0.0
225,equal_split_vickrey_majority,30.0,0.0,30.0,0.0
225,equal_split_vickrey_faltings_fair,30.0,20.0,10.0,-2.220446049250313e-16
225,lp_demand_vickrey,30.0,9.99998,20.00002,0.0
225,lp_integrated_supply_demand,30.0,29.717041171828345,0.28295882817165463,0.0
226,equal_split_first_best,15.0,15.0,0.0,0.0
226,equal_split_vickrey_majority,15.0,0.0,15.0,0.0
226,equal_split_vickrey_faltings_fair,15.0,10.0,5.0,0.0
226,lp_demand_vickrey,15.0,4.99999,10.00001,0.0
226,lp_integrated_supply_demand,15.0,15.0,0.0,0.0
227,equal_split_first_best,15.0,15.0,0.0,0.0
227,equal_split_vickrey_majority,15.0,0.0,15.0,0.0
227,equal_split_vickrey_faltings_fair,15.0,10.0,5.0,0.0
227,lp_demand_vickrey,15.0,2.727257727272729,12.272742272727271,0.0
227,lp_integrated_supply_demand,15.0,14.850746218656719,0.1492537813432815,0.0
228,equal_split_first_best,45.0,45.0,0.0,0.0
228,equal_split_vickrey_majority,45.0,45.0,0.0,0.0
228,equal_split_vickrey_faltings_fair,45.0,45.0,0.0,0.0
228,lp_demand_vickrey,45.0,30.00003,14.999970000000001,-1.1102230246251565e-16
228,lp_integrated_supply_demand,45.0,44.92226637742535,0.07773362257464811,0.0
229,equal_split_first_best,30.0,30.0,0.0,0.0
229,equal_split_vickrey_majority,30.0,30.0,0.0,0.0
229,equal_split_vickrey_faltings_fair,30.0,30.0,0.0,0.0
229,lp_demand_vickrey,30.0,20.00002,9.99998,-1.1102230246251565e-16
229,lp_integrated_supply_demand,30.0,30.0,0.0,0.0
230,equal_split_first_best,30.0,30.0,0.0,0.0
230,equal_split_vickrey_majority,30.0,30.0,0.0,0.0
230,equal_split_vickrey_faltings_fair,30.0,20.0,10.0,1.3322676295501878e-15
230,lp_demand_vickrey,30.0,19.090969090909084,10.909030909090916,0.0
230,lp_integrated_supply_demand,30.0,29.701492437313433,0.29850756268656653,0.0
231,equal_split_first_best,60.0,60.0,0.0,0.0
231,equal_split_vickrey_majority,60.0,60.0,0.0,0.0
231,equal_split_vickrey_faltings_fair,60.0,60.0,0.0,0.0
231,lp_demand_vickrey,60.0,40.00004,19.99996,-1.1102230246251565e-16
231,lp_integrated_supply_demand,60.0,59.94714033264925,0.052859667350752204,0.0
232,equal_split_first_best,45.0,45.0,0.0,0.0
232,equal_split_vickrey_majority,45.0,45.0,0.0,0.0
232,equal_split_vickrey_faltings_fair,45.0,45.0,0.0,0.0
232,lp_demand_vickrey,45.0,30.00003,14.999970000000001,-1.1102230246251565e-16
232,lp_integrated_supply_demand,45.0,45.0,0.0,0.0
233,equal_split_first_best,45.0,45.0,0.0,0.0
233,equal_split_vickrey_majority,45.0,45.0,0.0,0.0
233,equal_split_vickrey_faltings_fair,45.0,45.0,0.0,0.0
233,lp_demand_vickrey,45.0,36.81822681818181,8.181773181818187,-8.881784197001252e-16
233,lp_integrated_supply_demand,45.0,44.98756302238806,0.012436977611940847,0.0
234,equal_split_first_best,30.0,30.0,0.0,0.0
234,equal_split_vickrey_majority,30.0,0.0,30.0,0.0
234,equal_split_vickrey_faltings_fair,30.0,20.0,10.0,-4.440892098500626e-16
234,lp_demand_vickrey,30.0,5.454515454545458,24.545484545454542,0.0
234,lp_integrated_supply_demand,30.0,29.701492437313433,0.29850756268656653,0.0
235,equal_split_first_best,15.0,15.0,0.0,0.0
235,equal_split_vickrey_majority,15.0,0.0,15.0,0.0
235,equal_split_vickrey_faltings_fair,15.0,10.0,5.0,-4.440892098500626e-16
235,lp_demand_vickrey,15.0,2.727257727272729,12.272742272727271,0.0
235,lp_integrated_supply_demand,15.0,14.701492437313433,0.29850756268656653,0.0
236,equal_split_first_best,0.0,0.0,0.0,0.0
236,equal_split_vickrey_majority,0.0,0.0,0.0,0.0
236,equal_split_vickrey_faltings_fair,0.0,0.0,0.0,-4.440892098500626e-16
236,lp_demand_vickrey,0.0,0.0,0.0,0.0
236,lp_integrated_supply_demand,0.0,0.0,0.0,0.0
237,equal_split_first_best,45.0,45.0,0.0,0.0
237,equal_split_vickrey_majority,45.0,45.0,0.0,0.0
237,equal_split_vickrey_faltings_fair,45.0,30.0,15.0,0.0
237,lp_demand_vickrey,45.0,28.636453636363623,16.363546363636377,-8.881784197001252e-16
237,lp_integrated_supply_demand,45.0,44.96268906716417,0.03731093283582965,0.0
238,equal_split_first_best,30.0,30.0,0.0,0.0
238,equal_split_vickrey_majority,30.0,30.0,0.0,0.0
238,equal_split_vickrey_faltings_fair,30.0,20.0,10.0,0.0
238,lp_demand_vickrey,30.0,19.090969090909084,10.909030909090916,-8.881784197001252e-16
238,lp_integrated_supply_demand,30.0,29.701492437313433,0.29850756268656653,0.0
239,equal_split_first_best,15.0,15.0,0.0,0.0
239,equal_split_vickrey_majority,15.0,15.0,0.0,0.0
239,equal_split_vickrey_faltings_fair,15.0,10.0,5.0,1.3322676295501878e-15
239,lp_demand_vickrey,15.0,9.545484545454542,5.454515454545458,-8.881784197001252e-16
239,lp_integrated_supply_demand,15.0,14.701492437313433,0.29850756268656653,0.0
240,equal_split_first_best,60.0,60.0,0.0,0.0
240,equal_split_vickrey_majority,60.0,60.0,0.0,0.0
240,equal_split_vickrey_faltings_fair,60.0,60.0,0.0,0.0
240,lp_demand_vickrey,60.0,49.090969090909084,10.909030909090916,-8.881784197001252e-16
240,lp_integrated_supply_demand,60.0,60.0,0.0,0.0
241,equal_split_first_best,45.0,45.0,0.0,0.0
241,equal_split_vickrey_majority,45.0,45.0,0.0,0.0
241,equal_split_vickrey_faltings_fair,45.0,45.0,0.0,0.0
241,lp_demand_vickrey,45.0,36.81822681818181,8.181773181818187,-8.881784197001252e-16
241,lp_integrated_supply_demand,45.0,44.98756302238806,0.012436977611940847,0.0
242,equal_split_first_best,30.0,30.0,0.0,0.0
242,equal_split_vickrey_majority,30.0,30.0,0.0,0.0
242,equal_split_vickrey_faltings_fair,30.0,30.0,0.0,0.0
242,lp_demand_vickrey,30.0,24.545484545454542,5.454515454545458,0.0
242,lp_integrated_supply_demand,30.0,30.000000000000004,-3.552713678800501e-15,0.0
243,equal_split_first_best,15.0,15.0,0.0,0.0
243,equal_split_vickrey_majority,15.0,15.0,0.0,0.0
243,equal_split_vickrey_faltings_fair,15.0,15.0,0.0,0.0
243,lp_demand_vickrey,15.0,15.0,0.0,0.0
243,lp_integrated_supply_demand,15.0,15.0,0.0,0.0
244,equal_split_first_best,15.0,15.0,0.0,0.0
244,equal_split_vickrey_majority,15.0,15.0,0.0,0.0
244,equal_split_vickrey_faltings_fair,15.0,15.0,0.0,0.0
244,lp_demand_vickrey,15.0,15.0,0.0,0.0
244,lp_integrated_supply_demand,15.0,15.0,0.0,0.0
245,equal_split_first_best,15.0,15.0,0.0,0.0
245,equal_split_vickrey_majority,15.0,15.0,0.0,0.0
245,equal_split_vickrey_faltings_fair,15.0,15.0,0.0,0.0
245,lp_demand_vickrey,15.0,15.0,0.0,0.0
245,lp_integrated_supply_demand,15.0,15.0,0.0,0.0
246,equal_split_first_best,30.0,30.0,0.0,0.0
246,equal_split_vickrey_majority,30.0,30.0,0.0,0.0
246,equal_split_vickrey_faltings_fair,30.0,30.0,0.0,0.0
246,lp_demand_vickrey,30.0,30.0,0.0,0.0
246,lp_integrated_supply_demand,30.0,30.0,0.0,0.0
247,equal_split_first_best,30.0,30.0,0.0,0.0
247,equal_split_vickrey_majority,30.0,30.0,0.0,0.0
247,equal_split_vickrey_faltings_fair,30.0,30.0,0.0,0.0
247,lp_demand_vickrey,30.0,30.0,0.0,0.0
247,lp_integrated_supply_demand,30.0,30.0,0.0,0.0
248,equal_split_first_best,30.0,30.0,0.0,0.0
248,equal_split_vickrey_majority,30.0,30.0,0.0,0.0
248,equal_split_vickrey_faltings_fair,30.0,30.0,0.0,0.0
248,lp_demand_vickrey,30.0,30.0,0.0,0.0
248,lp_integrated_supply_demand,30.0,30.0,0.0,0.0
249,equal_split_first_best,45.0,45.0,0.0,0.0
249,equal_split_vickrey_majority,45.0,45.0,0.0,0.0
249,equal_split_vickrey_faltings_fair,45.0,45.0,0.0,0.0
249,lp_demand_vickrey,45.0,45.0,0.0,0.0
249,lp_integrated_supply_demand,45.0,45.0,0.0,0.0
250,equal_split_first_best,45.0,45.0,0.0,0.0
250,equal_split_vickrey_majority,45.0,45.0,0.0,0.0
250,equal_split_vickrey_faltings_fair,45.0,45.0,0.0,0.0
250,lp_demand_vickrey,45.0,45.0,0.0,0.0
250,lp_integrated_supply_demand,45.0,45.0,0.0,0.0
251,equal_split_first_best,45.0,45.0,0.0,0.0
251,equal_split_vickrey_majority,45.0,45.0,0.0,0.0
251,equal_split_vickrey_faltings_fair,45.0,45.0,0.0,0.0
251,lp_demand_vickrey,45.0,45.0,0.0,0.0
251,lp_integrated_supply_demand,45.0,45.0,0.0,0.0
252,equal_split_first_best,15.0,15.0,0.0,0.0
252,equal_split_vickrey_majority,15.0,15.0,0.0,0.0
252,equal_split_vickrey_faltings_fair,15.0,15.0,0.0,0.0
252,lp_demand_vickrey,15.0,15.0,0.0,0.0
252,lp_integrated_supply_demand,15.0,15.0,0.0,0.0
253,equal_split_first_best,15.0,15.0,0.0,0.0
253,equal_split_vickrey_majority,15.0,0.0,15.0,0.0
253,equal_split_vickrey_faltings_fair,15.0,10.0,5.0,0.0
253,lp_demand_vickrey,15.0,4.99999,10.00001,0.0
253,lp_integrated_supply_demand,15.0,15.0,0.0,0.0
254,equal_split_first_best,15.0,15.0,0.0,0.0
254,equal_split_vickrey_majority,15.0,0.0,15.0,0.0
254,equal_split_vickrey_faltings_fair,15.0,10.0,5.0,0.0
254,lp_demand_vickrey,15.0,4.99999,10.00001,0.0
254,lp_integrated_supply_demand,15.0,14.850746218656713,0.14925378134328682,0.0
255,equal_split_first_best,30.0,30.0,0.0,0.0
255,equal_split_vickrey_majority,30.0,30.0,0.0,0.0
255,equal_split_vickrey_faltings_fair,30.0,30.0,0.0,0.0
255,lp_demand_vickrey,30.0,30.0,0.0,0.0
255,lp_integrated_supply_demand,30.0,30.0,0.0,0.0
256,equal_split_first_best,30.0,30.0,0.0,0.0
256,equal_split_vickrey_majority,30.0,30.0,0.0,0.0
256,equal_split_vickrey_faltings_fair,30.0,30.0,0.0,0.0
256,lp_demand_vickrey,30.0,20.00002,9.99998,-1.1102230246251565e-16
256,lp_integrated_supply_demand,30.0,30.0,0.0,0.0
257,equal_split_first_best,30.0,30.0,0.0,0.0
257,equal_split_vickrey_majority,30.0,30.0,0.0,0.0
257,equal_split_vickrey_faltings_fair,30.0,30.0,0.0,0.0
257,lp_demand_vickrey,30.0,20.00002,9.99998,-1.1102230246251565e-16
257,lp_integrated_supply_demand,30.0,29.701492437313433,0.29850756268656653,0.0
258,equal_split_first_best,45.0,45.0,0.0,0.0
258,equal_split_vickrey_majority,45.0,45.0,0.0,0.0
258,equal_split_vickrey_faltings_fair,45.0,45.0,0.0,0.0
258,lp_demand_vickrey,45.0,45.0,0.0,0.0
258,lp_integrated_supply_demand,45.0,45.0,0.0,0.0
259,equal_split_first_best,45.0,45.0,0.0,0.0
259,equal_split_vickrey_majority,45.0,45.0,0.0,0.0
259,equal_split_vickrey_faltings_fair,45.0,45.0,0.0,0.0
259,lp_demand_vickrey,45.0,30.00003,14.999970000000001,-1.1102230246251565e-16
259,lp_integrated_supply_demand,45.0,45.0,0.0,0.0
260,equal_split_first_best,45.0,45.0,0.0,0.0
260,equal_split_vickrey_majority,45.0,45.0,0.0,0.0
260,equal_split_vickrey_faltings_fair,45.0,45.0,0.0,0.0
260,lp_demand_vickrey,45.0,30.00003,14.999970000000001,-1.1102230246251565e-16
260,lp_integrated_supply_demand,45.0,45.0,0.0,0.0
261,equal_split_first_best,15.0,15.0,0.0,0.0
261,equal_split_vickrey_majority,15.0,15.0,0.0,0.0
261,equal_split_vickrey_faltings_fair,15.0,15.0,0.0,0.0
261,lp_demand_vickrey,15.0,15.0,0.0,0.0
261,lp_integrated_supply_demand,15.0,15.0,0.0,0.0
262,equal_split_first_best,15.0,15.0,0.0,0.0
262,equal_split_vickrey_majority,15.0,0.0,15.0,0.0
262,equal_split_vickrey_faltings_fair,15.0,10.0,5.0,0.0
262,lp_demand_vickrey,15.0,4.99999,10.00001,0.0
262,lp_integrated_supply_demand,15.0,14.850746218656713,0.14925378134328682,0.0
263,equal_split_first_best,15.0,15.0,0.0,0.0
263,equal_split_vickrey_majority,15.0,0.0,15.0,0.0
263,equal_split_vickrey_faltings_fair,15.0,0.0,15.0,0.0
263,lp_demand_vickrey,15.0,0.0,15.0,0.0
263,lp_integrated_supply_demand,15.0,14.850746218656715,0.14925378134328504,0.0
264,equal_split_first_best,30.0,30.0,0.0,0.0
264,equal_split_vickrey_majority,30.0,30.0,0.0,0.0
264,equal_split_vickrey_faltings_fair,30.0,30.0,0.0,0.0
264,lp_demand_vickrey,30.0,30.0,0.0,0.0
264,lp_integrated_supply_demand,30.0,30.0,0.0,0.0
265,equal_split_first_best,30.0,30.0,0.0,0.0
265,equal_split_vickrey_majority,30.0,30.0,0.0,0.0
265,equal_split_vickrey_faltings_fair,30.0,30.0,0.0,0.0
265,lp_demand_vickrey,30.0,20.00002,9.99998,-1.1102230246251565e-16
265,lp_integrated_supply_demand,30.0,29.779232759888053,0.2207672401119467,0.0
266,equal_split_first_best,30.0,30.0,0.0,0.0
266,equal_split_vickrey_majority,30.0,30.0,0.0,0.0
266,equal_split_vickrey_faltings_fair,30.0,10.0,20.0,4.440892098500626e-16
266,lp_demand_vickrey,30.0,13.636453636363623,16.363546363636377,0.0
266,lp_integrated_supply_demand,30.0,29.701499137313412,0.2985008626865877,0.0
267,equal_split_first_best,45.0,45.0,0.0,0.0
267,equal_split_vickrey_majority,45.0,45.0,0.0,0.0
267,equal_split_vickrey_faltings_fair,45.0,45.0,0.0,0.0
267,lp_demand_vickrey,45.0,45.0,0.0,0.0
267,lp_integrated_supply_demand,45.0,45.0,0.0,0.0
268,equal_split_first_best,45.0,45.0,0.0,0.0
268,equal_split_vickrey_majority,45.0,45.0,0.0,0.0
268,equal_split_vickrey_faltings_fair,45.0,45.0,0.0,0.0
268,lp_demand_vickrey,45.0,30.00003,14.999970000000001,-1.1102230246251565e-16
268,lp_integrated_supply_demand,45.0,44.92226637742535,0.07773362257464811,0.0
269,equal_split_first_best,45.0,45.0,0.0,0.0
269,equal_split_vickrey_majority,45.0,45.0,0.0,0.0
269,equal_split_vickrey_faltings_fair,45.0,30.0,15.0,0.0
269,lp_demand_vickrey,45.0,28.636453636363623,16.363546363636377,-8.881784197001252e-16
269,lp_integrated_supply_demand,45.0,44.96268906716417,0.03731093283582965,0.0
270,equal_split_first_best,30.0,30.0,0.0,0.0
270,equal_split_vickrey_majority,30.0,30.0,0.0,0.0
270,equal_split_vickrey_faltings_fair,30.0,30.0,0.0,0.0
270,lp_demand_vickrey,30.0,30.0,0.0,0.0
270,lp_integrated_supply_demand,30.0,30.0,0.0,0.0
271,equal_split_first_best,30.0,30.0,0.0,0.0
271,equal_split_vickrey_majority,30.0,30.0,0.0,0.0
271,equal_split_vickrey_faltings_fair,30.0,30.0,0.0,0.0
271,lp_demand_vickrey,30.0,30.0,0.0,0.0
271,lp_integrated_supply_demand,30.0,30.0,0.0,0.0
272,equal_split_first_best,30.0,30.0,0.0,0.0
272,equal_split_vickrey_majority,30.0,30.0,0.0,0.0
272,equal_split_vickrey_faltings_fair,30.0,30.0,0.0,0.0
272,lp_demand_vickrey,30.0,30.0,0.0,0.0
272,lp_integrated_supply_demand,30.0,30.0,0.0,0.0
273,equal_split_first_best,45.0,45.0,0.0,0.0
273,equal_split_vickrey_majority,45.0,45.0,0.0,0.0
273,equal_split_vickrey_faltings_fair,45.0,45.0,0.0,0.0
273,lp_demand_vickrey,45.0,45.0,0.0,0.0
273,lp_integrated_supply_demand,45.0,45.0,0.0,0.0
274,equal_split_first_best,45.0,45.0,0.0,0.0
274,equal_split_vickrey_majority,45.0,45.0,0.0,0.0
274,equal_split_vickrey_faltings_fair,45.0,45.0,0.0,0.0
274,lp_demand_vickrey,45.0,45.0,0.0,0.0
274,lp_integrated_supply_demand,45.0,45.0,0.0,0.0
275,equal_split_first_best,45.0,45.0,0.0,0.0
275,equal_split_vickrey_majority,45.0,45.0,0.0,0.0
275,equal_split_vickrey_faltings_fair,45.0,45.0,0.0,0.0
275,lp_demand_vickrey,45.0,45.0,0.0,0.0
275,lp_integrated_supply_demand,45.0,45.0,0.0,0.0
276,equal_split_first_best,60.0,60.0,0.0,0.0
276,equal_split_vickrey_majority,60.0,60.0,0.0,0.0
276,equal_split_vickrey_faltings_fair,60.0,60.0,0.0,0.0
276,lp_demand_vickrey,60.0,60.0,0.0,0.0
276,lp_integrated_supply_demand,60.0,60.0,0.0,0.0
277,equal_split_first_best,60.0,60.0,0.0,0.0
277,equal_split_vickrey_majority,60.0,60.0,0.0,0.0
277,equal_split_vickrey_faltings_fair,60.0,60.0,0.0,0.0
277,lp_demand_vickrey,60.0,60.0,0.0,0.0
277,lp_integrated_supply_demand,60.0,60.0,0.0,0.0
278,equal_split_first_best,60.0,60.0,0.0,0.0
278,equal_split_vickrey_majority,60.0,60.0,0.0,0.0
278,equal_split_vickrey_faltings_fair,60.0,60.0,0.0,0.0
278,lp_demand_vickrey,60.0,60.0,0.0,0.0
278,lp_integrated_supply_demand,60.0,60.0,0.0,0.0
279,equal_split_first_best,30.0,30.0,0.0,0.0
279,equal_split_vickrey_majority,30.0,30.0,0.0,0.0
279,equal_split_vickrey_faltings_fair,30.0,30.0,0.0,0.0
279,lp_demand_vickrey,30.0,30.0,0.0,0.0
279,lp_integrated_supply_demand,30.0,30.0,0.0,0.0
280,equal_split_first_best,30.0,30.0,0.0,0.0
280,equal_split_vickrey_majority,30.0,30.0,0.0,0.0
280,equal_split_vickrey_faltings_fair,30.0,30.0,0.0,0.0
280,lp_demand_vickrey,30.0,20.00002,9.99998,-1.1102230246251565e-16
280,lp_integrated_supply_demand,30.0,30.0,0.0,0.0
281,equal_split_first_best,30.0,30.0,0.0,0.0
281,equal_split_vickrey_majority,30.0,30.0,0.0,0.0
281,equal_split_vickrey_faltings_fair,30.0,30.0,0.0,0.0
281,lp_demand_vickrey,30.0,20.00002,9.99998,-1.1102230246251565e-16
281,lp_integrated_supply_demand,30.0,29.779232759888053,0.2207672401119467,0.0
282,equal_split_first_best,45.0,45.0,0.0,0.0
282,equal_split_vickrey_majority,45.0,45.0,0.0,0.0
282,equal_split_vickrey_faltings_fair,45.0,45.0,0.0,0.0
282,lp_demand_vickrey,45.0,45.0,0.0,0.0
282,lp_integrated_supply_demand,45.0,45.0,0.0,0.0
283,equal_split_first_best,45.0,45.0,0.0,0.0
283,equal_split_vickrey_majority,45.0,45.0,0.0,0.0
283,equal_split_vickrey_faltings_fair,45.0,45.0,0.0,0.0
283,lp_demand_vickrey,45.0,45.0,0.0,0.0
283,lp_integrated_supply_demand,45.0,45.0,0.0,0.0
284,equal_split_first_best,45.0,45.0,0.0,0.0
284,equal_split_vickrey_majority,45.0,45.0,0.0,0.0
284,equal_split_vickrey_faltings_fair,45.0,45.0,0.0,0.0
284,lp_demand_vickrey,45.0,45.0,0.0,0.0
284,lp_integrated_supply_demand,45.0,44.70149243731343,0.29850756268656653,0.0
285,equal_split_first_best,60.0,60.0,0.0,0.0
285,equal_split_vickrey_majority,60.0,60.0,0.0,0.0
285,equal_split_vickrey_faltings_fair,60.0,60.0,0.0,0.0
285,lp_demand_vickrey,60.0,60.0,0.0,0.0
285,lp_integrated_supply_demand,60.0,60.0,0.0,0.0
286,equal_split_first_best,60.0,60.0,0.0,0.0
286,equal_split_vickrey_majority,60.0,60.0,0.0,0.0
286,equal_split_vickrey_faltings_fair,60.0,60.0,0.0,0.0
286,lp_demand_vickrey,60.0,60.0,0.0,0.0
286,lp_integrated_supply_demand,60.0,60.0,0.0,0.0
287,equal_split_first_best,60.0,60.0,0.0,0.0
287,equal_split_vickrey_majority,60.0,60.0,0.0,0.0
287,equal_split_vickrey_faltings_fair,60.0,60.0,0.0,0.0
287,lp_demand_vickrey,60.0,60.0,0.0,0.0
287,lp_integrated_supply_demand,60.0,60.0,0.0,0.0
288,equal_split_first_best,30.0,30.0,0.0,0.0
288,equal_split_vickrey_majority,30.0,30.0,0.0,0.0
288,equal_split_vickrey_faltings_fair,30.0,30.0,0.0,0.0
288,lp_demand_vickrey,30.0,30.0,0.0,0.0
288,lp_integrated_supply_demand,30.0,30.0,0.0,0.0
289,equal_split_first_best,30.0,30.0,0.0,0.0
289,equal_split_vickrey_majority,30.0,30.0,0.0,0.0
289,equal_split_vickrey_faltings_fair,30.0,30.0,0.0,0.0
289,lp_demand_vickrey,30.0,20.00002,9.99998,-1.1102230246251565e-16
289,lp_integrated_supply_demand,30.0,29.701492437313433,0.29850756268656653,0.0
290,equal_split_first_best,30.0,30.0,0.0,0.0
290,equal_split_vickrey_majority,30.0,30.0,0.0,0.0
290,equal_split_vickrey_faltings_fair,30.0,10.0,20.0,4.440892098500626e-16
290,lp_demand_vickrey,30.0,13.636453636363623,16.363546363636377,0.0
290,lp_integrated_supply_demand,30.0,29.701499137313412,0.2985008626865877,0.0
291,equal_split_first_best,45.0,45.0,0.0,0.0
291,equal_split_vickrey_majority,45.0,45.0,0.0,0.0
291,equal_split_vickrey_faltings_fair,45.0,45.0,0.0,0.0
291,lp_demand_vickrey,45.0,45.0,0.0,0.0
291,lp_integrated_supply_demand,45.0,45.0,0.0,0.0
292,equal_split_first_best,45.0,45.0,0.0,0.0
292,equal_split_vickrey_majority,45.0,45.0,0.0,0.0
292,equal_split_vickrey_faltings_fair,45.0,45.0,0.0,0.0
292,lp_demand_vickrey,45.0,45.0,0.0,0.0
292,lp_integrated_supply_demand,45.0,44.70149243731343,0.29850756268656653,0.0
293,equal_split_first_best,45.0,45.0,0.0,0.0
293,equal_split_vickrey_majority,45.0,45.0,0.0,0.0
293,equal_split_vickrey_faltings_fair,45.0,45.0,0.0,0.0
293,lp_demand_vickrey,45.0,20.454680454545436,24.545319545454564,0.0
293,lp_integrated_supply_demand,45.0,45.0,0.0,0.0
294,equal_split_first_best,60.0,60.0,0.0,0.0
294,equal_split_vickrey_majority,60.0,60.0,0.0,0.0
294,equal_split_vickrey_faltings_fair,60.0,60.0,0.0,0.0
294,lp_demand_vickrey,60.0,60.0,0.0,0.0
294,lp_integrated_supply_demand,60.0,60.0,0.0,0.0
295,equal_split_first_best,60.0,60.0,0.0,0.0
295,equal_split_vickrey_majority,60.0,60.0,0.0,0.0
295,equal_split_vickrey_faltings_fair,60.0,60.0,0.0,0.0
295,lp_demand_vickrey,60.0,60.0,0.0,0.0
295,lp_integrated_supply_demand,60.0,59.70149243731343,0.29850756268656653,0.0
296,equal_split_first_best,60.0,60.0,0.0,0.0
296,equal_split_vickrey_majority,60.0,60.0,0.0,0.0
296,equal_split_vickrey_faltings_fair,60.0,60.0,0.0,0.0
296,lp_demand_vickrey,60.0,38.18193818181817,21.81806181818183,-8.881784197001252e-16
296,lp_integrated_supply_demand,60.0,60.0,0.0,0.0
297,equal_split_first_best,45.0,45.0,0.0,0.0
297,equal_split_vickrey_majority,45.0,45.0,0.0,0.0
297,equal_split_vickrey_faltings_fair,45.0,45.0,0.0,0.0
297,lp_demand_vickrey,45.0,45.0,0.0,0.0
297,lp_integrated_supply_demand,45.0,45.0,0.0,0.0
298,equal_split_first_best,45.0,45.0,0.0,0.0
298,equal_split_vickrey_majority,45.0,45.0,0.0,0.0
298,equal_split_vickrey_faltings_fair,45.0,45.0,0.0,0.0
298,lp_demand_vickrey,45.0,45.0,0.0,0.0
298,lp_integrated_supply_demand,45.0,45.0,0.0,0.0
299,equal_split_first_best,45.0,45.0,0.0,0.0
299,equal_split_vickrey_majority,45.0,45.0,0.0,0.0
299,equal_split_vickrey_faltings_fair,45.0,45.0,0.0,0.0
299,lp_demand_vickrey,45.0,45.0,0.0,0.0
299,lp_integrated_supply_demand,45.0,45.0,0.0,0.0
300,equal_split_first_best,60.0,60.0,0.0,0.0
300,equal_split_vickrey_majority,60.0,60.0,0.0,0.0
300,equal_split_vickrey_faltings_fair,60.0,60.0,0.0,0.0
300,lp_demand_vickrey,60.0,60.0,0.0,0.0
300,lp_integrated_supply_demand,60.0,60.0,0.0,0.0
301,equal_split_first_best,60.0,60.0,0.0,0.0
301,equal_split_vickrey_majority,60.0,60.0,0.0,0.0
301,equal_split_vickrey_faltings_fair,60.0,60.0,0.0,0.0
301,lp_demand_vickrey,60.0,60.0,0.0,0.0
301,lp_integrated_supply_demand,60.0,60.0,0.0,0.0
302,equal_split_first_best,60.0,60.0,0.0,0.0
302,equal_split_vickrey_majority,60.0,60.0,0.0,0.0
302,equal_split_vickrey_faltings_fair,60.0,60.0,0.0,0.0
302,lp_demand_vickrey,60.0,60.0,0.0,0.0
302,lp_integrated_supply_demand,60.0,60.0,0.0,0.0
303,equal_split_first_best,75.0,75.0,0.0,0.0
303,equal_split_vickrey_majority,75.0,75.0,0.0,0.0
303,equal_split_vickrey_faltings_fair,75.0,75.0,0.0,0.0
303,lp_demand_vickrey,75.0,75.0,0.0,0.0
303,lp_integrated_supply_demand,75.0,75.0,0.0,0.0
304,equal_split_first_best,75.0,75.0,0.0,0.0
304,equal_split_vickrey_majority,75.0,75.0,0.0,0.0
304,equal_split_vickrey_faltings_fair,75.0,75.0,0.0,0.0
304,lp_demand_vickrey,75.0,75.0,0.0,0.0
304,lp_integrated_supply_demand,75.0,75.0,0.0,0.0
305,equal_split_first_best,75.0,75.0,0.0,0.0
305,equal_split_vickrey_majority,75.0,75.0,0.0,0.0
305,equal_split_vickrey_faltings_fair,75.0,75.0,0.0,0.0
305,lp_demand_vickrey,75.0,75.0,0.0,0.0
305,lp_integrated_supply_demand,75.0,75.0,0.0,0.0
306,equal_split_first_best,45.0,45.0,0.0,0.0
306,equal_split_vickrey_majority,45.0,45.0,0.0,0.0
306,equal_split_vickrey_faltings_fair,45.0,45.0,0.0,0.0
306,lp_demand_vickrey,45.0,45.0,0.0,0.0
306,lp_integrated_supply_demand,45.0,45.0,0.0,0.0
307,equal_split_first_best,45.0,45.0,0.0,0.0
307,equal_split_vickrey_majority,45.0,45.0,0.0,0.0
307,equal_split_vickrey_faltings_fair,45.0,45.0,0.0,0.0
307,lp_demand_vickrey,45.0,30.00003,14.999970000000001,-1.1102230246251565e-16
307,lp_integrated_supply_demand,45.0,45.0,0.0,0.0
308,equal_split_first_best,45.0,45.0,0.0,0.0
308,equal_split_vickrey_majority,45.0,45.0,0.0,0.0
308,equal_split_vickrey_faltings_fair,45.0,45.0,0.0,0.0
308,lp_demand_vickrey,45.0,30.00003,14.999970000000001,-1.1102230246251565e-16
308,lp_integrated_supply_demand,45.0,44.92226637742535,0.07773362257464811,0.0
309,equal_split_first_best,60.0,60.0,0.0,0.0
309,equal_split_vickrey_majority,60.0,60.0,0.0,0.0
309,equal_split_vickrey_faltings_fair,60.0,60.0,0.0,0.0
309,lp_demand_vickrey,60.0,60.0,0.0,0.0
309,lp_integrated_supply_demand,60.0,60.0,0.0,0.0
310,equal_split_first_best,60.0,60.0,0.0,0.0
310,equal_split_vickrey_majority,60.0,60.0,0.0,0.0
310,equal_split_vickrey_faltings_fair,60.0,60.0,0.0,0.0
310,lp_demand_vickrey,60.0,60.0,0.0,0.0
310,lp_integrated_supply_demand,60.0,60.0,0.0,0.0
311,equal_split_first_best,60.0,60.0,0.0,0.0
311,equal_split_vickrey_majority,60.0,60.0,0.0,0.0
311,equal_split_vickrey_faltings_fair,60.0,60.0,0.0,0.0
311,lp_demand_vickrey,60.0,60.0,0.0,0.0
311,lp_integrated_supply_demand,60.0,59.70149243731343,0.29850756268656653,0.0
312,equal_split_first_best,75.0,75.0,0.0,0.0
312,equal_split_vickrey_majority,75.0,75.0,0.0,0.0
312,equal_split_vickrey_faltings_fair,75.0,75.0,0.0,0.0
312,lp_demand_vickrey,75.0,75.0,0.0,0.0
312,lp_integrated_supply_demand,75.0,75.0,0.0,0.0
313,equal_split_first_best,75.0,75.0,0.0,0.0
313,equal_split_vickrey_majority,75.0,75.0,0.0,0.0
313,equal_split_vickrey_faltings_fair,75.0,75.0,0.0,0.0
313,lp_demand_vickrey,75.0,75.0,0.0,0.0
313,lp_integrated_supply_demand,75.0,75.0,0.0,0.0
314,equal_split_first_best,75.0,75.0,0.0,0.0
314,equal_split_vickrey_majority,75.0,75.0,0.0,0.0
314,equal_split_vickrey_faltings_fair,75.0,75.0,0.0,0.0
314,lp_demand_vickrey,75.0,75.0,0.0,0.0
314,lp_integrated_supply_demand,75.0,75.0,0.0,0.0
315,equal_split_first_best,45.0,45.0,0.0,0.0
315,equal_split_vickrey_majority,45.0,45.0,0.0,0.0
315,equal_split_vickrey_faltings_fair,45.0,45.0,0.0,0.0
315,lp_demand_vickrey,45.0,45.0,0.0,0.0
315,lp_integrated_supply_demand,45.0,45.0,0.0,0.0
316,equal_split_first_best,45.0,45.0,0.0,0.0
316,equal_split_vickrey_majority,45.0,45.0,0.0,0.0
316,equal_split_vickrey_faltings_fair,45.0,45.0,0.0,0.0
316,lp_demand_vickrey,45.0,30.00003,14.999970000000001,-1.1102230246251565e-16
316,lp_integrated_supply_demand,45.0,45.0,0.0,0.0
317,equal_split_first_best,45.0,45.0,0.0,0.0
317,equal_split_vickrey_majority,45.0,45.0,0.0,0.0
317,equal_split_vickrey_faltings_fair,45.0,30.0,15.0,0.0
317,lp_demand_vickrey,45.0,28.636453636363623,16.363546363636377,-8.881784197001252e-16
317,lp_integrated_supply_demand,45.0,44.96268906716417,0.03731093283582965,0.0
318,equal_split_first_best,60.0,60.0,0.0,0.0
318,equal_split_vickrey_majority,60.0,60.0,0.0,0.0
318,equal_split_vickrey_faltings_fair,60.0,60.0,0.0,0.0
318,lp_demand_vickrey,60.0,60.0,0.0,0.0
318,lp_integrated_supply_demand,60.0,60.0,0.0,0.0
319,equal_split_first_best,60.0,60.0,0.0,0.0
319,equal_split_vickrey_majority,60.0,60.0,0.0,0.0
319,equal_split_vickrey_faltings_fair,60.0,60.0,0.0,0.0
319,lp_demand_vickrey,60.0,60.0,0.0,0.0
319,lp_integrated_supply_demand,60.0,60.0,0.0,0.0
320,equal_split_first_best,60.0,60.0,0.0,0.0
320,equal_split_vickrey_majority,60.0,60.0,0.0,0.0
320,equal_split_vickrey_faltings_fair,60.0,60.0,0.0,0.0
320,lp_demand_vickrey,60.0,38.18193818181817,21.81806181818183,-8.881784197001252e-16
320,lp_integrated_supply_demand,60.0,60.0,0.0,0.0
321,equal_split_first_best,75.0,75.0,0.0,0.0
321,equal_split_vickrey_majority,75.0,75.0,0.0,0.0
321,equal_split_vickrey_faltings_fair,75.0,75.0,0.0,0.0
321,lp_demand_vickrey,75.0,75.0,0.0,0.0
321,lp_integrated_supply_demand,75.0,75.0,0.0,0.0
322,equal_split_first_best,75.0,75.0,0.0,0.0
322,equal_split_vickrey_majority,75.0,75.0,0.0,0.0
322,equal_split_vickrey_faltings_fair,75.0,75.0,0.0,0.0
322,lp_demand_vickrey,75.0,75.0,0.0,0.0
322,lp_integrated_supply_demand,75.0,75.0,0.0,0.0
323,equal_split_first_best,75.0,75.0,0.0,0.0
323,equal_split_vickrey_majority,75.0,75.0,0.0,0.0
323,equal_split_vickrey_faltings_fair,75.0,75.0,0.0,0.0
323,lp_demand_vickrey,75.0,61.363711363636355,13.636288636363645,0.0
323,lp_integrated_supply_demand,75.0,75.0,0.0,0.0
324,equal_split_first_best,15.0,15.0,0.0,0.0
324,equal_split_vickrey_majority,15.0,15.0,0.0,0.0
324,equal_split_vickrey_faltings_fair,15.0,15.0,0.0,0.0
324,lp_demand_vickrey,15.0,15.0,0.0,0.0
324,lp_integrated_supply_demand,15.0,15.0,0.0,0.0
325,equal_split_first_best,15.0,15.0,0.0,0.0
325,equal_split_vickrey_majority,15.0,0.0,15.0,0.0
325,equal_split_vickrey_faltings_fair,15.0,10.0,5.0,-2.220446049250313e-16
325,lp_demand_vickrey,15.0,4.99999,10.00001,0.0
325,lp_integrated_supply_demand,15.0,15.0,0.0,0.0
326,equal_split_first_best,15.0,15.0,0.0,0.0
326,equal_split_vickrey_majority,15.0,0.0,15.0,0.0
326,equal_split_vickrey_faltings_fair,15.0,10.0,5.0,-2.220446049250313e-16
326,lp_demand_vickrey,15.0,4.99999,10.00001,0.0
326,lp_integrated_supply_demand,15.0,14.71704117182835,0.2829588281716493,0.0
327,equal_split_first_best,30.0,30.0,0.0,0.0
327,equal_split_vickrey_majority,30.0,30.0,0.0,0.0
327,equal_split_vickrey_faltings_fair,30.0,30.0,0.0,0.0
327,lp_demand_vickrey,30.0,30.0,0.0,0.0
327,lp_integrated_supply_demand,30.0,30.0,0.0,0.0
328,equal_split_first_best,30.0,30.0,0.0,0.0
328,equal_split_vickrey_majority,30.0,30.0,0.0,0.0
328,equal_split_vickrey_faltings_fair,30.0,30.0,0.0,0.0
328,lp_demand_vickrey,30.0,20.00002,9.99998,0.0
328,lp_integrated_supply_demand,30.0,30.0,0.0,0.0
329,equal_split_first_best,30.0,30.0,0.0,0.0
329,equal_split_vickrey_majority,30.0,30.0,0.0,0.0
329,equal_split_vickrey_faltings_fair,30.0,30.0,0.0,0.0
329,lp_demand_vickrey,30.0,20.00002,9.99998,0.0
329,lp_integrated_supply_demand,30.0,29.701492437313433,0.29850756268656653,0.0
330,equal_split_first_best,45.0,45.0,0.0,0.0
330,equal_split_vickrey_majority,45.0,45.0,0.0,0.0
330,equal_split_vickrey_faltings_fair,45.0,45.0,0.0,0.0
330,lp_demand_vickrey,45.0,45.0,0.0,0.0
330,lp_integrated_supply_demand,45.0,45.0,0.0,0.0
331,equal_split_first_best,45.0,45.0,0.0,0.0
331,equal_split_vickrey_majority,45.0,45.0,0.0,0.0
331,equal_split_vickrey_faltings_fair,45.0,45.0,0.0,0.0
331,lp_demand_vickrey,45.0,30.00003,14.999970000000001,0.0
331,lp_integrated_supply_demand,45.0,45.0,0.0,0.0
332,equal_split_first_best,45.0,45.0,0.0,0.0
332,equal_split_vickrey_majority,45.0,45.0,0.0,0.0
332,equal_split_vickrey_faltings_fair,45.0,45.0,0.0,0.0
332,lp_demand_vickrey,45.0,30.00003,14.999970000000001,0.0
332,lp_integrated_supply_demand,45.0,45.0,0.0,0.0
333,equal_split_first_best,15.0,15.0,0.0,0.0
333,equal_split_vickrey_majority,15.0,0.0,15.0,0.0
333,equal_split_vickrey_faltings_fair,15.0,10.0,5.0,-2.220446049250313e-16
333,lp_demand_vickrey,15.0,4.99999,10.00001,0.0
333,lp_integrated_supply_demand,15.0,15.0,0.0,0.0
334,equal_split_first_best,0.0,0.0,0.0,0.0
334,equal_split_vickrey_majority,0.0,0.0,0.0,0.0
334,equal_split_vickrey_faltings_fair,0.0,0.0,0.0,0.0
334,lp_demand_vickrey,0.0,0.0,0.0,0.0
334,lp_integrated_supply_demand,0.0,0.0,0.0,0.0
335,equal_split_first_best,0.0,0.0,0.0,0.0
335,equal_split_vickrey_majority,0.0,0.0,0.0,0.0
335,equal_split_vickrey_faltings_fair,0.0,0.0,0.0,0.0
335,lp_demand_vickrey,0.0,0.0,0.0,0.0
335,lp_integrated_supply_demand,0.0,0.0,0.0,0.0
336,equal_split_first_best,30.0,30.0,0.0,0.0
336,equal_split_vickrey_majority,30.0,30.0,0.0,0.0
336,equal_split_vickrey_faltings_fair,30.0,30.0,0.0,0.0
336,lp_demand_vickrey,30.0,20.00002,9.99998,-1.1102230246251565e-16
336,lp_integrated_supply_demand,30.0,30.0,0.0,0.0
337,equal_split_first_best,15.0,15.0,0.0,0.0
337,equal_split_vickrey_majority,15.0,15.0,0.0,0.0
337,equal_split_vickrey_faltings_fair,15.0,15.0,0.0,0.0
337,lp_demand_vickrey,15.0,10.00001,4.99999,-1.1102230246251565e-16
337,lp_integrated_supply_demand,15.0,15.0,0.0,0.0
338,equal_split_first_best,15.0,15.0,0.0,0.0
338,equal_split_vickrey_majority,15.0,15.0,0.0,0.0
338,equal_split_vickrey_faltings_fair,15.0,15.0,0.0,0.0
338,lp_demand_vickrey,15.0,10.00001,4.99999,-1.1102230246251565e-16
338,lp_integrated_supply_demand,15.0,15.0,0.0,0.0
339,equal_split_first_best,45.0,45.0,0.0,0.0
339,equal_split_vickrey_majority,45.0,45.0,0.0,0.0
339,equal_split_vickrey_faltings_fair,45.0,45.0,0.0,0.0
339,lp_demand_vickrey,45.0,30.00003,14.999970000000001,-1.1102230246251565e-16
339,lp_integrated_supply_demand,45.0,45.0,0.0,0.0
340,equal_split_first_best,30.0,30.0,0.0,0.0
340,equal_split_vickrey_majority,30.0,30.0,0.0,0.0
340,equal_split_vickrey_faltings_fair,30.0,30.0,0.0,0.0
340,lp_demand_vickrey,30.0,20.00002,9.99998,-1.1102230246251565e-16
340,lp_integrated_supply_demand,30.0,30.0,0.0,0.0
341,equal_split_first_best,30.0,30.0,0.0,0.0
341,equal_split_vickrey_majority,30.0,30.0,0.0,0.0
341,equal_split_vickrey_faltings_fair,30.0,30.0,0.0,0.0
341,lp_demand_vickrey,30.0,20.00002,9.99998,-1.1102230246251565e-16
341,lp_integrated_supply_demand,30.0,30.0,0.0,0.0
342,equal_split_first_best,15.0,15.0,0.0,0.0
342,equal_split_vickrey_majority,15.0,0.0,15.0,0.0
342,equal_split_vickrey_faltings_fair,15.0,10.0,5.0,-2.220446049250313e-16
342,lp_demand_vickrey,15.0,4.99999,10.00001,0.0
342,lp_integrated_supply_demand,15.0,14.71704117182835,0.2829588281716493,0.0
343,equal_split_first_best,0.0,0.0,0.0,0.0
343,equal_split_vickrey_majority,0.0,0.0,0.0,0.0
343,equal_split_vickrey_faltings_fair,0.0,0.0,0.0,0.0
343,lp_demand_vickrey,0.0,0.0,0.0,0.0
343,lp_integrated_supply_demand,0.0,0.0,0.0,0.0
344,equal_split_first_best,0.0,0.0,0.0,0.0
344,equal_split_vickrey_majority,0.0,0.0,0.0,0.0
344,equal_split_vickrey_faltings_fair,0.0,0.0,0.0,0.0
344,lp_demand_vickrey,0.0,0.0,0.0,0.0
344,lp_integrated_supply_demand,0.0,0.0,0.0,0.0
345,equal_split_first_best,30.0,30.0,0.0,0.0
345,equal_split_vickrey_majority,30.0,30.0,0.0,0.0
345,equal_split_vickrey_faltings_fair,30.0,30.0,0.0,0.0
345,lp_demand_vickrey,30.0,20.00002,9.99998,-1.1102230246251565e-16
345,lp_integrated_supply_demand,30.0,29.779232759888053,0.2207672401119467,0.0
346,equal_split_first_best,15.0,15.0,0.0,0.0
346,equal_split_vickrey_majority,15.0,15.0,0.0,0.0
346,equal_split_vickrey_faltings_fair,15.0,15.0,0.0,0.0
346,lp_demand_vickrey,15.0,10.00001,4.99999,-1.1102230246251565e-16
346,lp_integrated_supply_demand,15.0,15.0,0.0,0.0
347,equal_split_first_best,15.0,15.0,0.0,0.0
347,equal_split_vickrey_majority,15.0,15.0,0.0,0.0
347,equal_split_vickrey_faltings_fair,15.0,5.0,10.0,4.440892098500626e-16
347,lp_demand_vickrey,15.0,6.818226818181811,8.181773181818189,0.0
347,lp_integrated_supply_demand,15.0,14.714970017226355,0.28502998277364533,0.0
348,equal_split_first_best,45.0,45.0,0.0,0.0
348,equal_split_vickrey_majority,45.0,45.0,0.0,0.0
348,equal_split_vickrey_faltings_fair,45.0,45.0,0.0,0.0
348,lp_demand_vickrey,45.0,30.00003,14.999970000000001,-1.1102230246251565e-16
348,lp_integrated_supply_demand,45.0,44.73258990634328,0.2674100936567214,0.0
349,equal_split_first_best,30.0,30.0,0.0,0.0
349,equal_split_vickrey_majority,30.0,30.0,0.0,0.0
349,equal_split_vickrey_faltings_fair,30.0,30.0,0.0,0.0
349,lp_demand_vickrey,30.0,20.00002,9.99998,-1.1102230246251565e-16
349,lp_integrated_supply_demand,30.0,30.0,0.0,0.0
350,equal_split_first_best,30.0,30.0,0.0,0.0
350,equal_split_vickrey_majority,30.0,30.0,0.0,0.0
350,equal_split_vickrey_faltings_fair,30.0,20.0,10.0,0.0
350,lp_demand_vickrey,30.0,19.090969090909084,10.909030909090916,-8.881784197001252e-16
350,lp_integrated_supply_demand,30.0,29.701492437313433,0.29850756268656653,0.0
351,equal_split_first_best,30.0,30.0,0.0,0.0
351,equal_split_vickrey_majority,30.0,30.0,0.0,0.0
351,equal_split_vickrey_faltings_fair,30.0,30.0,0.0,0.0
351,lp_demand_vickrey,30.0,30.0,0.0,0.0
351,lp_integrated_supply_demand,30.0,30.0,0.0,0.0
352,equal_split_first_best,30.0,30.0,0.0,0.0
352,equal_split_vickrey_majority,30.0,30.0,0.0,0.0
352,equal_split_vickrey_faltings_fair,30.0,30.0,0.0,0.0
352,lp_demand_vickrey,30.0,20.00002,9.99998,-1.1102230246251565e-16
352,lp_integrated_supply_demand,30.0,30.0,0.0,0.0
353,equal_split_first_best,30.0,30.0,0.0,0.0
353,equal_split_vickrey_majority,30.0,30.0,0.0,0.0
353,equal_split_vickrey_faltings_fair,30.0,30.0,0.0,0.0
353,lp_demand_vickrey,30.0,20.00002,9.99998,-1.1102230246251565e-16
353,lp_integrated_supply_demand,30.0,29.779232759888053,0.2207672401119467,0.0
354,equal_split_first_best,45.0,45.0,0.0,0.0
354,equal_split_vickrey_majority,45.0,45.0,0.0,0.0
354,equal_split_vickrey_faltings_fair,45.0,45.0,0.0,0.0
354,lp_demand_vickrey,45.0,45.0,0.0,0.0
354,lp_integrated_supply_demand,45.0,45.0,0.0,0.0
355,equal_split_first_best,45.0,45.0,0.0,0.0
355,equal_split_vickrey_majority,45.0,45.0,0.0,0.0
355,equal_split_vickrey_faltings_fair,45.0,45.0,0.0,0.0
355,lp_demand_vickrey,45.0,45.0,0.0,0.0
355,lp_integrated_supply_demand,45.0,45.0,0.0,0.0
356,equal_split_first_best,45.0,45.0,0.0,0.0
356,equal_split_vickrey_majority,45.0,45.0,0.0,0.0
356,equal_split_vickrey_faltings_fair,45.0,45.0,0.0,0.0
356,lp_demand_vickrey,45.0,45.0,0.0,0.0
356,lp_integrated_supply_demand,45.0,44.70149243731343,0.29850756268656653,0.0
357,equal_split_first_best,60.0,60.0,0.0,0.0
357,equal_split_vickrey_majority,60.0,60.0,0.0,0.0
357,equal_split_vickrey_faltings_fair,60.0,60.0,0.0,0.0
357,lp_demand_vickrey,60.0,60.0,0.0,0.0
357,lp_integrated_supply_demand,60.0,60.0,0.0,0.0
358,equal_split_first_best,60.0,60.0,0.0,0.0
358,equal_split_vickrey_majority,60.0,60.0,0.0,0.0
358,equal_split_vickrey_faltings_fair,60.0,60.0,0.0,0.0
358,lp_demand_vickrey,60.0,60.0,0.0,0.0
358,lp_integrated_supply_demand,60.0,60.0,0.0,0.0
359,equal_split_first_best,60.0,60.0,0.0,0.0
359,equal_split_vickrey_majority,60.0,60.0,0.0,0.0
359,equal_split_vickrey_faltings_fair,60.0,60.0,0.0,0.0
359,lp_demand_vickrey,60.0,60.0,0.0,0.0
359,lp_integrated_supply_demand,60.0,60.0,0.0,0.0
360,equal_split_first_best,30.0,30.0,0.0,0.0
360,equal_split_vickrey_majority,30.0,30.0,0.0,0.0
360,equal_split_vickrey_faltings_fair,30.0,30.0,0.0,0.0
360,lp_demand_vickrey,30.0,20.00002,9.99998,0.0
360,lp_integrated_supply_demand,30.0,30.0,0.0,0.0
361,equal_split_first_best,15.0,15.0,0.0,0.0
361,equal_split_vickrey_majority,15.0,15.0,0.0,0.0
361,equal_split_vickrey_faltings_fair,15.0,15.0,0.0,0.0
361,lp_demand_vickrey,15.0,10.00001,4.99999,-1.1102230246251565e-16
361,lp_integrated_supply_demand,15.0,15.0,0.0,0.0
362,equal_split_first_best,15.0,15.0,0.0,0.0
362,equal_split_vickrey_majority,15.0,15.0,0.0,0.0
362,equal_split_vickrey_faltings_fair,15.0,15.0,0.0,0.0
362,lp_demand_vickrey,15.0,10.00001,4.99999,-1.1102230246251565e-16
362,lp_integrated_supply_demand,15.0,15.0,0.0,0.0
363,equal_split_first_best,45.0,45.0,0.0,0.0
363,equal_split_vickrey_majority,45.0,45.0,0.0,0.0
363,equal_split_vickrey_faltings_fair,45.0,45.0,0.0,0.0
363,lp_demand_vickrey,45.0,45.0,0.0,0.0
363,lp_integrated_supply_demand,45.0,45.0,0.0,0.0
364,equal_split_first_best,30.0,30.0,0.0,0.0
364,equal_split_vickrey_majority,30.0,30.0,0.0,0.0
364,equal_split_vickrey_faltings_fair,30.0,30.0,0.0,0.0
364,lp_demand_vickrey,30.0,30.0,0.0,0.0
364,lp_integrated_supply_demand,30.0,30.0,0.0,0.0
365,equal_split_first_best,30.0,30.0,0.0,0.0
365,equal_split_vickrey_majority,30.0,30.0,0.0,0.0
365,equal_split_vickrey_faltings_fair,30.0,30.0,0.0,0.0
365,lp_demand_vickrey,30.0,30.0,0.0,0.0
365,lp_integrated_supply_demand,30.0,30.0,0.0,0.0
366,equal_split_first_best,60.0,60.0,0.0,0.0
366,equal_split_vickrey_majority,60.0,60.0,0.0,0.0
366,equal_split_vickrey_faltings_fair,60.0,60.0,0.0,0.0
366,lp_demand_vickrey,60.0,60.0,0.0,0.0
366,lp_integrated_supply_demand,60.0,60.0,0.0,0.0
367,equal_split_first_best,45.0,45.0,0.0,0.0
367,equal_split_vickrey_majority,45.0,45.0,0.0,0.0
367,equal_split_vickrey_faltings_fair,45.0,45.0,0.0,0.0
367,lp_demand_vickrey,45.0,45.0,0.0,0.0
367,lp_integrated_supply_demand,45.0,45.0,0.0,0.0
368,equal_split_first_best,45.0,45.0,0.0,0.0
368,equal_split_vickrey_majority,45.0,45.0,0.0,0.0
368,equal_split_vickrey_faltings_fair,45.0,45.0,0.0,0.0
368,lp_demand_vickrey,45.0,45.0,0.0,0.0
368,lp_integrated_supply_demand,45.0,45.0,0.0,0.0
369,equal_split_first_best,30.0,30.0,0.0,0.0
369,equal_split_vickrey_majority,30.0,30.0,0.0,0.0
369,equal_split_vickrey_faltings_fair,30.0,30.0,0.0,0.0
369,lp_demand_vickrey,30.0,20.00002,9.99998,0.0
369,lp_integrated_supply_demand,30.0,29.701492437313433,0.29850756268656653,0.0
370,equal_split_first_best,15.0,15.0,0.0,0.0
370,equal_split_vickrey_majority,15.0,15.0,0.0,0.0
370,equal_split_vickrey_faltings_fair,15.0,15.0,0.0,0.0
370,lp_demand_vickrey,15.0,10.00001,4.99999,-1.1102230246251565e-16
370,lp_integrated_supply_demand,15.0,15.0,0.0,0.0
371,equal_split_first_best,15.0,15.0,0.0,0.0
371,equal_split_vickrey_majority,15.0,15.0,0.0,0.0
371,equal_split_vickrey_faltings_fair,15.0,5.0,10.0,4.440892098500626e-16
371,lp_demand_vickrey,15.0,6.818226818181811,8.181773181818189,0.0
371,lp_integrated_supply_demand,15.0,14.714970017226355,0.28502998277364533,0.0
372,equal_split_first_best,45.0,45.0,0.0,0.0
372,equal_split_vickrey_majority,45.0,45.0,0.0,0.0
372,equal_split_vickrey_faltings_fair,45.0,45.0,0.0,0.0
372,lp_demand_vickrey,45.0,45.0,0.0,0.0
372,lp_integrated_supply_demand,45.0,44.70149243731343,0.29850756268656653,0.0
373,equal_split_first_best,30.0,30.0,0.0,0.0
373,equal_split_vickrey_majority,30.0,30.0,0.0,0.0
373,equal_split_vickrey_faltings_fair,30.0,30.0,0.0,0.0
373,lp_demand_vickrey,30.0,30.0,0.0,0.0
373,lp_integrated_supply_demand,30.0,30.0,0.0,0.0
374,equal_split_first_best,30.0,30.0,0.0,0.0
374,equal_split_vickrey_majority,30.0,30.0,0.0,0.0
374,equal_split_vickrey_faltings_fair,30.0,30.0,0.0,0.0
374,lp_demand_vickrey,30.0,13.636453636363623,16.363546363636377,0.0
374,lp_integrated_supply_demand,30.0,29.76991088917905,0.2300891108209484,0.0
375,equal_split_first_best,60.0,60.0,0.0,0.0
375,equal_split_vickrey_majority,60.0,60.0,0.0,0.0
375,equal_split_vickrey_faltings_fair,60.0,60.0,0.0,0.0
375,lp_demand_vickrey,60.0,60.0,0.0,0.0
375,lp_integrated_supply_demand,60.0,59.70149243731343,0.29850756268656653,0.0
376,equal_split_first_best,45.0,45.0,0.0,0.0
376,equal_split_vickrey_majority,45.0,45.0,0.0,0.0
376,equal_split_vickrey_faltings_fair,45.0,45.0,0.0,0.0
376,lp_demand_vickrey,45.0,45.0,0.0,0.0
376,lp_integrated_supply_demand,45.0,45.0,0.0,0.0
377,equal_split_first_best,45.0,45.0,0.0,0.0
377,equal_split_vickrey_majority,45.0,45.0,0.0,0.0
377,equal_split_vickrey_faltings_fair,45.0,45.0,0.0,0.0
377,lp_demand_vickrey,45.0,28.636453636363623,16.363546363636377,-8.881784197001252e-16
377,lp_integrated_supply_demand,45.0,44.87563022388054,0.12436977611945821,-8.881784197001252e-16
378,equal_split_first_best,45.0,45.0,0.0,0.0
378,equal_split_vickrey_majority,45.0,45.0,0.0,0.0
378,equal_split_vickrey_faltings_fair,45.0,45.0,0.0,0.0
378,lp_demand_vickrey,45.0,45.0,0.0,0.0
378,lp_integrated_supply_demand,45.0,45.0,0.0,0.0
379,equal_split_first_best,45.0,45.0,0.0,0.0
379,equal_split_vickrey_majority,45.0,45.0,0.0,0.0
379,equal_split_vickrey_faltings_fair,45.0,45.0,0.0,0.0
379,lp_demand_vickrey,45.0,30.00003,14.999970000000001,-1.1102230246251565e-16
379,lp_integrated_supply_demand,45.0,45.0,0.0,0.0
380,equal_split_first_best,45.0,45.0,0.0,0.0
380,equal_split_vickrey_majority,45.0,45.0,0.0,0.0
380,equal_split_vickrey_faltings_fair,45.0,45.0,0.0,0.0
380,lp_demand_vickrey,45.0,30.00003,14.999970000000001,-1.1102230246251565e-16
380,lp_integrated_supply_demand,45.0,44.73258990634328,0.2674100936567214,0.0
381,equal_split_first_best,60.0,60.0,0.0,0.0
381,equal_split_vickrey_majority,60.0,60.0,0.0,0.0
381,equal_split_vickrey_faltings_fair,60.0,60.0,0.0,0.0
381,lp_demand_vickrey,60.0,60.0,0.0,0.0
381,lp_integrated_supply_demand,60.0,60.0,0.0,0.0
382,equal_split_first_best,60.0,60.0,0.0,0.0
382,equal_split_vickrey_majority,60.0,60.0,0.0,0.0
382,equal_split_vickrey_faltings_fair,60.0,60.0,0.0,0.0
382,lp_demand_vickrey,60.0,60.0,0.0,0.0
382,lp_integrated_supply_demand,60.0,60.0,0.0,0.0
383,equal_split_first_best,60.0,60.0,0.0,0.0
383,equal_split_vickrey_majority,60.0,60.0,0.0,0.0
383,equal_split_vickrey_faltings_fair,60.0,60.0,0.0,0.0
383,lp_demand_vickrey,60.0,60.0,0.0,0.0
383,lp_integrated_supply_demand,60.0,59.70149243731343,0.29850756268656653,0.0
384,equal_split_first_best,75.0,75.0,0.0,0.0
384,equal_split_vickrey_majority,75.0,75.0,0.0,0.0
384,equal_split_vickrey_faltings_fair,75.0,75.0,0.0,0.0
384,lp_demand_vickrey,75.0,75.0,0.0,0.0
384,lp_integrated_supply_demand,75.0,75.0,0.0,0.0
385,equal_split_first_best,75.0,75.0,0.0,0.0
385,equal_split_vickrey_majority,75.0,75.0,0.0,0.0
385,equal_split_vickrey_faltings_fair,75.0,75.0,0.0,0.0
385,lp_demand_vickrey,75.0,75.0,0.0,0.0
385,lp_integrated_supply_demand,75.0,75.0,0.0,0.0
386,equal_split_first_best,75.0,75.0,0.0,0.0
386,equal_split_vickrey_majority,75.0,75.0,0.0,0.0
386,equal_split_vickrey_faltings_fair,75.0,75.0,0.0,0.0
386,lp_demand_vickrey,75.0,75.0,0.0,0.0
386,lp_integrated_supply_demand,75.0,75.0,0.0,0.0
387,equal_split_first_best,45.0,45.0,0.0,0.0
387,equal_split_vickrey_majority,45.0,45.0,0.0,0.0
387,equal_split_vickrey_faltings_fair,45.0,45.0,0.0,0.0
387,lp_demand_vickrey,45.0,30.00003,14.999970000000001,0.0
387,lp_integrated_supply_demand,45.0,45.0,0.0,0.0
388,equal_split_first_best,30.0,30.0,0.0,0.0
388,equal_split_vickrey_majority,30.0,30.0,0.0,0.0
388,equal_split_vickrey_faltings_fair,30.0,30.0,0.0,0.0
388,lp_demand_vickrey,30.0,20.00002,9.99998,-1.1102230246251565e-16
388,lp_integrated_supply_demand,30.0,30.0,0.0,0.0
389,equal_split_first_best,30.0,30.0,0.0,0.0
389,equal_split_vickrey_majority,30.0,30.0,0.0,0.0
389,equal_split_vickrey_faltings_fair,30.0,30.0,0.0,0.0
389,lp_demand_vickrey,30.0,20.00002,9.99998,-1.1102230246251565e-16
389,lp_integrated_supply_demand,30.0,30.0,0.0,0.0
390,equal_split_first_best,60.0,60.0,0.0,0.0
390,equal_split_vickrey_majority,60.0,60.0,0.0,0.0
390,equal_split_vickrey_faltings_fair,60.0,60.0,0.0,0.0
390,lp_demand_vickrey,60.0,60.0,0.0,0.0
390,lp_integrated_supply_demand,60.0,60.0,0.0,0.0
391,equal_split_first_best,45.0,45.0,0.0,0.0
391,equal_split_vickrey_majority,45.0,45.0,0.0,0.0
391,equal_split_vickrey_faltings_fair,45.0,45.0,0.0,0.0
391,lp_demand_vickrey,45.0,45.0,0.0,0.0
391,lp_integrated_supply_demand,45.0,45.0,0.0,0.0
392,equal_split_first_best,45.0,45.0,0.0,0.0
392,equal_split_vickrey_majority,45.0,45.0,0.0,0.0
392,equal_split_vickrey_faltings_fair,45.0,45.0,0.0,0.0
392,lp_demand_vickrey,45.0,45.0,0.0,0.0
392,lp_integrated_supply_demand,45.0,45.0,0.0,0.0
393,equal_split_first_best,75.0,75.0,0.0,0.0
393,equal_split_vickrey_majority,75.0,75.0,0.0,0.0
393,equal_split_vickrey_faltings_fair,75.0,75.0,0.0,0.0
393,lp_demand_vickrey,75.0,75.0,0.0,0.0
393,lp_integrated_supply_demand,75.0,75.0,0.0,0.0
394,equal_split_first_best,60.0,60.0,0.0,0.0
394,equal_split_vickrey_majority,60.0,60.0,0.0,0.0
394,equal_split_vickrey_faltings_fair,60.0,60.0,0.0,0.0
394,lp_demand_vickrey,60.0,60.0,0.0,0.0
394,lp_integrated_supply_demand,60.0,60.0,0.0,0.0
395,equal_split_first_best,60.0,60.0,0.0,0.0
395,equal_split_vickrey_majority,60.0,60.0,0.0,0.0
395,equal_split_vickrey_faltings_fair,60.0,60.0,0.0,0.0
395,lp_demand_vickrey,60.0,60.0,0.0,0.0
395,lp_integrated_supply_demand,60.0,60.00000000000001,-7.105427357601002e-15,0.0
396,equal_split_first_best,45.0,45.0,0.0,0.0
396,equal_split_vickrey_majority,45.0,45.0,0.0,0.0
396,equal_split_vickrey_faltings_fair,45.0,45.0,0.0,0.0
396,lp_demand_vickrey,45.0,30.00003,14.999970000000001,0.0
396,lp_integrated_supply_demand,45.0,45.0,0.0,0.0
397,equal_split_first_best,30.0,30.0,0.0,0.0
397,equal_split_vickrey_majority,30.0,30.0,0.0,0.0
397,equal_split_vickrey_faltings_fair,30.0,30.0,0.0,0.0
397,lp_demand_vickrey,30.0,20.00002,9.99998,-1.1102230246251565e-16
397,lp_integrated_supply_demand,30.0,30.0,0.0,0.0
398,equal_split_first_best,30.0,30.0,0.0,0.0
398,equal_split_vickrey_majority,30.0,30.0,0.0,0.0
398,equal_split_vickrey_faltings_fair,30.0,20.0,10.0,0.0
398,lp_demand_vickrey,30.0,19.090969090909084,10.909030909090916,-8.881784197001252e-16
398,lp_integrated_supply_demand,30.0,29.701492437313433,0.29850756268656653,0.0
399,equal_split_first_best,60.0,60.0,0.0,0.0
399,equal_split_vickrey_majority,60.0,60.0,0.0,0.0
399,equal_split_vickrey_faltings_fair,60.0,60.0,0.0,0.0
399,lp_demand_vickrey,60.0,60.0,0.0,0.0
399,lp_integrated_supply_demand,60.0,60.0,0.0,0.0
400,equal_split_first_best,45.0,45.0,0.0,0.0
400,equal_split_vickrey_majority,45.0,45.0,0.0,0.0
400,equal_split_vickrey_faltings_fair,45.0,45.0,0.0,0.0
400,lp_demand_vickrey,45.0,45.0,0.0,0.0
400,lp_integrated_supply_demand,45.0,45.0,0.0,0.0
401,equal_split_first_best,45.0,45.0,0.0,0.0
401,equal_split_vickrey_majority,45.0,45.0,0.0,0.0
401,equal_split_vickrey_faltings_fair,45.0,45.0,0.0,0.0
401,lp_demand_vickrey,45.0,28.636453636363623,16.363546363636377,-8.881784197001252e-16
401,lp_integrated_supply_demand,45.0,44.87563022388054,0.12436977611945821,-8.881784197001252e-16
402,equal_split_first_best,75.0,75.0,0.0,0.0
402,equal_split_vickrey_majority,75.0,75.0,0.0,0.0
402,equal_split_vickrey_faltings_fair,75.0,75.0,0.0,0.0
402,lp_demand_vickrey,75.0,75.0,0.0,0.0
402,lp_integrated_supply_demand,75.0,75.0,0.0,0.0
403,equal_split_first_best,60.0,60.0,0.0,0.0
403,equal_split_vickrey_majority,60.0,60.0,0.0,0.0
403,equal_split_vickrey_faltings_fair,60.0,60.0,0.0,0.0
403,lp_demand_vickrey,60.0,60.0,0.0,0.0
403,lp_integrated_supply_demand,60.0,60.00000000000001,-7.105427357601002e-15,0.0
404,equal_split_first_best,60.0,60.0,0.0,0.0
404,equal_split_vickrey_majority,60.0,60.0,0.0,0.0
404,equal_split_vickrey_faltings_fair,60.0,60.0,0.0,0.0
404,lp_demand_vickrey,60.0,49.090969090909084,10.909030909090916,0.0
404,lp_integrated_supply_demand,60.0,60.0,0.0,0.0
405,equal_split_first_best,15.0,15.0,0.0,0.0
405,equal_split_vickrey_majority,15.0,15.0,0.0,0.0
405,equal_split_vickrey_faltings_fair,15.0,15.0,0.0,0.0
405,lp_demand_vickrey,15.0,15.0,0.0,0.0
405,lp_integrated_supply_demand,15.0,15.0,0.0,0.0
406,equal_split_first_best,15.0,15.0,0.0,0.0
406,equal_split_vickrey_majority,15.0,0.0,15.0,0.0
406,equal_split_vickrey_faltings_fair,15.0,10.0,5.0,-2.220446049250313e-16
406,lp_demand_vickrey,15.0,4.99999,10.00001,0.0
406,lp_integrated_supply_demand,15.0,14.701492437313433,0.29850756268656653,0.0
407,equal_split_first_best,15.0,15.0,0.0,0.0
407,equal_split_vickrey_majority,15.0,0.0,15.0,0.0
407,equal_split_vickrey_faltings_fair,15.0,0.0,15.0,0.0
407,lp_demand_vickrey,15.0,0.0,15.0,0.0
407,lp_integrated_supply_demand,15.0,14.78544957369402,0.21455042630597987,0.0
408,equal_split_first_best,30.0,30.0,0.0,0.0
408,equal_split_vickrey_majority,30.0,30.0,0.0,0.0
408,equal_split_vickrey_faltings_fair,30.0,30.0,0.0,0.0
408,lp_demand_vickrey,30.0,30.0,0.0,0.0
408,lp_integrated_supply_demand,30.0,30.0,0.0,0.0
409,equal_split_first_best,30.0,30.0,0.0,0.0
409,equal_split_vickrey_majority,30.0,30.0,0.0,0.0
409,equal_split_vickrey_faltings_fair,30.0,30.0,0.0,0.0
409,lp_demand_vickrey,30.0,20.00002,9.99998,0.0
409,lp_integrated_supply_demand,30.0,29.701492437313433,0.29850756268656653,0.0
410,equal_split_first_best,30.0,30.0,0.0,0.0
410,equal_split_vickrey_majority,30.0,30.0,0.0,0.0
410,equal_split_vickrey_faltings_fair,30.0,10.0,20.0,0.0
410,lp_demand_vickrey,30.0,13.636453636363623,16.363546363636377,0.0
410,lp_integrated_supply_demand,30.0,30.0,0.0,0.0
411,equal_split_first_best,45.0,45.0,0.0,0.0
411,equal_split_vickrey_majority,45.0,45.0,0.0,0.0
411,equal_split_vickrey_faltings_fair,45.0,45.0,0.0,0.0
411,lp_demand_vickrey,45.0,45.0,0.0,0.0
411,lp_integrated_supply_demand,45.0,45.0,0.0,0.0
412,equal_split_first_best,45.0,45.0,0.0,0.0
412,equal_split_vickrey_majority,45.0,45.0,0.0,0.0
412,equal_split_vickrey_faltings_fair,45.0,45.0,0.0,0.0
412,lp_demand_vickrey,45.0,30.00003,14.999970000000001,0.0
412,lp_integrated_supply_demand,45.0,44.70149243731343,0.29850756268656653,0.0
413,equal_split_first_best,45.0,45.0,0.0,0.0
413,equal_split_vickrey_majority,45.0,45.0,0.0,0.0
413,equal_split_vickrey_faltings_fair,45.0,30.0,15.0,1.3322676295501878e-15
413,lp_demand_vickrey,45.0,28.636453636363623,16.363546363636377,-8.881784197001252e-16
413,lp_integrated_supply_demand,45.0,45.0,0.0,0.0
414,equal_split_first_best,15.0,15.0,0.0,0.0
414,equal_split_vickrey_majority,15.0,0.0,15.0,0.0
414,equal_split_vickrey_faltings_fair,15.0,10.0,5.0,-2.220446049250313e-16
414,lp_demand_vickrey,15.0,4.99999,10.00001,0.0
414,lp_integrated_supply_demand,15.0,14.701492437313433,0.29850756268656653,0.0
415,equal_split_first_best,0.0,0.0,0.0,0.0
415,equal_split_vickrey_majority,0.0,0.0,0.0,0.0
415,equal_split_vickrey_faltings_fair,0.0,0.0,0.0,-2.220446049250313e-16
415,lp_demand_vickrey,0.0,0.0,0.0,0.0
415,lp_integrated_supply_demand,0.0,0.0,0.0,0.0
416,equal_split_first_best,0.0,0.0,0.0,0.0
416,equal_split_vickrey_majority,0.0,0.0,0.0,0.0
416,equal_split_vickrey_faltings_fair,0.0,0.0,0.0,0.0
416,lp_demand_vickrey,0.0,0.0,0.0,0.0
416,lp_integrated_supply_demand,0.0,0.0,0.0,3.3306690738754696e-16
417,equal_split_first_best,30.0,30.0,0.0,0.0
417,equal_split_vickrey_majority,30.0,30.0,0.0,0.0
417,equal_split_vickrey_faltings_fair,30.0,30.0,0.0,0.0
417,lp_demand_vickrey,30.0,20.00002,9.99998,-1.1102230246251565e-16
417,lp_integrated_supply_demand,30.0,29.701492437313433,0.29850756268656653,0.0
418,equal_split_first_best,15.0,15.0,0.0,0.0
418,equal_split_vickrey_majority,15.0,15.0,0.0,0.0
418,equal_split_vickrey_faltings_fair,15.0,15.0,0.0,0.0
418,lp_demand_vickrey,15.0,10.00001,4.99999,0.0
418,lp_integrated_supply_demand,15.0,15.0,0.0,0.0
419,equal_split_first_best,15.0,15.0,0.0,0.0
419,equal_split_vickrey_majority,15.0,15.0,0.0,0.0
419,equal_split_vickrey_faltings_fair,15.0,5.0,10.0,0.0
419,lp_demand_vickrey,15.0,6.818226818181811,8.181773181818189,0.0
419,lp_integrated_supply_demand,15.0,14.701492437313433,0.29850756268656653,0.0
420,equal_split_first_best,45.0,45.0,0.0,0.0
420,equal_split_vickrey_majority,45.0,45.0,0.0,0.0
420,equal_split_vickrey_faltings_fair,45.0,45.0,0.0,0.0
420,lp_demand_vickrey,45.0,30.00003,14.999970000000001,-1.1102230246251565e-16
420,lp_integrated_supply_demand,45.0,44.70149243731343,0.29850756268656653,0.0
421,equal_split_first_best,30.0,30.0,0.0,0.0
421,equal_split_vickrey_majority,30.0,30.0,0.0,0.0
421,equal_split_vickrey_faltings_fair,30.0,30.0,0.0,0.0
421,lp_demand_vickrey,30.0,20.00002,9.99998,0.0
421,lp_integrated_supply_demand,30.0,30.0,0.0,0.0
422,equal_split_first_best,30.0,30.0,0.0,0.0
422,equal_split_vickrey_majority,30.0,30.0,0.0,0.0
422,equal_split_vickrey_faltings_fair,30.0,20.0,10.0,1.3322676295501878e-15
422,lp_demand_vickrey,30.0,19.090969090909084,10.909030909090916,-8.881784197001252e-16
422,lp_integrated_supply_demand,30.0,29.788561330596995,0.21143866940300526,0.0
423,equal_split_first_best,15.0,15.0,0.0,0.0
423,equal_split_vickrey_majority,15.0,0.0,15.0,0.0
423,equal_split_vickrey_faltings_fair,15.0,0.0,15.0,0.0
423,lp_demand_vickrey,15.0,0.0,15.0,0.0
423,lp_integrated_supply_demand,15.0,14.78544957369402,0.21455042630597987,0.0
424,equal_split_first_best,0.0,0.0,0.0,0.0
424,equal_split_vickrey_majority,0.0,0.0,0.0,0.0
424,equal_split_vickrey_faltings_fair,0.0,0.0,0.0,0.0
424,lp_demand_vickrey,0.0,0.0,0.0,0.0
424,lp_integrated_supply_demand,0.0,0.0,0.0,-5.551115123125783e-16
425,equal_split_first_best,0.0,0.0,0.0,0.0
425,equal_split_vickrey_majority,0.0,0.0,0.0,0.0
425,equal_split_vickrey_faltings_fair,0.0,0.0,0.0,0.0
425,lp_demand_vickrey,0.0,0.0,0.0,0.0
425,lp_integrated_supply_demand,0.0,-0.2985075626865671,0.2985075626865671,0.0
426,equal_split_first_best,30.0,30.0,0.0,0.0
426,equal_split_vickrey_majority,30.0,30.0,0.0,0.0
426,equal_split_vickrey_faltings_fair,30.0,10.0,20.0,4.440892098500626e-16
426,lp_demand_vickrey,30.0,13.636453636363623,16.363546363636377,0.0
426,lp_integrated_supply_demand,30.0,29.701499137313412,0.2985008626865877,0.0
427,equal_split_first_best,15.0,15.0,0.0,0.0
427,equal_split_vickrey_majority,15.0,15.0,0.0,0.0
427,equal_split_vickrey_faltings_fair,15.0,5.0,10.0,4.440892098500626e-16
427,lp_demand_vickrey,15.0,6.818226818181811,8.181773181818189,0.0
427,lp_integrated_supply_demand,15.0,14.714970017226355,0.28502998277364533,0.0
428,equal_split_first_best,0.0,0.0,0.0,0.0
428,equal_split_vickrey_majority,0.0,0.0,0.0,0.0
428,equal_split_vickrey_faltings_fair,0.0,0.0,0.0,4.440892098500626e-16
428,lp_demand_vickrey,0.0,0.0,0.0,0.0
428,lp_integrated_supply_demand,0.0,0.0,0.0,0.0
429,equal_split_first_best,45.0,45.0,0.0,0.0
429,equal_split_vickrey_majority,45.0,45.0,0.0,0.0
429,equal_split_vickrey_faltings_fair,45.0,30.0,15.0,1.3322676295501878e-15
429,lp_demand_vickrey,45.0,28.636453636363623,16.363546363636377,0.0
429,lp_integrated_supply_demand,45.0,44.70149243731343,0.29850756268656653,-8.881784197001252e-16
430,equal_split_first_best,30.0,30.0,0.0,0.0
430,equal_split_vickrey_majority,30.0,30.0,0.0,0.0
430,equal_split_vickrey_faltings_fair,30.0,20.0,10.0,1.3322676295501878e-15
430,lp_demand_vickrey,30.0,19.090969090909084,10.909030909090916,0.0
430,lp_integrated_supply_demand,30.0,29.701492437313433,0.29850756268656653,0.0
431,equal_split_first_best,15.0,15.0,0.0,0.0
431,equal_split_vickrey_majority,15.0,15.0,0.0,0.0
431,equal_split_vickrey_faltings_fair,15.0,10.0,5.0,0.0
431,lp_demand_vickrey,15.0,9.545484545454542,5.454515454545458,-8.881784197001252e-16
431,lp_integrated_supply_demand,15.0,14.701492437313433,0.29850756268656653,0.0
432,equal_split_first_best,30.0,30.0,0.0,0.0
432,equal_split_vickrey_majority,30.0,30.0,0.0,0.0
432,equal_split_vickrey_faltings_fair,30.0,30.0,0.0,0.0
432,lp_demand_vickrey,30.0,30.0,0.0,0.0
432,lp_integrated_supply_demand,30.0,30.0,0.0,0.0
433,equal_split_first_best,30.0,30.0,0.0,0.0
433,equal_split_vickrey_majority,30.0,30.0,0.0,0.0
433,equal_split_vickrey_faltings_fair,30.0,30.0,0.0,0.0
433,lp_demand_vickrey,30.0,20.00002,9.99998,-1.1102230246251565e-16
433,lp_integrated_supply_demand,30.0,29.701492437313433,0.29850756268656653,0.0
434,equal_split_first_best,30.0,30.0,0.0,0.0
434,equal_split_vickrey_majority,30.0,30.0,0.0,0.0
434,equal_split_vickrey_faltings_fair,30.0,10.0,20.0,4.440892098500626e-16
434,lp_demand_vickrey,30.0,13.636453636363623,16.363546363636377,0.0
434,lp_integrated_supply_demand,30.0,29.701499137313412,0.2985008626865877,0.0
435,equal_split_first_best,45.0,45.0,0.0,0.0
435,equal_split_vickrey_majority,45.0,45.0,0.0,0.0
435,equal_split_vickrey_faltings_fair,45.0,45.0,0.0,0.0
435,lp_demand_vickrey,45.0,45.0,0.0,0.0
435,lp_integrated_supply_demand,45.0,45.0,0.0,0.0
436,equal_split_first_best,45.0,45.0,0.0,0.0
436,equal_split_vickrey_majority,45.0,45.0,0.0,0.0
436,equal_split_vickrey_faltings_fair,45.0,45.0,0.0,0.0
436,lp_demand_vickrey,45.0,45.0,0.0,0.0
436,lp_integrated_supply_demand,45.0,44.70149243731343,0.29850756268656653,0.0
437,equal_split_first_best,45.0,45.0,0.0,0.0
437,equal_split_vickrey_majority,45.0,45.0,0.0,0.0
437,equal_split_vickrey_faltings_fair,45.0,45.0,0.0,0.0
437,lp_demand_vickrey,45.0,20.454680454545436,24.545319545454564,0.0
437,lp_integrated_supply_demand,45.0,45.0,0.0,0.0
438,equal_split_first_best,60.0,60.0,0.0,0.0
438,equal_split_vickrey_majority,60.0,60.0,0.0,0.0
438,equal_split_vickrey_faltings_fair,60.0,60.0,0.0,0.0
438,lp_demand_vickrey,60.0,60.0,0.0,0.0
438,lp_integrated_supply_demand,60.0,60.0,0.0,0.0
439,equal_split_first_best,60.0,60.0,0.0,0.0
439,equal_split_vickrey_majority,60.0,60.0,0.0,0.0
439,equal_split_vickrey_faltings_fair,60.0,60.0,0.0,0.0
439,lp_demand_vickrey,60.0,60.0,0.0,0.0
439,lp_integrated_supply_demand,60.0,59.70149243731343,0.29850756268656653,0.0
440,equal_split_first_best,60.0,60.0,0.0,0.0
440,equal_split_vickrey_majority,60.0,60.0,0.0,0.0
440,equal_split_vickrey_faltings_fair,60.0,60.0,0.0,0.0
440,lp_demand_vickrey,60.0,38.18193818181817,21.81806181818183,-8.881784197001252e-16
440,lp_integrated_supply_demand,60.0,60.0,0.0,0.0
441,equal_split_first_best,30.0,30.0,0.0,0.0
441,equal_split_vickrey_majority,30.0,30.0,0.0,0.0
441,equal_split_vickrey_faltings_fair,30.0,30.0,0.0,0.0
441,lp_demand_vickrey,30.0,20.00002,9.99998,0.0
441,lp_integrated_supply_demand,30.0,29.701492437313433,0.29850756268656653,0.0
442,equal_split_first_best,15.0,15.0,0.0,0.0
442,equal_split_vickrey_majority,15.0,15.0,0.0,0.0
442,equal_split_vickrey_faltings_fair,15.0,15.0,0.0,0.0
442,lp_demand_vickrey,15.0,10.00001,4.99999,-1.1102230246251565e-16
442,lp_integrated_supply_demand,15.0,15.0,0.0,0.0
443,equal_split_first_best,15.0,15.0,0.0,0.0
443,equal_split_vickrey_majority,15.0,15.0,0.0,0.0
443,equal_split_vickrey_faltings_fair,15.0,5.0,10.0,4.440892098500626e-16
443,lp_demand_vickrey,15.0,6.818226818181811,8.181773181818189,0.0
443,lp_integrated_supply_demand,15.0,14.714970017226355,0.28502998277364533,0.0
444,equal_split_first_best,45.0,45.0,0.0,0.0
444,equal_split_vickrey_majority,45.0,45.0,0.0,0.0
444,equal_split_vickrey_faltings_fair,45.0,45.0,0.0,0.0
444,lp_demand_vickrey,45.0,45.0,0.0,0.0
444,lp_integrated_supply_demand,45.0,44.70149243731343,0.29850756268656653,0.0
445,equal_split_first_best,30.0,30.0,0.0,0.0
445,equal_split_vickrey_majority,30.0,30.0,0.0,0.0
445,equal_split_vickrey_faltings_fair,30.0,30.0,0.0,0.0
445,lp_demand_vickrey,30.0,30.0,0.0,0.0
445,lp_integrated_supply_demand,30.0,30.0,0.0,0.0
446,equal_split_first_best,30.0,30.0,0.0,0.0
446,equal_split_vickrey_majority,30.0,30.0,0.0,0.0
446,equal_split_vickrey_faltings_fair,30.0,30.0,0.0,0.0
446,lp_demand_vickrey,30.0,13.636453636363623,16.363546363636377,0.0
446,lp_integrated_supply_demand,30.0,29.76991088917905,0.2300891108209484,0.0
447,equal_split_first_best,60.0,60.0,0.0,0.0
447,equal_split_vickrey_majority,60.0,60.0,0.0,0.0
447,equal_split_vickrey_faltings_fair,60.0,60.0,0.0,0.0
447,lp_demand_vickrey,60.0,60.0,0.0,0.0
447,lp_integrated_supply_demand,60.0,59.70149243731343,0.29850756268656653,0.0
448,equal_split_first_best,45.0,45.0,0.0,0.0
448,equal_split_vickrey_majority,45.0,45.0,0.0,0.0
448,equal_split_vickrey_faltings_fair,45.0,45.0,0.0,0.0
448,lp_demand_vickrey,45.0,45.0,0.0,0.0
448,lp_integrated_supply_demand,45.0,45.0,0.0,0.0
449,equal_split_first_best,45.0,45.0,0.0,0.0
449,equal_split_vickrey_majority,45.0,45.0,0.0,0.0
449,equal_split_vickrey_faltings_fair,45.0,45.0,0.0,0.0
449,lp_demand_vickrey,45.0,28.636453636363623,16.363546363636377,-8.881784197001252e-16
449,lp_integrated_supply_demand,45.0,44.87563022388054,0.12436977611945821,-8.881784197001252e-16
450,equal_split_first_best,30.0,30.0,0.0,0.0
450,equal_split_vickrey_majority,30.0,30.0,0.0,0.0
450,equal_split_vickrey_faltings_fair,30.0,10.0,20.0,0.0
450,lp_demand_vickrey,30.0,13.636453636363623,16.363546363636377,0.0
450,lp_integrated_supply_demand,30.0,30.0,0.0,0.0
451,equal_split_first_best,15.0,15.0,0.0,0.0
451,equal_split_vickrey_majority,15.0,15.0,0.0,0.0
451,equal_split_vickrey_faltings_fair,15.0,5.0,10.0,0.0
451,lp_demand_vickrey,15.0,6.818226818181811,8.181773181818189,0.0
451,lp_integrated_supply_demand,15.0,14.701492437313433,0.29850756268656653,0.0
452,equal_split_first_best,0.0,0.0,0.0,0.0
452,equal_split_vickrey_majority,0.0,0.0,0.0,0.0
452,equal_split_vickrey_faltings_fair,0.0,0.0,0.0,4.440892098500626e-16
452,lp_demand_vickrey,0.0,0.0,0.0,0.0
452,lp_integrated_supply_demand,0.0,0.0,0.0,0.0
453,equal_split_first_best,45.0,45.0,0.0,0.0
453,equal_split_vickrey_majority,45.0,45.0,0.0,0.0
453,equal_split_vickrey_faltings_fair,45.0,45.0,0.0,0.0
453,lp_demand_vickrey,45.0,20.454680454545436,24.545319545454564,0.0
453,lp_integrated_supply_demand,45.0,45.0,0.0,0.0
454,equal_split_first_best,30.0,30.0,0.0,0.0
454,equal_split_vickrey_majority,30.0,30.0,0.0,0.0
454,equal_split_vickrey_faltings_fair,30.0,30.0,0.0,0.0
454,lp_demand_vickrey,30.0,13.636453636363623,16.363546363636377,0.0
454,lp_integrated_supply_demand,30.0,29.76991088917905,0.2300891108209484,0.0
455,equal_split_first_best,15.0,15.0,0.0,0.0
455,equal_split_vickrey_majority,15.0,15.0,0.0,0.0
455,equal_split_vickrey_faltings_fair,15.0,15.0,0.0,0.0
455,lp_demand_vickrey,15.0,6.818226818181811,8.181773181818189,0.0
455,lp_integrated_supply_demand,15.0,15.0,0.0,0.0
456,equal_split_first_best,60.0,60.0,0.0,0.0
456,equal_split_vickrey_majority,60.0,60.0,0.0,0.0
456,equal_split_vickrey_faltings_fair,60.0,60.0,0.0,0.0
456,lp_demand_vickrey,60.0,38.18193818181817,21.81806181818183,0.0
456,lp_integrated_supply_demand,60.0,60.0,0.0,0.0
457,equal_split_first_best,45.0,45.0,0.0,0.0
457,equal_split_vickrey_majority,45.0,45.0,0.0,0.0
457,equal_split_vickrey_faltings_fair,45.0,45.0,0.0,0.0
457,lp_demand_vickrey,45.0,28.636453636363623,16.363546363636377,0.0
457,lp_integrated_supply_demand,45.0,44.82586221343288,0.17413778656712253,0.0
458,equal_split_first_best,30.0,30.0,0.0,0.0
458,equal_split_vickrey_majority,30.0,30.0,0.0,0.0
458,equal_split_vickrey_faltings_fair,30.0,30.0,0.0,0.0
458,lp_demand_vickrey,30.0,19.090969090909084,10.909030909090916,-8.881784197001252e-16
458,lp_integrated_supply_demand,30.0,30.0,0.0,0.0
459,equal_split_first_best,45.0,45.0,0.0,0.0
459,equal_split_vickrey_majority,45.0,45.0,0.0,0.0
459,equal_split_vickrey_faltings_fair,45.0,45.0,0.0,0.0
459,lp_demand_vickrey,45.0,45.0,0.0,0.0
459,lp_integrated_supply_demand,45.0,45.0,0.0,0.0
460,equal_split_first_best,45.0,45.0,0.0,0.0
460,equal_split_vickrey_majority,45.0,45.0,0.0,0.0
460,equal_split_vickrey_faltings_fair,45.0,45.0,0.0,0.0
460,lp_demand_vickrey,45.0,30.00003,14.999970000000001,-1.1102230246251565e-16
460,lp_integrated_supply_demand,45.0,44.70149243731343,0.29850756268656653,0.0
461,equal_split_first_best,45.0,45.0,0.0,0.0
461,equal_split_vickrey_majority,45.0,45.0,0.0,0.0
461,equal_split_vickrey_faltings_fair,45.0,30.0,15.0,1.3322676295501878e-15
461,lp_demand_vickrey,45.0,28.636453636363623,16.363546363636377,0.0
461,lp_integrated_supply_demand,45.0,44.70149243731343,0.29850756268656653,0.0
462,equal_split_first_best,60.0,60.0,0.0,0.0
462,equal_split_vickrey_majority,60.0,60.0,0.0,0.0
462,equal_split_vickrey_faltings_fair,60.0,60.0,0.0,0.0
462,lp_demand_vickrey,60.0,60.0,0.0,0.0
462,lp_integrated_supply_demand,60.0,60.0,0.0,0.0
463,equal_split_first_best,60.0,60.0,0.0,0.0
463,equal_split_vickrey_majority,60.0,60.0,0.0,0.0
463,equal_split_vickrey_faltings_fair,60.0,60.0,0.0,0.0
463,lp_demand_vickrey,60.0,60.0,0.0,0.0
463,lp_integrated_supply_demand,60.0,59.70149243731343,0.29850756268656653,0.0
464,equal_split_first_best,60.0,60.0,0.0,0.0
464,equal_split_vickrey_majority,60.0,60.0,0.0,0.0
464,equal_split_vickrey_faltings_fair,60.0,60.0,0.0,0.0
464,lp_demand_vickrey,60.0,38.18193818181817,21.81806181818183,0.0
464,lp_integrated_supply_demand,60.0,60.0,0.0,0.0
465,equal_split_first_best,75.0,75.0,0.0,0.0
465,equal_split_vickrey_majority,75.0,75.0,0.0,0.0
465,equal_split_vickrey_faltings_fair,75.0,75.0,0.0,0.0
465,lp_demand_vickrey,75.0,75.0,0.0,0.0
465,lp_integrated_supply_demand,75.0,75.0,0.0,0.0
466,equal_split_first_best,75.0,75.0,0.0,0.0
466,equal_split_vickrey_majority,75.0,75.0,0.0,0.0
466,equal_split_vickrey_faltings_fair,75.0,75.0,0.0,0.0
466,lp_demand_vickrey,75.0,75.0,0.0,0.0
466,lp_integrated_supply_demand,75.0,74.70149243731343,0.29850756268656653,0.0
467,equal_split_first_best,75.0,75.0,0.0,0.0
467,equal_split_vickrey_majority,75.0,75.0,0.0,0.0
467,equal_split_vickrey_faltings_fair,75.0,75.0,0.0,0.0
467,lp_demand_vickrey,75.0,61.363711363636355,13.636288636363645,-8.881784197001252e-16
467,lp_integrated_supply_demand,75.0,75.0,0.0,0.0
468,equal_split_first_best,45.0,45.0,0.0,0.0
468,equal_split_vickrey_majority,45.0,45.0,0.0,0.0
468,equal_split_vickrey_faltings_fair,45.0,45.0,0.0,0.0
468,lp_demand_vickrey,45.0,30.00003,14.999970000000001,0.0
468,lp_integrated_supply_demand,45.0,44.70149243731343,0.29850756268656653,0.0
469,equal_split_first_best,30.0,30.0,0.0,0.0
469,equal_split_vickrey_majority,30.0,30.0,0.0,0.0
469,equal_split_vickrey_faltings_fair,30.0,30.0,0.0,0.0
469,lp_demand_vickrey,30.0,20.00002,9.99998,-1.1102230246251565e-16
469,lp_integrated_supply_demand,30.0,30.0,0.0,0.0
470,equal_split_first_best,30.0,30.0,0.0,0.0
470,equal_split_vickrey_majority,30.0,30.0,0.0,0.0
470,equal_split_vickrey_faltings_fair,30.0,20.0,10.0,1.3322676295501878e-15
470,lp_demand_vickrey,30.0,19.090969090909084,10.909030909090916,0.0
470,lp_integrated_supply_demand,30.0,29.701492437313433,0.29850756268656653,0.0
471,equal_split_first_best,60.0,60.0,0.0,0.0
471,equal_split_vickrey_majority,60.0,60.0,0.0,0.0
471,equal_split_vickrey_faltings_fair,60.0,60.0,0.0,0.0
471,lp_demand_vickrey,60.0,60.0,0.0,0.0
471,lp_integrated_supply_demand,60.0,59.70149243731343,0.29850756268656653,0.0
472,equal_split_first_best,45.0,45.0,0.0,0.0
472,equal_split_vickrey_majority,45.0,45.0,0.0,0.0
472,equal_split_vickrey_faltings_fair,45.0,45.0,0.0,0.0
472,lp_demand_vickrey,45.0,45.0,0.0,0.0
472,lp_integrated_supply_demand,45.0,45.0,0.0,0.0
473,equal_split_first_best,45.0,45.0,0.0,0.0
473,equal_split_vickrey_majority,45.0,45.0,0.0,0.0
473,equal_split_vickrey_faltings_fair,45.0,45.0,0.0,0.0
473,lp_demand_vickrey,45.0,28.636453636363623,16.363546363636377,0.0
473,lp_integrated_supply_demand,45.0,44.82586221343288,0.17413778656712253,0.0
474,equal_split_first_best,75.0,75.0,0.0,0.0
474,equal_split_vickrey_majority,75.0,75.0,0.0,0.0
474,equal_split_vickrey_faltings_fair,75.0,75.0,0.0,0.0
474,lp_demand_vickrey,75.0,75.0,0.0,0.0
474,lp_integrated_supply_demand,75.0,74.70149243731343,0.29850756268656653,0.0
475,equal_split_first_best,60.0,60.0,0.0,0.0
475,equal_split_vickrey_majority,60.0,60.0,0.0,0.0
475,equal_split_vickrey_faltings_fair,60.0,60.0,0.0,0.0
475,lp_demand_vickrey,60.0,60.0,0.0,0.0
475,lp_integrated_supply_demand,60.0,60.0,0.0,0.0
476,equal_split_first_best,60.0,60.0,0.0,0.0
476,equal_split_vickrey_majority,60.0,60.0,0.0,0.0
476,equal_split_vickrey_faltings_fair,60.0,60.0,0.0,0.0
476,lp_demand_vickrey,60.0,49.090969090909084,10.909030909090916,-8.881784197001252e-16
476,lp_integrated_supply_demand,60.0,59.91293110671644,0.08706889328355771,0.0
477,equal_split_first_best,45.0,45.0,0.0,0.0
477,equal_split_vickrey_majority,45.0,45.0,0.0,0.0
477,equal_split_vickrey_faltings_fair,45.0,30.0,15.0,1.3322676295501878e-15
477,lp_demand_vickrey,45.0,28.636453636363623,16.363546363636377,-8.881784197001252e-16
477,lp_integrated_supply_demand,45.0,45.0,0.0,0.0
478,equal_split_first_best,30.0,30.0,0.0,0.0
478,equal_split_vickrey_majority,30.0,30.0,0.0,0.0
478,equal_split_vickrey_faltings_fair,30.0,20.0,10.0,1.3322676295501878e-15
478,lp_demand_vickrey,30.0,19.090969090909084,10.909030909090916,-8.881784197001252e-16
478,lp_integrated_supply_demand,30.0,29.788561330596995,0.21143866940300526,0.0
479,equal_split_first_best,15.0,15.0,0.0,0.0
479,equal_split_vickrey_majority,15.0,15.0,0.0,0.0
479,equal_split_vickrey_faltings_fair,15.0,10.0,5.0,0.0
479,lp_demand_vickrey,15.0,9.545484545454542,5.454515454545458,-8.881784197001252e-16
479,lp_integrated_supply_demand,15.0,14.701492437313433,0.29850756268656653,0.0
480,equal_split_first_best,60.0,60.0,0.0,0.0
480,equal_split_vickrey_majority,60.0,60.0,0.0,0.0
480,equal_split_vickrey_faltings_fair,60.0,60.0,0.0,0.0
480,lp_demand_vickrey,60.0,38.18193818181817,21.81806181818183,-8.881784197001252e-16
480,lp_integrated_supply_demand,60.0,60.0,0.0,0.0
481,equal_split_first_best,45.0,45.0,0.0,0.0
481,equal_split_vickrey_majority,45.0,45.0,0.0,0.0
481,equal_split_vickrey_faltings_fair,45.0,45.0,0.0,0.0
481,lp_demand_vickrey,45.0,28.636453636363623,16.363546363636377,-8.881784197001252e-16
481,lp_integrated_supply_demand,45.0,44.87563022388054,0.12436977611945821,-8.881784197001252e-16
482,equal_split_first_best,30.0,30.0,0.0,0.0
482,equal_split_vickrey_majority,30.0,30.0,0.0,0.0
482,equal_split_vickrey_faltings_fair,30.0,30.0,0.0,0.0
482,lp_demand_vickrey,30.0,19.090969090909084,10.909030909090916,-8.881784197001252e-16
482,lp_integrated_supply_demand,30.0,30.0,0.0,0.0
483,equal_split_first_best,75.0,75.0,0.0,0.0
483,equal_split_vickrey_majority,75.0,75.0,0.0,0.0
483,equal_split_vickrey_faltings_fair,75.0,75.0,0.0,0.0
483,lp_demand_vickrey,75.0,61.363711363636355,13.636288636363645,-8.881784197001252e-16
483,lp_integrated_supply_demand,75.0,75.0,0.0,0.0
484,equal_split_first_best,60.0,60.0,0.0,0.0
484,equal_split_vickrey_majority,60.0,60.0,0.0,0.0
484,equal_split_vickrey_faltings_fair,60.0,60.0,0.0,0.0
484,lp_demand_vickrey,60.0,49.090969090909084,10.909030909090916,-8.881784197001252e-16
484,lp_integrated_supply_demand,60.0,59.91293110671644,0.08706889328355771,0.0
485,equal_split_first_best,45.0,45.0,0.0,0.0
485,equal_split_vickrey_majority,45.0,45.0,0.0,0.0
485,equal_split_vickrey_faltings_fair,45.0,45.0,0.0,0.0
485,lp_demand_vickrey,45.0,36.81822681818181,8.181773181818187,0.0
485,lp_integrated_supply_demand,45.0,45.0,0.0,0.0
486,equal_split_first_best,30.0,30.0,0.0,0.0
486,equal_split_vickrey_majority,30.0,30.0,0.0,0.0
486,equal_split_vickrey_faltings_fair,30.0,30.0,0.0,0.0
486,lp_demand_vickrey,30.0,30.0,0.0,0.0
486,lp_integrated_supply_demand,30.0,30.0,0.0,0.0
487,equal_split_first_best,30.0,30.0,0.0,0.0
487,equal_split_vickrey_majority,30.0,30.0,0.0,0.0
487,equal_split_vickrey_faltings_fair,30.0,30.0,0.0,0.0
487,lp_demand_vickrey,30.0,30.0,0.0,0.0
487,lp_integrated_supply_demand,30.0,30.0,0.0,0.0
488,equal_split_first_best,30.0,30.0,0.0,0.0
488,equal_split_vickrey_majority,30.0,30.0,0.0,0.0
488,equal_split_vickrey_faltings_fair,30.0,30.0,0.0,0.0
488,lp_demand_vickrey,30.0,30.0,0.0,0.0
488,lp_integrated_supply_demand,30.0,30.0,0.0,0.0
489,equal_split_first_best,45.0,45.0,0.0,0.0
489,equal_split_vickrey_majority,45.0,45.0,0.0,0.0
489,equal_split_vickrey_faltings_fair,45.0,45.0,0.0,0.0
489,lp_demand_vickrey,45.0,45.0,0.0,0.0
489,lp_integrated_supply_demand,45.0,45.0,0.0,0.0
490,equal_split_first_best,45.0,45.0,0.0,0.0
490,equal_split_vickrey_majority,45.0,45.0,0.0,0.0
490,equal_split_vickrey_faltings_fair,45.0,45.0,0.0,0.0
490,lp_demand_vickrey,45.0,45.0,0.0,0.0
490,lp_integrated_supply_demand,45.0,45.0,0.0,0.0
491,equal_split_first_best,45.0,45.0,0.0,0.0
491,equal_split_vickrey_majority,45.0,45.0,0.0,0.0
491,equal_split_vickrey_faltings_fair,45.0,45.0,0.0,0.0
491,lp_demand_vickrey,45.0,45.0,0.0,0.0
491,lp_integrated_supply_demand,45.0,45.0,0.0,0.0
492,equal_split_first_best,60.0,60.0,0.0,0.0
492,equal_split_vickrey_majority,60.0,60.0,0.0,0.0
492,equal_split_vickrey_faltings_fair,60.0,60.0,0.0,0.0
492,lp_demand_vickrey,60.0,60.0,0.0,0.0
492,lp_integrated_supply_demand,60.0,60.0,0.0,0.0
493,equal_split_first_best,60.0,60.0,0.0,0.0
493,equal_split_vickrey_majority,60.0,60.0,0.0,0.0
493,equal_split_vickrey_faltings_fair,60.0,60.0,0.0,0.0
493,lp_demand_vickrey,60.0,60.0,0.0,0.0
493,lp_integrated_supply_demand,60.0,60.0,0.0,0.0
494,equal_split_first_best,60.0,60.0,0.0,0.0
494,equal_split_vickrey_majority,60.0,60.0,0.0,0.0
494,equal_split_vickrey_faltings_fair,60.0,60.0,0.0,0.0
494,lp_demand_vickrey,60.0,60.0,0.0,0.0
494,lp_integrated_supply_demand,60.0,60.0,0.0,0.0
495,equal_split_first_best,30.0,30.0,0.0,0.0
495,equal_split_vickrey_majority,30.0,30.0,0.0,0.0
495,equal_split_vickrey_faltings_fair,30.0,30.0,0.0,0.0
495,lp_demand_vickrey,30.0,30.0,0.0,0.0
495,lp_integrated_supply_demand,30.0,30.0,0.0,0.0
496,equal_split_first_best,30.0,30.0,0.0,0.0
496,equal_split_vickrey_majority,30.0,0.0,30.0,0.0
496,equal_split_vickrey_faltings_fair,30.0,20.0,10.0,0.0
496,lp_demand_vickrey,30.0,9.99998,20.00002,0.0
496,lp_integrated_supply_demand,30.0,30.0,0.0,0.0
497,equal_split_first_best,30.0,30.0,0.0,0.0
497,equal_split_vickrey_majority,30.0,0.0,30.0,0.0
497,equal_split_vickrey_faltings_fair,30.0,20.0,10.0,0.0
497,lp_demand_vickrey,30.0,9.99998,20.00002,0.0
497,lp_integrated_supply_demand,30.0,29.72636639253732,0.2736336074626813,0.0
498,equal_split_first_best,45.0,45.0,0.0,0.0
498,equal_split_vickrey_majority,45.0,45.0,0.0,0.0
498,equal_split_vickrey_faltings_fair,45.0,45.0,0.0,0.0
498,lp_demand_vickrey,45.0,45.0,0.0,0.0
498,lp_integrated_supply_demand,45.0,45.0,0.0,0.0
499,equal_split_first_best,45.0,45.0,0.0,0.0
499,equal_split_vickrey_majority,45.0,45.0,0.0,0.0
499,equal_split_vickrey_faltings_fair,45.0,45.0,0.0,0.0
499,lp_demand_vickrey,45.0,30.00003,14.999970000000001,-1.1102230246251565e-16
499,lp_integrated_supply_demand,45.0,45.0,0.0,0.0
500,equal_split_first_best,45.0,45.0,0.0,0.0
500,equal_split_vickrey_majority,45.0,45.0,0.0,0.0
500,equal_split_vickrey_faltings_fair,45.0,45.0,0.0,0.0
500,lp_demand_vickrey,45.0,30.00003,14.999970000000001,-1.1102230246251565e-16
500,lp_integrated_supply_demand,45.0,44.70149243731343,0.29850756268656653,0.0
501,equal_split_first_best,60.0,60.0,0.0,0.0
501,equal_split_vickrey_majority,60.0,60.0,0.0,0.0
501,equal_split_vickrey_faltings_fair,60.0,60.0,0.0,0.0
501,lp_demand_vickrey,60.0,60.0,0.0,0.0
501,lp_integrated_supply_demand,60.0,60.0,0.0,0.0
502,equal_split_first_best,60.0,60.0,0.0,0.0
502,equal_split_vickrey_majority,60.0,60.0,0.0,0.0
502,equal_split_vickrey_faltings_fair,60.0,60.0,0.0,0.0
502,lp_demand_vickrey,60.0,40.00004,19.99996,-1.1102230246251565e-16
502,lp_integrated_supply_demand,60.0,60.0,0.0,0.0
503,equal_split_first_best,60.0,60.0,0.0,0.0
503,equal_split_vickrey_majority,60.0,60.0,0.0,0.0
503,equal_split_vickrey_faltings_fair,60.0,60.0,0.0,0.0
503,lp_demand_vickrey,60.0,40.00004,19.99996,-1.1102230246251565e-16
503,lp_integrated_supply_demand,60.0,60.0,0.0,0.0
504,equal_split_first_best,30.0,30.0,0.0,0.0
504,equal_split_vickrey_majority,30.0,30.0,0.0,0.0
504,equal_split_vickrey_faltings_fair,30.0,30.0,0.0,0.0
504,lp_demand_vickrey,30.0,30.0,0.0,0.0
504,lp_integrated_supply_demand,30.0,30.0,0.0,0.0
505,equal_split_first_best,30.0,30.0,0.0,0.0
505,equal_split_vickrey_majority,30.0,0.0,30.0,0.0
505,equal_split_vickrey_faltings_fair,30.0,20.0,10.0,0.0
505,lp_demand_vickrey,30.0,9.99998,20.00002,0.0
505,lp_integrated_supply_demand,30.0,29.72636639253732,0.2736336074626813,0.0
506,equal_split_first_best,30.0,30.0,0.0,0.0
506,equal_split_vickrey_majority,30.0,0.0,30.0,0.0
506,equal_split_vickrey_faltings_fair,30.0,20.0,10.0,0.0
506,lp_demand_vickrey,30.0,5.454515454545458,24.545484545454542,0.0
506,lp_integrated_supply_demand,30.0,29.701492437313433,0.29850756268656653,0.0
507,equal_split_first_best,45.0,45.0,0.0,0.0
507,equal_split_vickrey_majority,45.0,45.0,0.0,0.0
507,equal_split_vickrey_faltings_fair,45.0,45.0,0.0,0.0
507,lp_demand_vickrey,45.0,45.0,0.0,0.0
507,lp_integrated_supply_demand,45.0,45.0,0.0,0.0
508,equal_split_first_best,45.0,45.0,0.0,0.0
508,equal_split_vickrey_majority,45.0,45.0,0.0,0.0
508,equal_split_vickrey_faltings_fair,45.0,45.0,0.0,0.0
508,lp_demand_vickrey,45.0,30.00003,14.999970000000001,-1.1102230246251565e-16
508,lp_integrated_supply_demand,45.0,44.73258990634328,0.2674100936567214,0.0
509,equal_split_first_best,45.0,45.0,0.0,0.0
509,equal_split_vickrey_majority,45.0,45.0,0.0,0.0
509,equal_split_vickrey_faltings_fair,45.0,30.0,15.0,1.3322676295501878e-15
509,lp_demand_vickrey,45.0,28.636453636363623,16.363546363636377,0.0
509,lp_integrated_supply_demand,45.0,44.70149243731343,0.29850756268656653,0.0
510,equal_split_first_best,60.0,60.0,0.0,0.0
510,equal_split_vickrey_majority,60.0,60.0,0.0,0.0
510,equal_split_vickrey_faltings_fair,60.0,60.0,0.0,0.0
510,lp_demand_vickrey,60.0,60.0,0.0,0.0
510,lp_integrated_supply_demand,60.0,60.0,0.0,0.0
511,equal_split_first_best,60.0,60.0,0.0,0.0
511,equal_split_vickrey_majority,60.0,60.0,0.0,0.0
511,equal_split_vickrey_faltings_fair,60.0,60.0,0.0,0.0
511,lp_demand_vickrey,60.0,40.00004,19.99996,-1.1102230246251565e-16
511,lp_integrated_supply_demand,60.0,59.94714033264925,0.052859667350752204,0.0
512,equal_split_first_best,60.0,60.0,0.0,0.0
512,equal_split_vickrey_majority,60.0,60.0,0.0,0.0
512,equal_split_vickrey_faltings_fair,60.0,60.0,0.0,0.0
512,lp_demand_vickrey,60.0,49.090969090909084,10.909030909090916,-8.881784197001252e-16
512,lp_integrated_supply_demand,60.0,60.0,0.0,0.0
513,equal_split_first_best,45.0,45.0,0.0,0.0
513,equal_split_vickrey_majority,45.0,45.0,0.0,0.0
513,equal_split_vickrey_faltings_fair,45.0,45.0,0.0,0.0
513,lp_demand_vickrey,45.0,45.0,0.0,0.0
513,lp_integrated_supply_demand,45.0,45.0,0.0,0.0
514,equal_split_first_best,45.0,45.0,0.0,0.0
514,equal_split_vickrey_majority,45.0,45.0,0.0,0.0
514,equal_split_vickrey_faltings_fair,45.0,45.0,0.0,0.0
514,lp_demand_vickrey,45.0,45.0,0.0,0.0
514,lp_integrated_supply_demand,45.0,45.0,0.0,0.0
515,equal_split_first_best,45.0,45.0,0.0,0.0
515,equal_split_vickrey_majority,45.0,45.0,0.0,0.0
515,equal_split_vickrey_faltings_fair,45.0,45.0,0.0,0.0
515,lp_demand_vickrey,45.0,45.0,0.0,0.0
515,lp_integrated_supply_demand,45.0,45.0,0.0,0.0
516,equal_split_first_best,60.0,60.0,0.0,0.0
516,equal_split_vickrey_majority,60.0,60.0,0.0,0.0
516,equal_split_vickrey_faltings_fair,60.0,60.0,0.0,0.0
516,lp_demand_vickrey,60.0,60.0,0.0,0.0
516,lp_integrated_supply_demand,60.0,60.0,0.0,0.0
517,equal_split_first_best,60.0,60.0,0.0,0.0
517,equal_split_vickrey_majority,60.0,60.0,0.0,0.0
517,equal_split_vickrey_faltings_fair,60.0,60.0,0.0,0.0
517,lp_demand_vickrey,60.0,60.0,0.0,0.0
517,lp_integrated_supply_demand,60.0,60.0,0.0,0.0
518,equal_split_first_best,60.0,60.0,0.0,0.0
518,equal_split_vickrey_majority,60.0,60.0,0.0,0.0
518,equal_split_vickrey_faltings_fair,60.0,60.0,0.0,0.0
518,lp_demand_vickrey,60.0,60.0,0.0,0.0
518,lp_integrated_supply_demand,60.0,60.0,0.0,0.0
519,equal_split_first_best,75.0,75.0,0.0,0.0
519,equal_split_vickrey_majority,75.0,75.0,0.0,0.0
519,equal_split_vickrey_faltings_fair,75.0,75.0,0.0,0.0
519,lp_demand_vickrey,75.0,75.0,0.0,0.0
519,lp_integrated_supply_demand,75.0,75.0,0.0,0.0
520,equal_split_first_best,75.0,75.0,0.0,0.0
520,equal_split_vickrey_majority,75.0,75.0,0.0,0.0
520,equal_split_vickrey_faltings_fair,75.0,75.0,0.0,0.0
520,lp_demand_vickrey,75.0,75.0,0.0,0.0
520,lp_integrated_supply_demand,75.0,75.0,0.0,0.0
521,equal_split_first_best,75.0,75.0,0.0,0.0
521,equal_split_vickrey_majority,75.0,75.0,0.0,0.0
521,equal_split_vickrey_faltings_fair,75.0,75.0,0.0,0.0
521,lp_demand_vickrey,75.0,75.0,0.0,0.0
521,lp_integrated_supply_demand,75.0,75.0,0.0,0.0
522,equal_split_first_best,45.0,45.0,0.0,0.0
522,equal_split_vickrey_majority,45.0,45.0,0.0,0.0
522,equal_split_vickrey_faltings_fair,45.0,45.0,0.0,0.0
522,lp_demand_vickrey,45.0,45.0,0.0,0.0
522,lp_integrated_supply_demand,45.0,45.0,0.0,0.0
523,equal_split_first_best,45.0,45.0,0.0,0.0
523,equal_split_vickrey_majority,45.0,45.0,0.0,0.0
523,equal_split_vickrey_faltings_fair,45.0,45.0,0.0,0.0
523,lp_demand_vickrey,45.0,30.00003,14.999970000000001,-1.1102230246251565e-16
523,lp_integrated_supply_demand,45.0,45.0,0.0,0.0
524,equal_split_first_best,45.0,45.0,0.0,0.0
524,equal_split_vickrey_majority,45.0,45.0,0.0,0.0
524,equal_split_vickrey_faltings_fair,45.0,45.0,0.0,0.0
524,lp_demand_vickrey,45.0,30.00003,14.999970000000001,-1.1102230246251565e-16
524,lp_integrated_supply_demand,45.0,44.73258990634328,0.2674100936567214,0.0
525,equal_split_first_best,60.0,60.0,0.0,0.0
525,equal_split_vickrey_majority,60.0,60.0,0.0,0.0
525,equal_split_vickrey_faltings_fair,60.0,60.0,0.0,0.0
525,lp_demand_vickrey,60.0,60.0,0.0,0.0
525,lp_integrated_supply_demand,60.0,60.0,0.0,0.0
526,equal_split_first_best,60.0,60.0,0.0,0.0
526,equal_split_vickrey_majority,60.0,60.0,0.0,0.0
526,equal_split_vickrey_faltings_fair,60.0,60.0,0.0,0.0
526,lp_demand_vickrey,60.0,60.0,0.0,0.0
526,lp_integrated_supply_demand,60.0,60.0,0.0,0.0
527,equal_split_first_best,60.0,60.0,0.0,0.0
527,equal_split_vickrey_majority,60.0,60.0,0.0,0.0
527,equal_split_vickrey_faltings_fair,60.0,60.0,0.0,0.0
527,lp_demand_vickrey,60.0,60.0,0.0,0.0
527,lp_integrated_supply_demand,60.0,59.70149243731343,0.29850756268656653,0.0
528,equal_split_first_best,75.0,75.0,0.0,0.0
528,equal_split_vickrey_majority,75.0,75.0,0.0,0.0
528,equal_split_vickrey_faltings_fair,75.0,75.0,0.0,0.0
528,lp_demand_vickrey,75.0,75.0,0.0,0.0
528,lp_integrated_supply_demand,75.0,75.0,0.0,0.0
529,equal_split_first_best,75.0,75.0,0.0,0.0
529,equal_split_vickrey_majority,75.0,75.0,0.0,0.0
529,equal_split_vickrey_faltings_fair,75.0,75.0,0.0,0.0
529,lp_demand_vickrey,75.0,75.0,0.0,0.0
529,lp_integrated_supply_demand,75.0,75.0,0.0,0.0
530,equal_split_first_best,75.0,75.0,0.0,0.0
530,equal_split_vickrey_majority,75.0,75.0,0.0,0.0
530,equal_split_vickrey_faltings_fair,75.0,75.0,0.0,0.0
530,lp_demand_vickrey,75.0,75.0,0.0,0.0
530,lp_integrated_supply_demand,75.0,75.0,0.0,0.0
531,equal_split_first_best,45.0,45.0,0.0,0.0
531,equal_split_vickrey_majority,45.0,45.0,0.0,0.0
531,equal_split_vickrey_faltings_fair,45.0,45.0,0.0,0.0
531,lp_demand_vickrey,45.0,45.0,0.0,0.0
531,lp_integrated_supply_demand,45.0,45.0,0.0,0.0
532,equal_split_first_best,45.0,45.0,0.0,0.0
532,equal_split_vickrey_majority,45.0,45.0,0.0,0.0
532,equal_split_vickrey_faltings_fair,45.0,45.0,0.0,0.0
532,lp_demand_vickrey,45.0,30.00003,14.999970000000001,-1.1102230246251565e-16
532,lp_integrated_supply_demand,45.0,44.70149243731343,0.29850756268656653,0.0
533,equal_split_first_best,45.0,45.0,0.0,0.0
533,equal_split_vickrey_majority,45.0,45.0,0.0,0.0
533,equal_split_vickrey_faltings_fair,45.0,30.0,15.0,1.3322676295501878e-15
533,lp_demand_vickrey,45.0,28.636453636363623,16.363546363636377,0.0
533,lp_integrated_supply_demand,45.0,44.70149243731343,0.29850756268656653,0.0
534,equal_split_first_best,60.0,60.0,0.0,0.0
534,equal_split_vickrey_majority,60.0,60.0,0.0,0.0
534,equal_split_vickrey_faltings_fair,60.0,60.0,0.0,0.0
534,lp_demand_vickrey,60.0,60.0,0.0,0.0
534,lp_integrated_supply_demand,60.0,60.0,0.0,0.0
535,equal_split_first_best,60.0,60.0,0.0,0.0
535,equal_split_vickrey_majority,60.0,60.0,0.0,0.0
535,equal_split_vickrey_faltings_fair,60.0,60.0,0.0,0.0
535,lp_demand_vickrey,60.0,60.0,0.0,0.0
535,lp_integrated_supply_demand,60.0,59.70149243731343,0.29850756268656653,0.0
536,equal_split_first_best,60.0,60.0,0.0,0.0
536,equal_split_vickrey_majority,60.0,60.0,0.0,0.0
536,equal_split_vickrey_faltings_fair,60.0,60.0,0.0,0.0
536,lp_demand_vickrey,60.0,38.18193818181817,21.81806181818183,0.0
536,lp_integrated_supply_demand,60.0,60.0,0.0,0.0
537,equal_split_first_best,75.0,75.0,0.0,0.0
537,equal_split_vickrey_majority,75.0,75.0,0.0,0.0
537,equal_split_vickrey_faltings_fair,75.0,75.0,0.0,0.0
537,lp_demand_vickrey,75.0,75.0,0.0,0.0
537,lp_integrated_supply_demand,75.0,75.0,0.0,0.0
538,equal_split_first_best,75.0,75.0,0.0,0.0
538,equal_split_vickrey_majority,75.0,75.0,0.0,0.0
538,equal_split_vickrey_faltings_fair,75.0,75.0,0.0,0.0
538,lp_demand_vickrey,75.0,75.0,0.0,0.0
538,lp_integrated_supply_demand,75.0,74.70149243731343,0.29850756268656653,0.0
539,equal_split_first_best,75.0,75.0,0.0,0.0
539,equal_split_vickrey_majority,75.0,75.0,0.0,0.0
539,equal_split_vickrey_faltings_fair,75.0,75.0,0.0,0.0
539,lp_demand_vickrey,75.0,61.363711363636355,13.636288636363645,-8.881784197001252e-16
539,lp_integrated_supply_demand,75.0,75.0,0.0,0.0
540,equal_split_first_best,60.0,60.0,0.0,0.0
540,equal_split_vickrey_majority,60.0,60.0,0.0,0.0
540,equal_split_vickrey_faltings_fair,60.0,60.0,0.0,0.0
540,lp_demand_vickrey,60.0,60.0,0.0,0.0
540,lp_integrated_supply_demand,60.0,60.0,0.0,0.0
541,equal_split_first_best,60.0,60.0,0.0,0.0
541,equal_split_vickrey_majority,60.0,60.0,0.0,0.0
541,equal_split_vickrey_faltings_fair,60.0,60.0,0.0,0.0
541,lp_demand_vickrey,60.0,60.0,0.0,0.0
541,lp_integrated_supply_demand,60.0,60.0,0.0,0.0
542,equal_split_first_best,60.0,60.0,0.0,0.0
542,equal_split_vickrey_majority,60.0,60.0,0.0,0.0
542,equal_split_vickrey_faltings_fair,60.0,60.0,0.0,0.0
542,lp_demand_vickrey,60.0,60.0,0.0,0.0
542,lp_integrated_supply_demand,60.0,60.0,0.0,0.0
543,equal_split_first_best,75.0,75.0,0.0,0.0
543,equal_split_vickrey_majority,75.0,75.0,0.0,0.0
543,equal_split_vickrey_faltings_fair,75.0,75.0,0.0,0.0
543,lp_demand_vickrey,75.0,75.0,0.0,0.0
543,lp_integrated_supply_demand,75.0,75.0,0.0,0.0
544,equal_split_first_best,75.0,75.0,0.0,0.0
544,equal_split_vickrey_majority,75.0,75.0,0.0,0.0
544,equal_split_vickrey_faltings_fair,75.0,75.0,0.0,0.0
544,lp_demand_vickrey,75.0,75.0,0.0,0.0
544,lp_integrated_supply_demand,75.0,75.0,0.0,0.0
545,equal_split_first_best,75.0,75.0,0.0,0.0
545,equal_split_vickrey_majority,75.0,75.0,0.0,0.0
545,equal_split_vickrey_faltings_fair,75.0,75.0,0.0,0.0
545,lp_demand_vickrey,75.0,75.0,0.0,0.0
545,lp_integrated_supply_demand,75.0,75.0,0.0,0.0
546,equal_split_first_best,90.0,90.0,0.0,0.0
546,equal_split_vickrey_majority,90.0,90.0,0.0,0.0
546,equal_split_vickrey_faltings_fair,90.0,90.0,0.0,0.0
546,lp_demand_vickrey,90.0,90.0,0.0,0.0
546,lp_integrated_supply_demand,90.0,90.0,0.0,0.0
547,equal_split_first_best,90.0,90.0,0.0,0.0
547,equal_split_vickrey_majority,90.0,90.0,0.0,0.0
547,equal_split_vickrey_faltings_fair,90.0,90.0,0.0,0.0
547,lp_demand_vickrey,90.0,90.0,0.0,0.0
547,lp_integrated_supply_demand,90.0,90.0,0.0,0.0
548,equal_split_first_best,90.0,90.0,0.0,0.0
548,equal_split_vickrey_majority,90.0,90.0,0.0,0.0
548,equal_split_vickrey_faltings_fair,90.0,90.0,0.0,0.0
548,lp_demand_vickrey,90.0,90.0,0.0,0.0
548,lp_integrated_supply_demand,90.0,90.0,0.0,0.0
549,equal_split_first_best,60.0,60.0,0.0,0.0
549,equal_split_vickrey_majority,60.0,60.0,0.0,0.0
549,equal_split_vickrey_faltings_fair,60.0,60.0,0.0,0.0
549,lp_demand_vickrey,60.0,60.0,0.0,0.0
549,lp_integrated_supply_demand,60.0,60.0,0.0,0.0
550,equal_split_first_best,60.0,60.0,0.0,0.0
550,equal_split_vickrey_majority,60.0,60.0,0.0,0.0
550,equal_split_vickrey_faltings_fair,60.0,60.0,0.0,0.0
550,lp_demand_vickrey,60.0,40.00004,19.99996,-1.1102230246251565e-16
550,lp_integrated_supply_demand,60.0,60.0,0.0,0.0
551,equal_split_first_best,60.0,60.0,0.0,0.0
551,equal_split_vickrey_majority,60.0,60.0,0.0,0.0
551,equal_split_vickrey_faltings_fair,60.0,60.0,0.0,0.0
551,lp_demand_vickrey,60.0,40.00004,19.99996,-1.1102230246251565e-16
551,lp_integrated_supply_demand,60.0,59.94714033264925,0.052859667350752204,0.0
552,equal_split_first_best,75.0,75.0,0.0,0.0
552,equal_split_vickrey_majority,75.0,75.0,0.0,0.0
552,equal_split_vickrey_faltings_fair,75.0,75.0,0.0,0.0
552,lp_demand_vickrey,75.0,75.0,0.0,0.0
552,lp_integrated_supply_demand,75.0,75.0,0.0,0.0
553,equal_split_first_best,75.0,75.0,0.0,0.0
553,equal_split_vickrey_majority,75.0,75.0,0.0,0.0
553,equal_split_vickrey_faltings_fair,75.0,75.0,0.0,0.0
553,lp_demand_vickrey,75.0,75.0,0.0,0.0
553,lp_integrated_supply_demand,75.0,75.0,0.0,0.0
554,equal_split_first_best,75.0,75.0,0.0,0.0
554,equal_split_vickrey_majority,75.0,75.0,0.0,0.0
554,equal_split_vickrey_faltings_fair,75.0,75.0,0.0,0.0
554,lp_demand_vickrey,75.0,75.0,0.0,0.0
554,lp_integrated_supply_demand,75.0,74.70149243731343,0.29850756268656653,0.0
555,equal_split_first_best,90.0,90.0,0.0,0.0
555,equal_split_vickrey_majority,90.0,90.0,0.0,0.0
555,equal_split_vickrey_faltings_fair,90.0,90.0,0.0,0.0
555,lp_demand_vickrey,90.0,90.0,0.0,0.0
555,lp_integrated_supply_demand,90.0,90.0,0.0,0.0
556,equal_split_first_best,90.0,90.0,0.0,0.0
556,equal_split_vickrey_majority,90.0,90.0,0.0,0.0
556,equal_split_vickrey_faltings_fair,90.0,90.0,0.0,0.0
556,lp_demand_vickrey,90.0,90.0,0.0,0.0
556,lp_integrated_supply_demand,90.0,90.0,0.0,0.0
557,equal_split_first_best,90.0,90.0,0.0,0.0
557,equal_split_vickrey_majority,90.0,90.0,0.0,0.0
557,equal_split_vickrey_faltings_fair,90.0,90.0,0.0,0.0
557,lp_demand_vickrey,90.0,90.0,0.0,0.0
557,lp_integrated_supply_demand,90.0,90.0,0.0,0.0
558,equal_split_first_best,60.0,60.0,0.0,0.0
558,equal_split_vickrey_majority,60.0,60.0,0.0,0.0
558,equal_split_vickrey_faltings_fair,60.0,60.0,0.0,0.0
558,lp_demand_vickrey,60.0,60.0,0.0,0.0
558,lp_integrated_supply_demand,60.0,60.0,0.0,0.0
559,equal_split_first_best,60.0,60.0,0.0,0.0
559,equal_split_vickrey_majority,60.0,60.0,0.0,0.0
559,equal_split_vickrey_faltings_fair,60.0,60.0,0.0,0.0
559,lp_demand_vickrey,60.0,40.00004,19.99996,-1.1102230246251565e-16
559,lp_integrated_supply_demand,60.0,60.0,0.0,0.0
560,equal_split_first_best,60.0,60.0,0.0,0.0
560,equal_split_vickrey_majority,60.0,60.0,0.0,0.0
560,equal_split_vickrey_faltings_fair,60.0,60.0,0.0,0.0
560,lp_demand_vickrey,60.0,49.090969090909084,10.909030909090916,-8.881784197001252e-16
560,lp_integrated_supply_demand,60.0,60.0,0.0,0.0
561,equal_split_first_best,75.0,75.0,0.0,0.0
561,equal_split_vickrey_majority,75.0,75.0,0.0,0.0
561,equal_split_vickrey_faltings_fair,75.0,75.0,0.0,0.0
561,lp_demand_vickrey,75.0,75.0,0.0,0.0
561,lp_integrated_supply_demand,75.0,75.0,0.0,0.0
562,equal_split_first_best,75.0,75.0,0.0,0.0
562,equal_split_vickrey_majority,75.0,75.0,0.0,0.0
562,equal_split_vickrey_faltings_fair,75.0,75.0,0.0,0.0
562,lp_demand_vickrey,75.0,75.0,0.0,0.0
562,lp_integrated_supply_demand,75.0,75.0,0.0,0.0
563,equal_split_first_best,75.0,75.0,0.0,0.0
563,equal_split_vickrey_majority,75.0,75.0,0.0,0.0
563,equal_split_vickrey_faltings_fair,75.0,75.0,0.0,0.0
563,lp_demand_vickrey,75.0,61.363711363636355,13.636288636363645,-8.881784197001252e-16
563,lp_integrated_supply_demand,75.0,75.0,0.0,0.0
564,equal_split_first_best,90.0,90.0,0.0,0.0
564,equal_split_vickrey_majority,90.0,90.0,0.0,0.0
564,equal_split_vickrey_faltings_fair,90.0,90.0,0.0,0.0
564,lp_demand_vickrey,90.0,90.0,0.0,0.0
564,lp_integrated_supply_demand,90.0,90.0,0.0,0.0
565,equal_split_first_best,90.0,90.0,0.0,0.0
565,equal_split_vickrey_majority,90.0,90.0,0.0,0.0
565,equal_split_vickrey_faltings_fair,90.0,90.0,0.0,0.0
565,lp_demand_vickrey,90.0,90.0,0.0,0.0
565,lp_integrated_supply_demand,90.0,90.0,0.0,0.0
566,equal_split_first_best,90.0,90.0,0.0,0.0
566,equal_split_vickrey_majority,90.0,90.0,0.0,0.0
566,equal_split_vickrey_faltings_fair,90.0,90.0,0.0,0.0
566,lp_demand_vickrey,90.0,90.0,0.0,0.0
566,lp_integrated_supply_demand,90.0,90.0,0.0,0.0
567,equal_split_first_best,30.0,30.0,0.0,0.0
567,equal_split_vickrey_majority,30.0,30.0,0.0,0.0
567,equal_split_vickrey_faltings_fair,30.0,30.0,0.0,0.0
567,lp_demand_vickrey,30.0,30.0,0.0,0.0
567,lp_integrated_supply_demand,30.0,30.0,0.0,0.0
568,equal_split_first_best,30.0,30.0,0.0,0.0
568,equal_split_vickrey_majority,30.0,0.0,30.0,0.0
568,equal_split_vickrey_faltings_fair,30.0,20.0,10.0,-2.220446049250313e-16
568,lp_demand_vickrey,30.0,9.99998,20.00002,0.0
568,lp_integrated_supply_demand,30.0,30.0,0.0,0.0
569,equal_split_first_best,30.0,30.0,0.0,0.0
569,equal_split_vickrey_majority,30.0,0.0,30.0,0.0
569,equal_split_vickrey_faltings_fair,30.0,20.0,10.0,-2.220446049250313e-16
569,lp_demand_vickrey,30.0,9.99998,20.00002,0.0
569,lp_integrated_supply_demand,30.0,29.717041171828345,0.28295882817165463,0.0
570,equal_split_first_best,45.0,45.0,0.0,0.0
570,equal_split_vickrey_majority,45.0,45.0,0.0,0.0
570,equal_split_vickrey_faltings_fair,45.0,45.0,0.0,0.0
570,lp_demand_vickrey,45.0,45.0,0.0,0.0
570,lp_integrated_supply_demand,45.0,45.0,0.0,0.0
571,equal_split_first_best,45.0,45.0,0.0,0.0
571,equal_split_vickrey_majority,45.0,45.0,0.0,0.0
571,equal_split_vickrey_faltings_fair,45.0,45.0,0.0,0.0
571,lp_demand_vickrey,45.0,30.00003,14.999970000000001,0.0
571,lp_integrated_supply_demand,45.0,45.0,0.0,0.0
572,equal_split_first_best,45.0,45.0,0.0,0.0
572,equal_split_vickrey_majority,45.0,45.0,0.0,0.0
572,equal_split_vickrey_faltings_fair,45.0,45.0,0.0,0.0
572,lp_demand_vickrey,45.0,30.00003,14.999970000000001,0.0
572,lp_integrated_supply_demand,45.0,44.70149243731343,0.29850756268656653,0.0
573,equal_split_first_best,60.0,60.0,0.0,0.0
573,equal_split_vickrey_majority,60.0,60.0,0.0,0.0
573,equal_split_vickrey_faltings_fair,60.0,60.0,0.0,0.0
573,lp_demand_vickrey,60.0,60.0,0.0,0.0
573,lp_integrated_supply_demand,60.0,60.0,0.0,0.0
574,equal_split_first_best,60.0,60.0,0.0,0.0
574,equal_split_vickrey_majority,60.0,60.0,0.0,0.0
574,equal_split_vickrey_faltings_fair,60.0,60.0,0.0,0.0
574,lp_demand_vickrey,60.0,40.00004,19.99996,0.0
574,lp_integrated_supply_demand,60.0,60.0,0.0,0.0
575,equal_split_first_best,60.0,60.0,0.0,0.0
575,equal_split_vickrey_majority,60.0,60.0,0.0,0.0
575,equal_split_vickrey_faltings_fair,60.0,60.0,0.0,0.0
575,lp_demand_vickrey,60.0,40.00004,19.99996,0.0
575,lp_integrated_supply_demand,60.0,60.0,0.0,0.0
576,equal_split_first_best,30.0,30.0,0.0,0.0
576,equal_split_vickrey_majority,30.0,0.0,30.0,0.0
576,equal_split_vickrey_faltings_fair,30.0,20.0,10.0,-2.220446049250313e-16
576,lp_demand_vickrey,30.0,9.99998,20.00002,0.0
576,lp_integrated_supply_demand,30.0,30.0,0.0,0.0
577,equal_split_first_best,15.0,15.0,0.0,0.0
577,equal_split_vickrey_majority,15.0,0.0,15.0,0.0
577,equal_split_vickrey_faltings_fair,15.0,10.0,5.0,0.0
577,lp_demand_vickrey,15.0,4.99999,10.00001,0.0
577,lp_integrated_supply_demand,15.0,15.0,0.0,0.0
578,equal_split_first_best,15.0,15.0,0.0,0.0
578,equal_split_vickrey_majority,15.0,0.0,15.0,0.0
578,equal_split_vickrey_faltings_fair,15.0,10.0,5.0,0.0
578,lp_demand_vickrey,15.0,4.99999,10.00001,0.0
578,lp_integrated_supply_demand,15.0,15.0,0.0,0.0
579,equal_split_first_best,45.0,45.0,0.0,0.0
579,equal_split_vickrey_majority,45.0,45.0,0.0,0.0
579,equal_split_vickrey_faltings_fair,45.0,45.0,0.0,0.0
579,lp_demand_vickrey,45.0,30.00003,14.999970000000001,-1.1102230246251565e-16
579,lp_integrated_supply_demand,45.0,45.0,0.0,0.0
580,equal_split_first_best,30.0,30.0,0.0,0.0
580,equal_split_vickrey_majority,30.0,30.0,0.0,0.0
580,equal_split_vickrey_faltings_fair,30.0,30.0,0.0,0.0
580,lp_demand_vickrey,30.0,20.00002,9.99998,-1.1102230246251565e-16
580,lp_integrated_supply_demand,30.0,30.0,0.0,0.0
581,equal_split_first_best,30.0,30.0,0.0,0.0
581,equal_split_vickrey_majority,30.0,30.0,0.0,0.0
581,equal_split_vickrey_faltings_fair,30.0,30.0,0.0,0.0
581,lp_demand_vickrey,30.0,20.00002,9.99998,-1.1102230246251565e-16
581,lp_integrated_supply_demand,30.0,30.0,0.0,0.0
582,equal_split_first_best,60.0,60.0,0.0,0.0
582,equal_split_vickrey_majority,60.0,60.0,0.0,0.0
582,equal_split_vickrey_faltings_fair,60.0,60.0,0.0,0.0
582,lp_demand_vickrey,60.0,40.00004,19.99996,-1.1102230246251565e-16
582,lp_integrated_supply_demand,60.0,60.0,0.0,0.0
583,equal_split_first_best,45.0,45.0,0.0,0.0
583,equal_split_vickrey_majority,45.0,45.0,0.0,0.0
583,equal_split_vickrey_faltings_fair,45.0,45.0,0.0,0.0
583,lp_demand_vickrey,45.0,30.00003,14.999970000000001,-1.1102230246251565e-16
583,lp_integrated_supply_demand,45.0,45.0,0.0,0.0
584,equal_split_first_best,45.0,45.0,0.0,0.0
584,equal_split_vickrey_majority,45.0,45.0,0.0,0.0
584,equal_split_vickrey_faltings_fair,45.0,45.0,0.0,0.0
584,lp_demand_vickrey,45.0,30.00003,14.999970000000001,-1.1102230246251565e-16
584,lp_integrated_supply_demand,45.0,45.0,0.0,0.0
585,equal_split_first_best,30.0,30.0,0.0,0.0
585,equal_split_vickrey_majority,30.0,0.0,30.0,0.0
585,equal_split_vickrey_faltings_fair,30.0,20.0,10.0,-2.220446049250313e-16
585,lp_demand_vickrey,30.0,9.99998,20.00002,0.0
585,lp_integrated_supply_demand,30.0,29.717041171828345,0.28295882817165463,0.0
586,equal_split_first_best,15.0,15.0,0.0,0.0
586,equal_split_vickrey_majority,15.0,0.0,15.0,0.0
586,equal_split_vickrey_faltings_fair,15.0,10.0,5.0,0.0
586,lp_demand_vickrey,15.0,4.99999,10.00001,0.0
586,lp_integrated_supply_demand,15.0,15.0,0.0,0.0
587,equal_split_first_best,15.0,15.0,0.0,0.0
587,equal_split_vickrey_majority,15.0,0.0,15.0,0.0
587,equal_split_vickrey_faltings_fair,15.0,10.0,5.0,0.0
587,lp_demand_vickrey,15.0,2.727257727272729,12.272742272727271,0.0
587,lp_integrated_supply_demand,15.0,14.850746218656719,0.1492537813432815,0.0
588,equal_split_first_best,45.0,45.0,0.0,0.0
588,equal_split_vickrey_majority,45.0,45.0,0.0,0.0
588,equal_split_vickrey_faltings_fair,45.0,45.0,0.0,0.0
588,lp_demand_vickrey,45.0,30.00003,14.999970000000001,-1.1102230246251565e-16
588,lp_integrated_supply_demand,45.0,44.92226637742535,0.07773362257464811,0.0
589,equal_split_first_best,30.0,30.0,0.0,0.0
589,equal_split_vickrey_majority,30.0,30.0,0.0,0.0
589,equal_split_vickrey_faltings_fair,30.0,30.0,0.0,0.0
589,lp_demand_vickrey,30.0,20.00002,9.99998,-1.1102230246251565e-16
589,lp_integrated_supply_demand,30.0,30.0,0.0,0.0
590,equal_split_first_best,30.0,30.0,0.0,0.0
590,equal_split_vickrey_majority,30.0,30.0,0.0,0.0
590,equal_split_vickrey_faltings_fair,30.0,20.0,10.0,1.3322676295501878e-15
590,lp_demand_vickrey,30.0,19.090969090909084,10.909030909090916,0.0
590,lp_integrated_supply_demand,30.0,29.701492437313433,0.29850756268656653,0.0
591,equal_split_first_best,60.0,60.0,0.0,0.0
591,equal_split_vickrey_majority,60.0,60.0,0.0,0.0
591,equal_split_vickrey_faltings_fair,60.0,60.0,0.0,0.0
591,lp_demand_vickrey,60.0,40.00004,19.99996,-1.1102230246251565e-16
591,lp_integrated_supply_demand,60.0,59.94714033264925,0.052859667350752204,0.0
592,equal_split_first_best,45.0,45.0,0.0,0.0
592,equal_split_vickrey_majority,45.0,45.0,0.0,0.0
592,equal_split_vickrey_faltings_fair,45.0,45.0,0.0,0.0
592,lp_demand_vickrey,45.0,30.00003,14.999970000000001,-1.1102230246251565e-16
592,lp_integrated_supply_demand,45.0,45.0,0.0,0.0
593,equal_split_first_best,45.0,45.0,0.0,0.0
593,equal_split_vickrey_majority,45.0,45.0,0.0,0.0
593,equal_split_vickrey_faltings_fair,45.0,45.0,0.0,0.0
593,lp_demand_vickrey,45.0,36.81822681818181,8.181773181818187,-8.881784197001252e-16
593,lp_integrated_supply_demand,45.0,44.98756302238806,0.012436977611940847,0.0
594,equal_split_first_best,45.0,45.0,0.0,0.0
594,equal_split_vickrey_majority,45.0,45.0,0.0,0.0
594,equal_split_vickrey_faltings_fair,45.0,45.0,0.0,0.0
594,lp_demand_vickrey,45.0,45.0,0.0,0.0
594,lp_integrated_supply_demand,45.0,45.0,0.0,0.0
595,equal_split_first_best,45.0,45.0,0.0,0.0
595,equal_split_vickrey_majority,45.0,45.0,0.0,0.0
595,equal_split_vickrey_faltings_fair,45.0,45.0,0.0,0.0
595,lp_demand_vickrey,45.0,30.00003,14.999970000000001,-1.1102230246251565e-16
595,lp_integrated_supply_demand,45.0,45.0,0.0,0.0
596,equal_split_first_best,45.0,45.0,0.0,0.0
596,equal_split_vickrey_majority,45.0,45.0,0.0,0.0
596,equal_split_vickrey_faltings_fair,45.0,45.0,0.0,0.0
596,lp_demand_vickrey,45.0,30.00003,14.999970000000001,-1.1102230246251565e-16
596,lp_integrated_supply_demand,45.0,44.92226637742535,0.07773362257464811,0.0
597,equal_split_first_best,60.0,60.0,0.0,0.0
597,equal_split_vickrey_majority,60.0,60.0,0.0,0.0
597,equal_split_vickrey_faltings_fair,60.0,60.0,0.0,0.0
597,lp_demand_vickrey,60.0,60.0,0.0,0.0
597,lp_integrated_supply_demand,60.0,60.0,0.0,0.0
598,equal_split_first_best,60.0,60.0,0.0,0.0
598,equal_split_vickrey_majority,60.0,60.0,0.0,0.0
598,equal_split_vickrey_faltings_fair,60.0,60.0,0.0,0.0
598,lp_demand_vickrey,60.0,60.0,0.0,0.0
598,lp_integrated_supply_demand,60.0,60.0,0.0,0.0
599,equal_split_first_best,60.0,60.0,0.0,0.0
599,equal_split_vickrey_majority,60.0,60.0,0.0,0.0
599,equal_split_vickrey_faltings_fair,60.0,60.0,0.0,0.0
599,lp_demand_vickrey,60.0,60.0,0.0,0.0
599,lp_integrated_supply_demand,60.0,59.70149243731343,0.29850756268656653,0.0
600,equal_split_first_best,75.0,75.0,0.0,0.0
600,equal_split_vickrey_majority,75.0,75.0,0.0,0.0
600,equal_split_vickrey_faltings_fair,75.0,75.0,0.0,0.0
600,lp_demand_vickrey,75.0,75.0,0.0,0.0
600,lp_integrated_supply_demand,75.0,75.0,0.0,0.0
601,equal_split_first_best,75.0,75.0,0.0,0.0
601,equal_split_vickrey_majority,75.0,75.0,0.0,0.0
601,equal_split_vickrey_faltings_fair,75.0,75.0,0.0,0.0
601,lp_demand_vickrey,75.0,75.0,0.0,0.0
601,lp_integrated_supply_demand,75.0,75.0,0.0,0.0
602,equal_split_first_best,75.0,75.0,0.0,0.0
602,equal_split_vickrey_majority,75.0,75.0,0.0,0.0
602,equal_split_vickrey_faltings_fair,75.0,75.0,0.0,0.0
602,lp_demand_vickrey,75.0,75.0,0.0,0.0
602,lp_integrated_supply_demand,75.0,75.0,0.0,0.0
603,equal_split_first_best,45.0,45.0,0.0,0.0
603,equal_split_vickrey_majority,45.0,45.0,0.0,0.0
603,equal_split_vickrey_faltings_fair,45.0,45.0,0.0,0.0
603,lp_demand_vickrey,45.0,30.00003,14.999970000000001,0.0
603,lp_integrated_supply_demand,45.0,45.0,0.0,0.0
604,equal_split_first_best,30.0,30.0,0.0,0.0
604,equal_split_vickrey_majority,30.0,30.0,0.0,0.0
604,equal_split_vickrey_faltings_fair,30.0,30.0,0.0,0.0
604,lp_demand_vickrey,30.0,20.00002,9.99998,-1.1102230246251565e-16
604,lp_integrated_supply_demand,30.0,30.0,0.0,0.0
605,equal_split_first_best,30.0,30.0,0.0,0.0
605,equal_split_vickrey_majority,30.0,30.0,0.0,0.0
605,equal_split_vickrey_faltings_fair,30.0,30.0,0.0,0.0
605,lp_demand_vickrey,30.0,20.00002,9.99998,-1.1102230246251565e-16
605,lp_integrated_supply_demand,30.0,30.0,0.0,0.0
606,equal_split_first_best,60.0,60.0,0.0,0.0
606,equal_split_vickrey_majority,60.0,60.0,0.0,0.0
606,equal_split_vickrey_faltings_fair,60.0,60.0,0.0,0.0
606,lp_demand_vickrey,60.0,60.0,0.0,0.0
606,lp_integrated_supply_demand,60.0,60.0,0.0,0.0
607,equal_split_first_best,45.0,45.0,0.0,0.0
607,equal_split_vickrey_majority,45.0,45.0,0.0,0.0
607,equal_split_vickrey_faltings_fair,45.0,45.0,0.0,0.0
607,lp_demand_vickrey,45.0,45.0,0.0,0.0
607,lp_integrated_supply_demand,45.0,45.0,0.0,0.0
608,equal_split_first_best,45.0,45.0,0.0,0.0
608,equal_split_vickrey_majority,45.0,45.0,0.0,0.0
608,equal_split_vickrey_faltings_fair,45.0,45.0,0.0,0.0
608,lp_demand_vickrey,45.0,45.0,0.0,0.0
608,lp_integrated_supply_demand,45.0,45.0,0.0,0.0
609,equal_split_first_best,75.0,75.0,0.0,0.0
609,equal_split_vickrey_majority,75.0,75.0,0.0,0.0
609,equal_split_vickrey_faltings_fair,75.0,75.0,0.0,0.0
609,lp_demand_vickrey,75.0,75.0,0.0,0.0
609,lp_integrated_supply_demand,75.0,75.0,0.0,0.0
610,equal_split_first_best,60.0,60.0,0.0,0.0
610,equal_split_vickrey_majority,60.0,60.0,0.0,0.0
610,equal_split_vickrey_faltings_fair,60.0,60.0,0.0,0.0
610,lp_demand_vickrey,60.0,60.0,0.0,0.0
610,lp_integrated_supply_demand,60.0,60.0,0.0,0.0
611,equal_split_first_best,60.0,60.0,0.0,0.0
611,equal_split_vickrey_majority,60.0,60.0,0.0,0.0
611,equal_split_vickrey_faltings_fair,60.0,60.0,0.0,0.0
611,lp_demand_vickrey,60.0,60.0,0.0,0.0
611,lp_integrated_supply_demand,60.0,60.00000000000001,-7.105427357601002e-15,0.0
612,equal_split_first_best,45.0,45.0,0.0,0.0
612,equal_split_vickrey_majority,45.0,45.0,0.0,0.0
612,equal_split_vickrey_faltings_fair,45.0,45.0,0.0,0.0
612,lp_demand_vickrey,45.0,30.00003,14.999970000000001,0.0
612,lp_integrated_supply_demand,45.0,44.70149243731343,0.29850756268656653,0.0
613,equal_split_first_best,30.0,30.0,0.0,0.0
613,equal_split_vickrey_majority,30.0,30.0,0.0,0.0
613,equal_split_vickrey_faltings_fair,30.0,30.0,0.0,0.0
613,lp_demand_vickrey,30.0,20.00002,9.99998,-1.1102230246251565e-16
613,lp_integrated_supply_demand,30.0,30.0,0.0,0.0
614,equal_split_first_best,30.0,30.0,0.0,0.0
614,equal_split_vickrey_majority,30.0,30.0,0.0,0.0
614,equal_split_vickrey_faltings_fair,30.0,20.0,10.0,1.3322676295501878e-15
614,lp_demand_vickrey,30.0,19.090969090909084,10.909030909090916,0.0
614,lp_integrated_supply_demand,30.0,29.701492437313433,0.29850756268656653,0.0
615,equal_split_first_best,60.0,60.0,0.0,0.0
615,equal_split_vickrey_majority,60.0,60.0,0.0,0.0
615,equal_split_vickrey_faltings_fair,60.0,60.0,0.0,0.0
615,lp_demand_vickrey,60.0,60.0,0.0,0.0
615,lp_integrated_supply_demand,60.0,59.70149243731343,0.29850756268656653,0.0
616,equal_split_first_best,45.0,45.0,0.0,0.0
616,equal_split_vickrey_majority,45.0,45.0,0.0,0.0
616,equal_split_vickrey_faltings_fair,45.0,45.0,0.0,0.0
616,lp_demand_vickrey,45.0,45.0,0.0,0.0
616,lp_integrated_supply_demand,45.0,45.0,0.0,0.0
617,equal_split_first_best,45.0,45.0,0.0,0.0
617,equal_split_vickrey_majority,45.0,45.0,0.0,0.0
617,equal_split_vickrey_faltings_fair,45.0,45.0,0.0,0.0
617,lp_demand_vickrey,45.0,28.636453636363623,16.363546363636377,0.0
617,lp_integrated_supply_demand,45.0,44.82586221343288,0.17413778656712253,0.0
618,equal_split_first_best,75.0,75.0,0.0,0.0
618,equal_split_vickrey_majority,75.0,75.0,0.0,0.0
618,equal_split_vickrey_faltings_fair,75.0,75.0,0.0,0.0
618,lp_demand_vickrey,75.0,75.0,0.0,0.0
618,lp_integrated_supply_demand,75.0,74.70149243731343,0.29850756268656653,0.0
619,equal_split_first_best,60.0,60.0,0.0,0.0
619,equal_split_vickrey_majority,60.0,60.0,0.0,0.0
619,equal_split_vickrey_faltings_fair,60.0,60.0,0.0,0.0
619,lp_demand_vickrey,60.0,60.0,0.0,0.0
619,lp_integrated_supply_demand,60.0,60.0,0.0,0.0
620,equal_split_first_best,60.0,60.0,0.0,0.0
620,equal_split_vickrey_majority,60.0,60.0,0.0,0.0
620,equal_split_vickrey_faltings_fair,60.0,60.0,0.0,0.0
620,lp_demand_vickrey,60.0,49.090969090909084,10.909030909090916,-8.881784197001252e-16
620,lp_integrated_supply_demand,60.0,59.91293110671644,0.08706889328355771,0.0
621,equal_split_first_best,60.0,60.0,0.0,0.0
621,equal_split_vickrey_majority,60.0,60.0,0.0,0.0
621,equal_split_vickrey_faltings_fair,60.0,60.0,0.0,0.0
621,lp_demand_vickrey,60.0,60.0,0.0,0.0
621,lp_integrated_supply_demand,60.0,60.0,0.0,0.0
622,equal_split_first_best,60.0,60.0,0.0,0.0
622,equal_split_vickrey_majority,60.0,60.0,0.0,0.0
622,equal_split_vickrey_faltings_fair,60.0,60.0,0.0,0.0
622,lp_demand_vickrey,60.0,40.00004,19.99996,-1.1102230246251565e-16
622,lp_integrated_supply_demand,60.0,60.0,0.0,0.0
623,equal_split_first_best,60.0,60.0,0.0,0.0
623,equal_split_vickrey_majority,60.0,60.0,0.0,0.0
623,equal_split_vickrey_faltings_fair,60.0,60.0,0.0,0.0
623,lp_demand_vickrey,60.0,40.00004,19.99996,-1.1102230246251565e-16
623,lp_integrated_supply_demand,60.0,59.94714033264925,0.052859667350752204,0.0
624,equal_split_first_best,75.0,75.0,0.0,0.0
624,equal_split_vickrey_majority,75.0,75.0,0.0,0.0
624,equal_split_vickrey_faltings_fair,75.0,75.0,0.0,0.0
624,lp_demand_vickrey,75.0,75.0,0.0,0.0
624,lp_integrated_supply_demand,75.0,75.0,0.0,0.0
625,equal_split_first_best,75.0,75.0,0.0,0.0
625,equal_split_vickrey_majority,75.0,75.0,0.0,0.0
625,equal_split_vickrey_faltings_fair,75.0,75.0,0.0,0.0
625,lp_demand_vickrey,75.0,75.0,0.0,0.0
625,lp_integrated_supply_demand,75.0,75.0,0.0,0.0
626,equal_split_first_best,75.0,75.0,0.0,0.0
626,equal_split_vickrey_majority,75.0,75.0,0.0,0.0
626,equal_split_vickrey_faltings_fair,75.0,75.0,0.0,0.0
626,lp_demand_vickrey,75.0,75.0,0.0,0.0
626,lp_integrated_supply_demand,75.0,74.70149243731343,0.29850756268656653,0.0
627,equal_split_first_best,90.0,90.0,0.0,0.0
627,equal_split_vickrey_majority,90.0,90.0,0.0,0.0
627,equal_split_vickrey_faltings_fair,90.0,90.0,0.0,0.0
627,lp_demand_vickrey,90.0,90.0,0.0,0.0
627,lp_integrated_supply_demand,90.0,90.0,0.0,0.0
628,equal_split_first_best,90.0,90.0,0.0,0.0
628,equal_split_vickrey_majority,90.0,90.0,0.0,0.0
628,equal_split_vickrey_faltings_fair,90.0,90.0,0.0,0.0
628,lp_demand_vickrey,90.0,90.0,0.0,0.0
628,lp_integrated_supply_demand,90.0,90.0,0.0,0.0
629,equal_split_first_best,90.0,90.0,0.0,0.0
629,equal_split_vickrey_majority,90.0,90.0,0.0,0.0
629,equal_split_vickrey_faltings_fair,90.0,90.0,0.0,0.0
629,lp_demand_vickrey,90.0,90.0,0.0,0.0
629,lp_integrated_supply_demand,90.0,90.0,0.0,0.0
630,equal_split_first_best,60.0,60.0,0.0,0.0
630,equal_split_vickrey_majority,60.0,60.0,0.0,0.0
630,equal_split_vickrey_faltings_fair,60.0,60.0,0.0,0.0
630,lp_demand_vickrey,60.0,40.00004,19.99996,0.0
630,lp_integrated_supply_demand,60.0,60.0,0.0,0.0
631,equal_split_first_best,45.0,45.0,0.0,0.0
631,equal_split_vickrey_majority,45.0,45.0,0.0,0.0
631,equal_split_vickrey_faltings_fair,45.0,45.0,0.0,0.0
631,lp_demand_vickrey,45.0,30.00003,14.999970000000001,-1.1102230246251565e-16
631,lp_integrated_supply_demand,45.0,45.0,0.0,0.0
632,equal_split_first_best,45.0,45.0,0.0,0.0
632,equal_split_vickrey_majority,45.0,45.0,0.0,0.0
632,equal_split_vickrey_faltings_fair,45.0,45.0,0.0,0.0
632,lp_demand_vickrey,45.0,30.00003,14.999970000000001,-1.1102230246251565e-16
632,lp_integrated_supply_demand,45.0,45.0,0.0,0.0
633,equal_split_first_best,75.0,75.0,0.0,0.0
633,equal_split_vickrey_majority,75.0,75.0,0.0,0.0
633,equal_split_vickrey_faltings_fair,75.0,75.0,0.0,0.0
633,lp_demand_vickrey,75.0,75.0,0.0,0.0
633,lp_integrated_supply_demand,75.0,75.0,0.0,0.0
634,equal_split_first_best,60.0,60.0,0.0,0.0
634,equal_split_vickrey_majority,60.0,60.0,0.0,0.0
634,equal_split_vickrey_faltings_fair,60.0,60.0,0.0,0.0
634,lp_demand_vickrey,60.0,60.0,0.0,0.0
634,lp_integrated_supply_demand,60.0,60.0,0.0,0.0
635,equal_split_first_best,60.0,60.0,0.0,0.0
635,equal_split_vickrey_majority,60.0,60.0,0.0,0.0
635,equal_split_vickrey_faltings_fair,60.0,60.0,0.0,0.0
635,lp_demand_vickrey,60.0,60.0,0.0,0.0
635,lp_integrated_supply_demand,60.0,60.0,0.0,0.0
636,equal_split_first_best,90.0,90.0,0.0,0.0
636,equal_split_vickrey_majority,90.0,90.0,0.0,0.0
636,equal_split_vickrey_faltings_fair,90.0,90.0,0.0,0.0
636,lp_demand_vickrey,90.0,90.0,0.0,0.0
636,lp_integrated_supply_demand,90.0,90.0,0.0,0.0
637,equal_split_first_best,75.0,75.0,0.0,0.0
637,equal_split_vickrey_majority,75.0,75.0,0.0,0.0
637,equal_split_vickrey_faltings_fair,75.0,75.0,0.0,0.0
637,lp_demand_vickrey,75.0,75.0,0.0,0.0
637,lp_integrated_supply_demand,75.0,75.0,0.0,0.0
638,equal_split_first_best,75.0,75.0,0.0,0.0
638,equal_split_vickrey_majority,75.0,75.0,0.0,0.0
638,equal_split_vickrey_faltings_fair,75.0,75.0,0.0,0.0
638,lp_demand_vickrey,75.0,75.0,0.0,0.0
638,lp_integrated_supply_demand,75.0,75.0,0.0,0.0
639,equal_split_first_best,60.0,60.0,0.0,0.0
639,equal_split_vickrey_majority,60.0,60.0,0.0,0.0
639,equal_split_vickrey_faltings_fair,60.0,60.0,0.0,0.0
639,lp_demand_vickrey,60.0,40.00004,19.99996,0.0
639,lp_integrated_supply_demand,60.0,60.0,0.0,0.0
640,equal_split_first_best,45.0,45.0,0.0,0.0
640,equal_split_vickrey_majority,45.0,45.0,0.0,0.0
640,equal_split_vickrey_faltings_fair,45.0,45.0,0.0,0.0
640,lp_demand_vickrey,45.0,30.00003,14.999970000000001,-1.1102230246251565e-16
640,lp_integrated_supply_demand,45.0,45.0,0.0,0.0
641,equal_split_first_best,45.0,45.0,0.0,0.0
641,equal_split_vickrey_majority,45.0,45.0,0.0,0.0
641,equal_split_vickrey_faltings_fair,45.0,45.0,0.0,0.0
641,lp_demand_vickrey,45.0,36.81822681818181,8.181773181818187,-8.881784197001252e-16
641,lp_integrated_supply_demand,45.0,44.98756302238806,0.012436977611940847,0.0
642,equal_split_first_best,75.0,75.0,0.0,0.0
642,equal_split_vickrey_majority,75.0,75.0,0.0,0.0
642,equal_split_vickrey_faltings_fair,75.0,75.0,0.0,0.0
642,lp_demand_vickrey,75.0,75.0,0.0,0.0
642,lp_integrated_supply_demand,75.0,75.0,0.0,0.0
643,equal_split_first_best,60.0,60.0,0.0,0.0
643,equal_split_vickrey_majority,60.0,60.0,0.0,0.0
643,equal_split_vickrey_faltings_fair,60.0,60.0,0.0,0.0
643,lp_demand_vickrey,60.0,60.0,0.0,0.0
643,lp_integrated_supply_demand,60.0,60.00000000000001,-7.105427357601002e-15,0.0
644,equal_split_first_best,60.0,60.0,0.0,0.0
644,equal_split_vickrey_majority,60.0,60.0,0.0,0.0
644,equal_split_vickrey_faltings_fair,60.0,60.0,0.0,0.0
644,lp_demand_vickrey,60.0,49.090969090909084,10.909030909090916,-8.881784197001252e-16
644,lp_integrated_supply_demand,60.0,59.91293110671644,0.08706889328355771,0.0
645,equal_split_first_best,90.0,90.0,0.0,0.0
645,equal_split_vickrey_majority,90.0,90.0,0.0,0.0
645,equal_split_vickrey_faltings_fair,90.0,90.0,0.0,0.0
645,lp_demand_vickrey,90.0,90.0,0.0,0.0
645,lp_integrated_supply_demand,90.0,90.0,0.0,0.0
646,equal_split_first_best,75.0,75.0,0.0,0.0
646,equal_split_vickrey_majority,75.0,75.0,0.0,0.0
646,equal_split_vickrey_faltings_fair,75.0,75.0,0.0,0.0
646,lp_demand_vickrey,75.0,75.0,0.0,0.0
646,lp_integrated_supply_demand,75.0,75.0,0.0,0.0
647,equal_split_first_best,75.0,75.0,0.0,0.0
647,equal_split_vickrey_majority,75.0,75.0,0.0,0.0
647,equal_split_vickrey_faltings_fair,75.0,75.0,0.0,0.0
647,lp_demand_vickrey,75.0,75.0,0.0,0.0
647,lp_integrated_supply_demand,75.0,75.0,0.0,0.0
648,equal_split_first_best,30.0,30.0,0.0,0.0
648,equal_split_vickrey_majority,30.0,30.0,0.0,0.0
648,equal_split_vickrey_faltings_fair,30.0,30.0,0.0,0.0
648,lp_demand_vickrey,30.0,30.0,0.0,0.0
648,lp_integrated_supply_demand,30.0,30.0,0.0,0.0
649,equal_split_first_best,30.0,30.0,0.0,0.0
649,equal_split_vickrey_majority,30.0,0.0,30.0,0.0
649,equal_split_vickrey_faltings_fair,30.0,20.0,10.0,-2.220446049250313e-16
649,lp_demand_vickrey,30.0,9.99998,20.00002,0.0
649,lp_integrated_supply_demand,30.0,30.0,0.0,0.0
650,equal_split_first_best,30.0,30.0,0.0,0.0
650,equal_split_vickrey_majority,30.0,0.0,30.0,0.0
650,equal_split_vickrey_faltings_fair,30.0,20.0,10.0,-4.440892098500626e-16
650,lp_demand_vickrey,30.0,5.454515454545458,24.545484545454542,0.0
650,lp_integrated_supply_demand,30.0,29.701492437313433,0.29850756268656653,0.0
651,equal_split_first_best,45.0,45.0,0.0,0.0
651,equal_split_vickrey_majority,45.0,45.0,0.0,0.0
651,equal_split_vickrey_faltings_fair,45.0,45.0,0.0,0.0
651,lp_demand_vickrey,45.0,45.0,0.0,0.0
651,lp_integrated_supply_demand,45.0,45.0,0.0,0.0
652,equal_split_first_best,45.0,45.0,0.0,0.0
652,equal_split_vickrey_majority,45.0,45.0,0.0,0.0
652,equal_split_vickrey_faltings_fair,45.0,45.0,0.0,0.0
652,lp_demand_vickrey,45.0,30.00003,14.999970000000001,0.0
652,lp_integrated_supply_demand,45.0,45.0,0.0,0.0
653,equal_split_first_best,45.0,45.0,0.0,0.0
653,equal_split_vickrey_majority,45.0,45.0,0.0,0.0
653,equal_split_vickrey_faltings_fair,45.0,30.0,15.0,1.3322676295501878e-15
653,lp_demand_vickrey,45.0,28.636453636363623,16.363546363636377,-8.881784197001252e-16
653,lp_integrated_supply_demand,45.0,45.0,0.0,0.0
654,equal_split_first_best,60.0,60.0,0.0,0.0
654,equal_split_vickrey_majority,60.0,60.0,0.0,0.0
654,equal_split_vickrey_faltings_fair,60.0,60.0,0.0,0.0
654,lp_demand_vickrey,60.0,60.0,0.0,0.0
654,lp_integrated_supply_demand,60.0,60.0,0.0,0.0
655,equal_split_first_best,60.0,60.0,0.0,0.0
655,equal_split_vickrey_majority,60.0,60.0,0.0,0.0
655,equal_split_vickrey_faltings_fair,60.0,60.0,0.0,0.0
655,lp_demand_vickrey,60.0,40.00004,19.99996,0.0
655,lp_integrated_supply_demand,60.0,60.0,0.0,0.0
656,equal_split_first_best,60.0,60.0,0.0,0.0
656,equal_split_vickrey_majority,60.0,60.0,0.0,0.0
656,equal_split_vickrey_faltings_fair,60.0,60.0,0.0,0.0
656,lp_demand_vickrey,60.0,49.090969090909084,10.909030909090916,0.0
656,lp_integrated_supply_demand,60.0,60.0,0.0,0.0
657,equal_split_first_best,30.0,30.0,0.0,0.0
657,equal_split_vickrey_majority,30.0,0.0,30.0,0.0
657,equal_split_vickrey_faltings_fair,30.0,20.0,10.0,-2.220446049250313e-16
657,lp_demand_vickrey,30.0,9.99998,20.00002,0.0
657,lp_integrated_supply_demand,30.0,30.0,0.0,0.0
658,equal_split_first_best,15.0,15.0,0.0,0.0
658,equal_split_vickrey_majority,15.0,0.0,15.0,0.0
658,equal_split_vickrey_faltings_fair,15.0,10.0,5.0,-2.220446049250313e-16
658,lp_demand_vickrey,15.0,4.99999,10.00001,0.0
658,lp_integrated_supply_demand,15.0,14.999975700025468,2.4299974532127067e-05,0.0
659,equal_split_first_best,15.0,15.0,0.0,0.0
659,equal_split_vickrey_majority,15.0,0.0,15.0,0.0
659,equal_split_vickrey_faltings_fair,15.0,10.0,5.0,-4.440892098500626e-16
659,lp_demand_vickrey,15.0,2.727257727272729,12.272742272727271,0.0
659,lp_integrated_supply_demand,15.0,14.701492437313433,0.29850756268656653,0.0
660,equal_split_first_best,45.0,45.0,0.0,0.0
660,equal_split_vickrey_majority,45.0,45.0,0.0,0.0
660,equal_split_vickrey_faltings_fair,45.0,45.0,0.0,0.0
660,lp_demand_vickrey,45.0,30.00003,14.999970000000001,-1.1102230246251565e-16
660,lp_integrated_supply_demand,45.0,45.0,0.0,0.0
661,equal_split_first_best,30.0,30.0,0.0,0.0
661,equal_split_vickrey_majority,30.0,30.0,0.0,0.0
661,equal_split_vickrey_faltings_fair,30.0,30.0,0.0,0.0
661,lp_demand_vickrey,30.0,20.00002,9.99998,0.0
661,lp_integrated_supply_demand,30.0,30.0,0.0,0.0
662,equal_split_first_best,30.0,30.0,0.0,0.0
662,equal_split_vickrey_majority,30.0,30.0,0.0,0.0
662,equal_split_vickrey_faltings_fair,30.0,20.0,10.0,1.3322676295501878e-15
662,lp_demand_vickrey,30.0,19.090969090909084,10.909030909090916,-8.881784197001252e-16
662,lp_integrated_supply_demand,30.0,29.788561330596995,0.21143866940300526,0.0
663,equal_split_first_best,60.0,60.0,0.0,0.0
663,equal_split_vickrey_majority,60.0,60.0,0.0,0.0
663,equal_split_vickrey_faltings_fair,60.0,60.0,0.0,0.0
663,lp_demand_vickrey,60.0,40.00004,19.99996,-1.1102230246251565e-16
663,lp_integrated_supply_demand,60.0,60.0,0.0,0.0
664,equal_split_first_best,45.0,45.0,0.0,0.0
664,equal_split_vickrey_majority,45.0,45.0,0.0,0.0
664,equal_split_vickrey_faltings_fair,45.0,45.0,0.0,0.0
664,lp_demand_vickrey,45.0,30.00003,14.999970000000001,0.0
664,lp_integrated_supply_demand,45.0,45.0,0.0,0.0
665,equal_split_first_best,45.0,45.0,0.0,0.0
665,equal_split_vickrey_majority,45.0,45.0,0.0,0.0
665,equal_split_vickrey_faltings_fair,45.0,45.0,0.0,0.0
665,lp_demand_vickrey,45.0,36.81822681818181,8.181773181818187,0.0
665,lp_integrated_supply_demand,45.0,45.0,0.0,0.0
666,equal_split_first_best,30.0,30.0,0.0,0.0
666,equal_split_vickrey_majority,30.0,0.0,30.0,0.0
666,equal_split_vickrey_faltings_fair,30.0,20.0,10.0,-4.440892098500626e-16
666,lp_demand_vickrey,30.0,5.454515454545458,24.545484545454542,0.0
666,lp_integrated_supply_demand,30.0,29.701492437313433,0.29850756268656653,0.0
667,equal_split_first_best,15.0,15.0,0.0,0.0
667,equal_split_vickrey_majority,15.0,0.0,15.0,0.0
667,equal_split_vickrey_faltings_fair,15.0,10.0,5.0,-4.440892098500626e-16
667,lp_demand_vickrey,15.0,2.727257727272729,12.272742272727271,0.0
667,lp_integrated_supply_demand,15.0,14.701492437313433,0.29850756268656653,0.0
668,equal_split_first_best,0.0,0.0,0.0,0.0
668,equal_split_vickrey_majority,0.0,0.0,0.0,0.0
668,equal_split_vickrey_faltings_fair,0.0,0.0,0.0,0.0
668,lp_demand_vickrey,0.0,0.0,0.0,0.0
668,lp_integrated_supply_demand,0.0,0.0,0.0,0.0
669,equal_split_first_best,45.0,45.0,0.0,0.0
669,equal_split_vickrey_majority,45.0,45.0,0.0,0.0
669,equal_split_vickrey_faltings_fair,45.0,30.0,15.0,0.0
669,lp_demand_vickrey,45.0,28.636453636363623,16.363546363636377,-8.881784197001252e-16
669,lp_integrated_supply_demand,45.0,44.96268906716417,0.03731093283582965,0.0
670,equal_split_first_best,30.0,30.0,0.0,0.0
670,equal_split_vickrey_majority,30.0,30.0,0.0,0.0
670,equal_split_vickrey_faltings_fair,30.0,20.0,10.0,0.0
670,lp_demand_vickrey,30.0,19.090969090909084,10.909030909090916,-8.881784197001252e-16
670,lp_integrated_supply_demand,30.0,29.701492437313433,0.29850756268656653,0.0
671,equal_split_first_best,15.0,15.0,0.0,0.0
671,equal_split_vickrey_majority,15.0,15.0,0.0,0.0
671,equal_split_vickrey_faltings_fair,15.0,10.0,5.0,1.3322676295501878e-15
671,lp_demand_vickrey,15.0,9.545484545454542,5.454515454545458,0.0
671,lp_integrated_supply_demand,15.0,14.701492437313433,0.29850756268656653,0.0
672,equal_split_first_best,60.0,60.0,0.0,0.0
672,equal_split_vickrey_majority,60.0,60.0,0.0,0.0
672,equal_split_vickrey_faltings_fair,60.0,60.0,0.0,0.0
672,lp_demand_vickrey,60.0,49.090969090909084,10.909030909090916,-8.881784197001252e-16
672,lp_integrated_supply_demand,60.0,60.0,0.0,0.0
673,equal_split_first_best,45.0,45.0,0.0,0.0
673,equal_split_vickrey_majority,45.0,45.0,0.0,0.0
673,equal_split_vickrey_faltings_fair,45.0,45.0,0.0,0.0
673,lp_demand_vickrey,45.0,36.81822681818181,8.181773181818187,-8.881784197001252e-16
673,lp_integrated_supply_demand,45.0,44.98756302238806,0.012436977611940847,0.0
674,equal_split_first_best,30.0,30.0,0.0,0.0
674,equal_split_vickrey_majority,30.0,30.0,0.0,0.0
674,equal_split_vickrey_faltings_fair,30.0,30.0,0.0,0.0
674,lp_demand_vickrey,30.0,24.545484545454542,5.454515454545458,-8.881784197001252e-16
674,lp_integrated_supply_demand,30.0,30.000000000000004,-3.552713678800501e-15,0.0
675,equal_split_first_best,45.0,45.0,0.0,0.0
675,equal_split_vickrey_majority,45.0,45.0,0.0,0.0
675,equal_split_vickrey_faltings_fair,45.0,45.0,0.0,0.0
675,lp_demand_vickrey,45.0,45.0,0.0,0.0
675,lp_integrated_supply_demand,45.0,45.0,0.0,0.0
676,equal_split_first_best,45.0,45.0,0.0,0.0
676,equal_split_vickrey_majority,45.0,45.0,0.0,0.0
676,equal_split_vickrey_faltings_fair,45.0,45.0,0.0,0.0
676,lp_demand_vickrey,45.0,30.00003,14.999970000000001,-1.1102230246251565e-16
676,lp_integrated_supply_demand,45.0,45.0,0.0,0.0
677,equal_split_first_best,45.0,45.0,0.0,0.0
677,equal_split_vickrey_majority,45.0,45.0,0.0,0.0
677,equal_split_vickrey_faltings_fair,45.0,30.0,15.0,0.0
677,lp_demand_vickrey,45.0,28.636453636363623,16.363546363636377,-8.881784197001252e-16
677,lp_integrated_supply_demand,45.0,44.96268906716417,0.03731093283582965,0.0
678,equal_split_first_best,60.0,60.0,0.0,0.0
678,equal_split_vickrey_majority,60.0,60.0,0.0,0.0
678,equal_split_vickrey_faltings_fair,60.0,60.0,0.0,0.0
678,lp_demand_vickrey,60.0,60.0,0.0,0.0
678,lp_integrated_supply_demand,60.0,60.0,0.0,0.0
679,equal_split_first_best,60.0,60.0,0.0,0.0
679,equal_split_vickrey_majority,60.0,60.0,0.0,0.0
679,equal_split_vickrey_faltings_fair,60.0,60.0,0.0,0.0
679,lp_demand_vickrey,60.0,60.0,0.0,0.0
679,lp_integrated_supply_demand,60.0,60.0,0.0,0.0
680,equal_split_first_best,60.0,60.0,0.0,0.0
680,equal_split_vickrey_majority,60.0,60.0,0.0,0.0
680,equal_split_vickrey_faltings_fair,60.0,60.0,0.0,0.0
680,lp_demand_vickrey,60.0,38.18193818181817,21.81806181818183,-8.881784197001252e-16
680,lp_integrated_supply_demand,60.0,60.0,0.0,0.0
681,equal_split_first_best,75.0,75.0,0.0,0.0
681,equal_split_vickrey_majority,75.0,75.0,0.0,0.0
681,equal_split_vickrey_faltings_fair,75.0,75.0,0.0,0.0
681,lp_demand_vickrey,75.0,75.0,0.0,0.0
681,lp_integrated_supply_demand,75.0,75.0,0.0,0.0
682,equal_split_first_best,75.0,75.0,0.0,0.0
682,equal_split_vickrey_majority,75.0,75.0,0.0,0.0
682,equal_split_vickrey_faltings_fair,75.0,75.0,0.0,0.0
682,lp_demand_vickrey,75.0,75.0,0.0,0.0
682,lp_integrated_supply_demand,75.0,75.0,0.0,0.0
683,equal_split_first_best,75.0,75.0,0.0,0.0
683,equal_split_vickrey_majority,75.0,75.0,0.0,0.0
683,equal_split_vickrey_faltings_fair,75.0,75.0,0.0,0.0
683,lp_demand_vickrey,75.0,61.363711363636355,13.636288636363645,0.0
683,lp_integrated_supply_demand,75.0,75.0,0.0,0.0
684,equal_split_first_best,45.0,45.0,0.0,0.0
684,equal_split_vickrey_majority,45.0,45.0,0.0,0.0
684,equal_split_vickrey_faltings_fair,45.0,45.0,0.0,0.0
684,lp_demand_vickrey,45.0,30.00003,14.999970000000001,0.0
684,lp_integrated_supply_demand,45.0,45.0,0.0,0.0
685,equal_split_first_best,30.0,30.0,0.0,0.0
685,equal_split_vickrey_majority,30.0,30.0,0.0,0.0
685,equal_split_vickrey_faltings_fair,30.0,30.0,0.0,0.0
685,lp_demand_vickrey,30.0,20.00002,9.99998,-1.1102230246251565e-16
685,lp_integrated_supply_demand,30.0,30.0,0.0,0.0
686,equal_split_first_best,30.0,30.0,0.0,0.0
686,equal_split_vickrey_majority,30.0,30.0,0.0,0.0
686,equal_split_vickrey_faltings_fair,30.0,20.0,10.0,0.0
686,lp_demand_vickrey,30.0,19.090969090909084,10.909030909090916,-8.881784197001252e-16
686,lp_integrated_supply_demand,30.0,29.701492437313433,0.29850756268656653,0.0
687,equal_split_first_best,60.0,60.0,0.0,0.0
687,equal_split_vickrey_majority,60.0,60.0,0.0,0.0
687,equal_split_vickrey_faltings_fair,60.0,60.0,0.0,0.0
687,lp_demand_vickrey,60.0,60.0,0.0,0.0
687,lp_integrated_supply_demand,60.0,60.0,0.0,0.0
688,equal_split_first_best,45.0,45.0,0.0,0.0
688,equal_split_vickrey_majority,45.0,45.0,0.0,0.0
688,equal_split_vickrey_faltings_fair,45.0,45.0,0.0,0.0
688,lp_demand_vickrey,45.0,45.0,0.0,0.0
688,lp_integrated_supply_demand,45.0,45.0,0.0,0.0
689,equal_split_first_best,45.0,45.0,0.0,0.0
689,equal_split_vickrey_majority,45.0,45.0,0.0,0.0
689,equal_split_vickrey_faltings_fair,45.0,45.0,0.0,0.0
689,lp_demand_vickrey,45.0,28.636453636363623,16.363546363636377,-8.881784197001252e-16
689,lp_integrated_supply_demand,45.0,44.87563022388054,0.12436977611945821,-8.881784197001252e-16
690,equal_split_first_best,75.0,75.0,0.0,0.0
690,equal_split_vickrey_majority,75.0,75.0,0.0,0.0
690,equal_split_vickrey_faltings_fair,75.0,75.0,0.0,0.0
690,lp_demand_vickrey,75.0,75.0,0.0,0.0
690,lp_integrated_supply_demand,75.0,75.0,0.0,0.0
691,equal_split_first_best,60.0,60.0,0.0,0.0
691,equal_split_vickrey_majority,60.0,60.0,0.0,0.0
691,equal_split_vickrey_faltings_fair,60.0,60.0,0.0,0.0
691,lp_demand_vickrey,60.0,60.0,0.0,0.0
691,lp_integrated_supply_demand,60.0,60.00000000000001,-7.105427357601002e-15,0.0
692,equal_split_first_best,60.0,60.0,0.0,0.0
692,equal_split_vickrey_majority,60.0,60.0,0.0,0.0
692,equal_split_vickrey_faltings_fair,60.0,60.0,0.0,0.0
692,lp_demand_vickrey,60.0,49.090969090909084,10.909030909090916,0.0
692,lp_integrated_supply_demand,60.0,60.0,0.0,0.0
693,equal_split_first_best,45.0,45.0,0.0,0.0
693,equal_split_vickrey_majority,45.0,45.0,0.0,0.0
693,equal_split_vickrey_faltings_fair,45.0,30.0,15.0,1.3322676295501878e-15
693,lp_demand_vickrey,45.0,28.636453636363623,16.363546363636377,-8.881784197001252e-16
693,lp_integrated_supply_demand,45.0,45.0,0.0,0.0
694,equal_split_first_best,30.0,30.0,0.0,0.0
694,equal_split_vickrey_majority,30.0,30.0,0.0,0.0
694,equal_split_vickrey_faltings_fair,30.0,20.0,10.0,1.3322676295501878e-15
694,lp_demand_vickrey,30.0,19.090969090909084,10.909030909090916,-8.881784197001252e-16
694,lp_integrated_supply_demand,30.0,29.788561330596995,0.21143866940300526,0.0
695,equal_split_first_best,15.0,15.0,0.0,0.0
695,equal_split_vickrey_majority,15.0,15.0,0.0,0.0
695,equal_split_vickrey_faltings_fair,15.0,10.0,5.0,1.3322676295501878e-15
695,lp_demand_vickrey,15.0,9.545484545454542,5.454515454545458,0.0
695,lp_integrated_supply_demand,15.0,14.701492437313433,0.29850756268656653,0.0
696,equal_split_first_best,60.0,60.0,0.0,0.0
696,equal_split_vickrey_majority,60.0,60.0,0.0,0.0
696,equal_split_vickrey_faltings_fair,60.0,60.0,0.0,0.0
696,lp_demand_vickrey,60.0,38.18193818181817,21.81806181818183,-8.881784197001252e-16
696,lp_integrated_supply_demand,60.0,60.0,0.0,0.0
697,equal_split_first_best,45.0,45.0,0.0,0.0
697,equal_split_vickrey_majority,45.0,45.0,0.0,0.0
697,equal_split_vickrey_faltings_fair,45.0,45.0,0.0,0.0
697,lp_demand_vickrey,45.0,28.636453636363623,16.363546363636377,-8.881784197001252e-16
697,lp_integrated_supply_demand,45.0,44.87563022388054,0.12436977611945821,-8.881784197001252e-16
698,equal_split_first_best,30.0,30.0,0.0,0.0
698,equal_split_vickrey_majority,30.0,30.0,0.0,0.0
698,equal_split_vickrey_faltings_fair,30.0,30.0,0.0,0.0
698,lp_demand_vickrey,30.0,19.090969090909084,10.909030909090916,0.0
698,lp_integrated_supply_demand,30.0,30.0,0.0,0.0
699,equal_split_first_best,75.0,75.0,0.0,0.0
699,equal_split_vickrey_majority,75.0,75.0,0.0,0.0
699,equal_split_vickrey_faltings_fair,75.0,75.0,0.0,0.0
699,lp_demand_vickrey,75.0,61.363711363636355,13.636288636363645,-8.881784197001252e-16
699,lp_integrated_supply_demand,75.0,75.0,0.0,0.0
700,equal_split_first_best,60.0,60.0,0.0,0.0
700,equal_split_vickrey_majority,60.0,60.0,0.0,0.0
700,equal_split_vickrey_faltings_fair,60.0,60.0,0.0,0.0
700,lp_demand_vickrey,60.0,49.090969090909084,10.909030909090916,-8.881784197001252e-16
700,lp_integrated_supply_demand,60.0,59.91293110671644,0.08706889328355771,0.0
701,equal_split_first_best,45.0,45.0,0.0,0.0
701,equal_split_vickrey_majority,45.0,45.0,0.0,0.0
701,equal_split_vickrey_faltings_fair,45.0,45.0,0.0,0.0
701,lp_demand_vickrey,45.0,36.81822681818181,8.181773181818187,-8.881784197001252e-16
701,lp_integrated_supply_demand,45.0,45.0,0.0,0.0
702,equal_split_first_best,60.0,60.0,0.0,0.0
702,equal_split_vickrey_majority,60.0,60.0,0.0,0.0
702,equal_split_vickrey_faltings_fair,60.0,60.0,0.0,0.0
702,lp_demand_vickrey,60.0,60.0,0.0,0.0
702,lp_integrated_supply_demand,60.0,60.0,0.0,0.0
703,equal_split_first_best,60.0,60.0,0.0,0.0
703,equal_split_vickrey_majority,60.0,60.0,0.0,0.0
703,equal_split_vickrey_faltings_fair,60.0,60.0,0.0,0.0
703,lp_demand_vickrey,60.0,40.00004,19.99996,-1.1102230246251565e-16
703,lp_integrated_supply_demand,60.0,60.0,0.0,0.0
704,equal_split_first_best,60.0,60.0,0.0,0.0
704,equal_split_vickrey_majority,60.0,60.0,0.0,0.0
704,equal_split_vickrey_faltings_fair,60.0,60.0,0.0,0.0
704,lp_demand_vickrey,60.0,49.090969090909084,10.909030909090916,-8.881784197001252e-16
704,lp_integrated_supply_demand,60.0,60.0,0.0,0.0
705,equal_split_first_best,75.0,75.0,0.0,0.0
705,equal_split_vickrey_majority,75.0,75.0,0.0,0.0
705,equal_split_vickrey_faltings_fair,75.0,75.0,0.0,0.0
705,lp_demand_vickrey,75.0,75.0,0.0,0.0
705,lp_integrated_supply_demand,75.0,75.0,0.0,0.0
706,equal_split_first_best,75.0,75.0,0.0,0.0
706,equal_split_vickrey_majority,75.0,75.0,0.0,0.0
706,equal_split_vickrey_faltings_fair,75.0,75.0,0.0,0.0
706,lp_demand_vickrey,75.0,75.0,0.0,0.0
706,lp_integrated_supply_demand,75.0,75.0,0.0,0.0
707,equal_split_first_best,75.0,75.0,0.0,0.0
707,equal_split_vickrey_majority,75.0,75.0,0.0,0.0
707,equal_split_vickrey_faltings_fair,75.0,75.0,0.0,0.0
707,lp_demand_vickrey,75.0,61.363711363636355,13.636288636363645,-8.881784197001252e-16
707,lp_integrated_supply_demand,75.0,75.0,0.0,0.0
708,equal_split_first_best,90.0,90.0,0.0,0.0
708,equal_split_vickrey_majority,90.0,90.0,0.0,0.0
708,equal_split_vickrey_faltings_fair,90.0,90.0,0.0,0.0
708,lp_demand_vickrey,90.0,90.0,0.0,0.0
708,lp_integrated_supply_demand,90.0,90.0,0.0,0.0
709,equal_split_first_best,90.0,90.0,0.0,0.0
709,equal_split_vickrey_majority,90.0,90.0,0.0,0.0
709,equal_split_vickrey_faltings_fair,90.0,90.0,0.0,0.0
709,lp_demand_vickrey,90.0,90.0,0.0,0.0
709,lp_integrated_supply_demand,90.0,90.0,0.0,0.0
710,equal_split_first_best,90.0,90.0,0.0,0.0
710,equal_split_vickrey_majority,90.0,90.0,0.0,0.0
710,equal_split_vickrey_faltings_fair,90.0,90.0,0.0,0.0
710,lp_demand_vickrey,90.0,90.0,0.0,0.0
710,lp_integrated_supply_demand,90.0,90.0,0.0,0.0
711,equal_split_first_best,60.0,60.0,0.0,0.0
711,equal_split_vickrey_majority,60.0,60.0,0.0,0.0
711,equal_split_vickrey_faltings_fair,60.0,60.0,0.0,0.0
711,lp_demand_vickrey,60.0,40.00004,19.99996,0.0
711,lp_integrated_supply_demand,60.0,60.0,0.0,0.0
712,equal_split_first_best,45.0,45.0,0.0,0.0
712,equal_split_vickrey_majority,45.0,45.0,0.0,0.0
712,equal_split_vickrey_faltings_fair,45.0,45.0,0.0,0.0
712,lp_demand_vickrey,45.0,30.00003,14.999970000000001,-1.1102230246251565e-16
712,lp_integrated_supply_demand,45.0,45.0,0.0,0.0
713,equal_split_first_best,45.0,45.0,0.0,0.0
713,equal_split_vickrey_majority,45.0,45.0,0.0,0.0
713,equal_split_vickrey_faltings_fair,45.0,45.0,0.0,0.0
713,lp_demand_vickrey,45.0,36.81822681818181,8.181773181818187,-8.881784197001252e-16
713,lp_integrated_supply_demand,45.0,44.98756302238806,0.012436977611940847,0.0
714,equal_split_first_best,75.0,75.0,0.0,0.0
714,equal_split_vickrey_majority,75.0,75.0,0.0,0.0
714,equal_split_vickrey_faltings_fair,75.0,75.0,0.0,0.0
714,lp_demand_vickrey,75.0,75.0,0.0,0.0
714,lp_integrated_supply_demand,75.0,75.0,0.0,0.0
715,equal_split_first_best,60.0,60.0,0.0,0.0
715,equal_split_vickrey_majority,60.0,60.0,0.0,0.0
715,equal_split_vickrey_faltings_fair,60.0,60.0,0.0,0.0
715,lp_demand_vickrey,60.0,60.0,0.0,0.0
715,lp_integrated_supply_demand,60.0,60.00000000000001,-7.105427357601002e-15,0.0
716,equal_split_first_best,60.0,60.0,0.0,0.0
716,equal_split_vickrey_majority,60.0,60.0,0.0,0.0
716,equal_split_vickrey_faltings_fair,60.0,60.0,0.0,0.0
716,lp_demand_vickrey,60.0,49.090969090909084,10.909030909090916,-8.881784197001252e-16
716,lp_integrated_supply_demand,60.0,59.91293110671644,0.08706889328355771,0.0
717,equal_split_first_best,90.0,90.0,0.0,0.0
717,equal_split_vickrey_majority,90.0,90.0,0.0,0.0
717,equal_split_vickrey_faltings_fair,90.0,90.0,0.0,0.0
717,lp_demand_vickrey,90.0,90.0,0.0,0.0
717,lp_integrated_supply_demand,90.0,90.0,0.0,0.0
718,equal_split_first_best,75.0,75.0,0.0,0.0
718,equal_split_vickrey_majority,75.0,75.0,0.0,0.0
718,equal_split_vickrey_faltings_fair,75.0,75.0,0.0,0.0
718,lp_demand_vickrey,75.0,75.0,0.0,0.0
718,lp_integrated_supply_demand,75.0,75.0,0.0,0.0
719,equal_split_first_best,75.0,75.0,0.0,0.0
719,equal_split_vickrey_majority,75.0,75.0,0.0,0.0
719,equal_split_vickrey_faltings_fair,75.0,75.0,0.0,0.0
719,lp_demand_vickrey,75.0,75.0,0.0,0.0
719,lp_integrated_supply_demand,75.0,75.0,0.0,0.0
720,equal_split_first_best,60.0,60.0,0.0,0.0
720,equal_split_vickrey_majority,60.0,60.0,0.0,0.0
720,equal_split_vickrey_faltings_fair,60.0,60.0,0.0,0.0
720,lp_demand_vickrey,60.0,49.090969090909084,10.909030909090916,0.0
720,lp_integrated_supply_demand,60.0,60.0,0.0,0.0
721,equal_split_first_best,45.0,45.0,0.0,0.0
721,equal_split_vickrey_majority,45.0,45.0,0.0,0.0
721,equal_split_vickrey_faltings_fair,45.0,45.0,0.0,0.0
721,lp_demand_vickrey,45.0,36.81822681818181,8.181773181818187,0.0
721,lp_integrated_supply_demand,45.0,45.0,0.0,0.0
722,equal_split_first_best,30.0,30.0,0.0,0.0
722,equal_split_vickrey_majority,30.0,30.0,0.0,0.0
722,equal_split_vickrey_faltings_fair,30.0,30.0,0.0,0.0
722,lp_demand_vickrey,30.0,24.545484545454542,5.454515454545458,-8.881784197001252e-16
722,lp_integrated_supply_demand,30.0,30.000000000000004,-3.552713678800501e-15,0.0
723,equal_split_first_best,75.0,75.0,0.0,0.0
723,equal_split_vickrey_majority,75.0,75.0,0.0,0.0
723,equal_split_vickrey_faltings_fair,75.0,75.0,0.0,0.0
723,lp_demand_vickrey,75.0,61.363711363636355,13.636288636363645,0.0
723,lp_integrated_supply_demand,75.0,75.0,0.0,0.0
724,equal_split_first_best,60.0,60.0,0.0,0.0
724,equal_split_vickrey_majority,60.0,60.0,0.0,0.0
724,equal_split_vickrey_faltings_fair,60.0,60.0,0.0,0.0
724,lp_demand_vickrey,60.0,49.090969090909084,10.909030909090916,0.0
724,lp_integrated_supply_demand,60.0,60.0,0.0,0.0
725,equal_split_first_best,45.0,45.0,0.0,0.0
725,equal_split_vickrey_majority,45.0,45.0,0.0,0.0
725,equal_split_vickrey_faltings_fair,45.0,45.0,0.0,0.0
725,lp_demand_vickrey,45.0,36.81822681818181,8.181773181818187,-8.881784197001252e-16
725,lp_integrated_supply_demand,45.0,45.0,0.0,0.0
726,equal_split_first_best,90.0,90.0,0.0,0.0
726,equal_split_vickrey_majority,90.0,90.0,0.0,0.0
726,equal_split_vickrey_faltings_fair,90.0,90.0,0.0,0.0
726,lp_demand_vickrey,90.0,90.0,0.0,0.0
726,lp_integrated_supply_demand,90.0,90.0,0.0,0.0
727,equal_split_first_best,75.0,75.0,0.0,0.0
727,equal_split_vickrey_majority,75.0,75.0,0.0,0.0
727,equal_split_vickrey_faltings_fair,75.0,75.0,0.0,0.0
727,lp_demand_vickrey,75.0,75.0,0.0,0.0
727,lp_integrated_supply_demand,75.0,75.0,0.0,0.0
728,equal_split_first_best,60.0,60.0,0.0,0.0
728,equal_split_vickrey_majority,60.0,60.0,0.0,0.0
728,equal_split_vickrey_faltings_fair,60.0,60.0,0.0,0.0
728,lp_demand_vickrey,60.0,60.0,0.0,0.0
728,lp_integrated_supply_demand,60.0,60.00000000000001,-7.105427357601002e-15,0.0
