profile_id,mechanism,first_best_welfare,reported_first_best_welfare,welfare,household_welfare,regret,household_regret,rounding_regret,budget_imbalance
0,equal_split_first_best,25.059999999999995,25.059999999999995,25.059999999999995,25.059999999999995,0.0,0.0,0.0,-8.881784197001252e-16
0,equal_split_vickrey_majority,25.059999999999995,25.059999999999995,25.059999999999995,25.059999999999995,0.0,0.0,0.0,8.881784197001252e-16
0,equal_split_vickrey_faltings_fair,25.059999999999995,25.059999999999995,25.059999999999995,25.059999999999995,0.0,0.0,0.0,0.0
0,equal_split_vickrey_guo_2019_asymptotic,25.059999999999995,25.059999999999995,25.059999999999995,3.1866666666666603,0.0,21.873333333333335,0.0,-21.873333333333335
0,equal_split_vickrey_guo_2019_finite_n,25.059999999999995,25.059999999999995,25.059999999999995,14.984999999999983,0.0,10.075000000000012,0.0,-10.075000000000012
0,lp_demand_vickrey_raw_coarse_wtp,25.059999999999995,25.059999999999995,25.059999303888883,25.059999303888883,6.961111118641838e-07,6.961111118641838e-07,0.0,8.881784197001252e-16
0,lp_demand_vickrey_raw_fine_wtp,25.059999999999995,25.059999999999995,25.059999999999995,25.059999999999995,0.0,0.0,0.0,-8.881784197001252e-16
0,lp_integrated_supply_demand,25.059999999999995,25.059999999999995,23.216665740755737,23.216665740755737,1.8433342592442585,1.8433342592442585,0.0,0.0
1,equal_split_first_best,79.2,79.2,79.2,79.2,0.0,0.0,0.0,0.0
1,equal_split_vickrey_majority,79.2,79.2,79.2,79.2,0.0,0.0,0.0,1.7763568394002505e-15
1,equal_split_vickrey_faltings_fair,79.2,79.2,79.2,79.2,0.0,0.0,0.0,3.552713678800501e-15
1,equal_split_vickrey_guo_2019_asymptotic,79.2,79.2,79.2,48.49999999999998,0.0,30.700000000000024,0.0,-30.700000000000024
1,equal_split_vickrey_guo_2019_finite_n,79.2,79.2,79.2,63.85,0.0,15.350000000000001,0.0,-15.350000000000003
1,lp_demand_vickrey_raw_coarse_wtp,79.2,79.2,79.19999867999977,79.19999867999977,1.3200002371149822e-06,1.3200002371149822e-06,0.0,-8.881784197001252e-16
1,lp_demand_vickrey_raw_fine_wtp,79.2,79.2,79.2,79.2,0.0,0.0,0.0,1.7763568394002505e-15
1,lp_integrated_supply_demand,79.2,79.2,77.67935071550093,77.67935071550093,1.520649284499072,1.520649284499072,0.0,-2.7755575615628914e-17
2,equal_split_first_best,22.21,22.21,22.21,22.21,0.0,0.0,0.0,0.0
2,equal_split_vickrey_majority,22.21,22.21,22.21,22.21,0.0,0.0,0.0,0.0
2,equal_split_vickrey_faltings_fair,22.21,22.21,22.21,22.21,0.0,0.0,0.0,0.0
2,equal_split_vickrey_guo_2019_asymptotic,22.21,22.21,22.21,0.3966666666666647,0.0,21.813333333333336,0.0,-21.813333333333336
2,equal_split_vickrey_guo_2019_finite_n,22.21,22.21,22.21,15.45,0.0,6.760000000000002,0.0,-6.760000000000002
2,lp_demand_vickrey_raw_coarse_wtp,22.21,22.21,22.209999259666667,22.209999259666667,7.403333341926555e-07,7.403333341926555e-07,0.0,1.7763568394002505e-15
2,lp_demand_vickrey_raw_fine_wtp,22.21,22.21,22.21,22.21,0.0,0.0,0.0,0.0
2,lp_integrated_supply_demand,22.21,22.21,19.45999922390984,19.45999922390984,2.750000776090161,2.750000776090161,0.0,0.0
3,equal_split_first_best,17.58,17.58,17.58,17.58,0.0,0.0,0.0,1.7763568394002505e-15
3,equal_split_vickrey_majority,17.58,17.58,17.58,17.58,0.0,0.0,0.0,0.0
3,equal_split_vickrey_faltings_fair,17.58,17.58,17.58,17.58,0.0,0.0,0.0,0.0
3,equal_split_vickrey_guo_2019_asymptotic,17.58,17.58,17.58,-3.686666666666671,0.0,21.26666666666667,0.0,-21.26666666666667
3,equal_split_vickrey_guo_2019_finite_n,17.58,17.58,17.58,13.803333333333335,0.0,3.7766666666666637,0.0,-3.7766666666666637
3,lp_demand_vickrey_raw_coarse_wtp,17.58,17.58,17.579999413999996,17.579999414,5.860000023005796e-07,5.859999987478659e-07,0.0,1.7763568394002505e-15
3,lp_demand_vickrey_raw_fine_wtp,17.58,17.58,17.58,17.58,0.0,0.0,0.0,0.0
3,lp_integrated_supply_demand,17.58,17.58,17.194999110470533,17.194999110470533,0.385000889529465,0.385000889529465,0.0,0.0
4,equal_split_first_best,24.49,24.49,24.49,24.49,0.0,0.0,0.0,-8.881784197001252e-16
4,equal_split_vickrey_majority,24.49,24.49,24.49,24.49,0.0,0.0,0.0,-8.881784197001252e-16
4,equal_split_vickrey_faltings_fair,24.49,24.49,24.49,24.49,0.0,0.0,0.0,-8.881784197001252e-16
4,equal_split_vickrey_guo_2019_asymptotic,24.49,24.49,24.49,5.129999999999992,0.0,19.360000000000007,0.0,-19.360000000000007
4,equal_split_vickrey_guo_2019_finite_n,24.49,24.49,24.49,16.959999999999994,0.0,7.530000000000005,0.0,-7.5300000000000065
4,lp_demand_vickrey_raw_coarse_wtp,24.49,24.49,24.489999455777777,24.489999455777777,5.44222221066093e-07,5.44222221066093e-07,0.0,-1.3322676295501878e-15
4,lp_demand_vickrey_raw_fine_wtp,24.49,24.49,24.49,24.49,0.0,0.0,0.0,8.881784197001252e-16
4,lp_integrated_supply_demand,24.49,24.49,23.443332398382644,23.443332398382644,1.0466676016173544,1.0466676016173544,0.0,0.0
5,equal_split_first_best,51.080000000000005,51.080000000000005,51.080000000000005,51.080000000000005,0.0,0.0,0.0,-8.881784197001252e-16
5,equal_split_vickrey_majority,51.080000000000005,51.080000000000005,51.080000000000005,51.080000000000005,0.0,0.0,0.0,0.0
5,equal_split_vickrey_faltings_fair,51.080000000000005,51.080000000000005,51.080000000000005,51.080000000000005,0.0,0.0,0.0,0.0
5,equal_split_vickrey_guo_2019_asymptotic,51.080000000000005,51.080000000000005,51.080000000000005,22.67333333333334,0.0,28.406666666666666,0.0,-28.406666666666666
5,equal_split_vickrey_guo_2019_finite_n,51.080000000000005,51.080000000000005,51.080000000000005,38.40999999999999,0.0,12.670000000000016,0.0,-12.670000000000016
5,lp_demand_vickrey_raw_coarse_wtp,51.080000000000005,51.080000000000005,51.079998723,51.079998723,1.277000002630757e-06,1.277000002630757e-06,0.0,0.0
5,lp_demand_vickrey_raw_fine_wtp,51.080000000000005,51.080000000000005,51.080000000000005,51.080000000000005,0.0,0.0,0.0,0.0
5,lp_integrated_supply_demand,51.080000000000005,51.080000000000005,48.67456136342821,48.67456136342821,2.4054386365717946,2.4054386365717946,0.0,0.0
6,equal_split_first_best,14.719999999999999,14.719999999999999,14.719999999999999,14.719999999999999,0.0,0.0,0.0,0.0
6,equal_split_vickrey_majority,14.719999999999999,14.719999999999999,14.719999999999999,14.719999999999997,0.0,1.7763568394002505e-15,0.0,-1.7763568394002505e-15
6,equal_split_vickrey_faltings_fair,14.719999999999999,14.719999999999999,14.719999999999999,14.719999999999997,0.0,1.7763568394002505e-15,0.0,-1.7763568394002505e-15
6,equal_split_vickrey_guo_2019_asymptotic,14.719999999999999,14.719999999999999,14.719999999999999,-6.326666666666668,0.0,21.046666666666667,0.0,-21.046666666666667
6,equal_split_vickrey_guo_2019_finite_n,14.719999999999999,14.719999999999999,14.719999999999999,11.610000000000001,0.0,3.1099999999999977,0.0,-3.1099999999999977
6,lp_demand_vickrey_raw_coarse_wtp,14.719999999999999,14.719999999999999,14.719999999999999,14.719999999999999,0.0,0.0,0.0,8.881784197001252e-16
6,lp_demand_vickrey_raw_fine_wtp,14.719999999999999,14.719999999999999,14.719999999999999,14.719999999999999,0.0,0.0,0.0,0.0
6,lp_integrated_supply_demand,14.719999999999999,14.719999999999999,13.466666129598448,13.466666129598448,1.2533338704015513,1.2533338704015513,0.0,0.0
7,equal_split_first_best,15.159999999999997,15.159999999999997,15.159999999999997,15.159999999999997,0.0,0.0,0.0,0.0
7,equal_split_vickrey_majority,15.159999999999997,15.159999999999997,0.0,0.0,15.159999999999997,15.159999999999997,0.0,0.0
7,equal_split_vickrey_faltings_fair,15.159999999999997,15.159999999999997,10.106666666666664,10.106666666666671,5.053333333333333,5.053333333333326,0.0,7.105427357601002e-15
7,equal_split_vickrey_guo_2019_asymptotic,15.159999999999997,15.159999999999997,0.0,-156.68,15.159999999999997,171.84,0.0,-156.68
7,equal_split_vickrey_guo_2019_finite_n,15.159999999999997,15.159999999999997,0.0,-4.486666666666693,15.159999999999997,19.64666666666669,0.0,-4.486666666666693
7,lp_demand_vickrey_raw_coarse_wtp,15.159999999999997,15.159999999999997,15.159999999999997,15.15999999999999,0.0,7.105427357601002e-15,0.0,-7.105427357601002e-15
7,lp_demand_vickrey_raw_fine_wtp,15.159999999999997,15.159999999999997,15.159999999999997,15.15999999999999,0.0,7.105427357601002e-15,0.0,-7.105427357601002e-15
7,lp_integrated_supply_demand,15.159999999999997,15.159999999999997,0.7697037723541704,0.7697037723541704,14.390296227645827,14.390296227645827,0.0,0.0
8,equal_split_first_best,71.15,71.15,71.15,71.15,0.0,0.0,0.0,1.7763568394002505e-15
8,equal_split_vickrey_majority,71.15,71.15,71.15,71.15,0.0,0.0,0.0,1.7763568394002505e-15
8,equal_split_vickrey_faltings_fair,71.15,71.15,71.15,71.15,0.0,0.0,0.0,3.552713678800501e-15
8,equal_split_vickrey_guo_2019_asymptotic,71.15,71.15,71.15,38.610000000000014,0.0,32.53999999999999,0.0,-32.53999999999999
8,equal_split_vickrey_guo_2019_finite_n,71.15,71.15,71.15,54.88000000000005,0.0,16.269999999999953,0.0,-16.26999999999995
8,lp_demand_vickrey_raw_coarse_wtp,71.15,71.15,71.15,71.15,0.0,0.0,0.0,1.7763568394002505e-15
8,lp_demand_vickrey_raw_fine_wtp,71.15,71.15,71.15,71.15,0.0,0.0,0.0,-8.881784197001252e-16
8,lp_integrated_supply_demand,71.15,71.15,69.43333278111793,69.43333278111793,1.7166672188820797,1.7166672188820797,0.0,0.0
9,equal_split_first_best,49.35,49.35,49.35,49.35,0.0,0.0,0.0,-1.7763568394002505e-15
9,equal_split_vickrey_majority,49.35,49.35,49.35,49.35,0.0,0.0,0.0,-1.7763568394002505e-15
9,equal_split_vickrey_faltings_fair,49.35,49.35,49.35,49.35,0.0,0.0,0.0,0.0
9,equal_split_vickrey_guo_2019_asymptotic,49.35,49.35,49.35,18.096666666666653,0.0,31.253333333333348,0.0,-31.253333333333348
9,equal_split_vickrey_guo_2019_finite_n,49.35,49.35,49.35,38.650000000000006,0.0,10.699999999999996,0.0,-10.699999999999992
9,lp_demand_vickrey_raw_coarse_wtp,49.35,49.35,49.35,49.35,0.0,0.0,0.0,1.7763568394002505e-15
9,lp_demand_vickrey_raw_fine_wtp,49.35,49.35,49.35,49.35,0.0,0.0,0.0,0.0
9,lp_integrated_supply_demand,49.35,49.35,47.114998831673105,47.114998831673105,2.235001168326896,2.235001168326896,0.0,0.0
10,equal_split_first_best,34.53,34.53,34.53,34.53,0.0,0.0,0.0,-8.881784197001252e-16
10,equal_split_vickrey_majority,34.53,34.53,34.53,34.53,0.0,0.0,0.0,1.7763568394002505e-15
10,equal_split_vickrey_faltings_fair,34.53,34.53,34.53,34.53,0.0,0.0,0.0,3.552713678800501e-15
10,equal_split_vickrey_guo_2019_asymptotic,34.53,34.53,34.53,10.736666666666679,0.0,23.793333333333322,0.0,-23.793333333333322
10,equal_split_vickrey_guo_2019_finite_n,34.53,34.53,34.53,25.94500000000001,0.0,8.58499999999999,0.0,-8.58499999999999
10,lp_demand_vickrey_raw_coarse_wtp,34.53,34.53,34.52999913675,34.52999913675,8.632500012595301e-07,8.632500012595301e-07,0.0,0.0
10,lp_demand_vickrey_raw_fine_wtp,34.53,34.53,34.53,34.53,0.0,0.0,0.0,8.881784197001252e-16
10,lp_integrated_supply_demand,34.53,34.53,31.77490455626882,31.77490455626882,2.7550954437311823,2.7550954437311823,0.0,0.0
11,equal_split_first_best,41.489999999999995,41.489999999999995,41.489999999999995,41.489999999999995,0.0,0.0,0.0,0.0
11,equal_split_vickrey_majority,41.489999999999995,41.489999999999995,41.489999999999995,41.489999999999995,0.0,0.0,0.0,-1.7763568394002505e-15
11,equal_split_vickrey_faltings_fair,41.489999999999995,41.489999999999995,41.489999999999995,41.489999999999995,0.0,0.0,0.0,-1.7763568394002505e-15
11,equal_split_vickrey_guo_2019_asymptotic,41.489999999999995,41.489999999999995,41.489999999999995,9.909999999999979,0.0,31.580000000000016,0.0,-31.580000000000016
11,equal_split_vickrey_guo_2019_finite_n,41.489999999999995,41.489999999999995,41.489999999999995,28.904999999999998,0.0,12.584999999999997,0.0,-12.584999999999997
11,lp_demand_vickrey_raw_coarse_wtp,41.489999999999995,41.489999999999995,41.489999999999995,41.489999999999995,0.0,0.0,0.0,1.7763568394002505e-15
11,lp_demand_vickrey_raw_fine_wtp,41.489999999999995,41.489999999999995,41.489999999999995,41.489999999999995,0.0,0.0,0.0,0.0
11,lp_integrated_supply_demand,41.489999999999995,41.489999999999995,40.08823067381347,40.08823067381347,1.4017693261865247,1.4017693261865247,0.0,0.0
12,equal_split_first_best,22.51,22.51,22.51,22.51,0.0,0.0,0.0,-8.881784197001252e-16
12,equal_split_vickrey_majority,22.51,22.51,22.51,22.51,0.0,0.0,0.0,8.881784197001252e-16
12,equal_split_vickrey_faltings_fair,22.51,22.51,22.51,22.510000000000005,0.0,-3.552713678800501e-15,0.0,1.7763568394002505e-15
12,equal_split_vickrey_guo_2019_asymptotic,22.51,22.51,22.51,4.996666666666677,0.0,17.513333333333325,0.0,-17.513333333333325
12,equal_split_vickrey_guo_2019_finite_n,22.51,22.51,22.51,16.069999999999997,0.0,6.440000000000005,0.0,-6.440000000000005
12,lp_demand_vickrey_raw_coarse_wtp,22.51,22.51,22.50999949977778,22.50999949977778,5.002222209782303e-07,5.002222209782303e-07,0.0,-4.440892098500626e-16
12,lp_demand_vickrey_raw_fine_wtp,22.51,22.51,22.51,22.51,0.0,0.0,0.0,8.881784197001252e-16
12,lp_integrated_supply_demand,22.51,22.51,20.0266658679771,20.0266658679771,2.4833341320229003,2.4833341320229003,0.0,0.0
13,equal_split_first_best,43.099999999999994,43.099999999999994,43.099999999999994,43.099999999999994,0.0,0.0,0.0,1.7763568394002505e-15
13,equal_split_vickrey_majority,43.099999999999994,43.099999999999994,43.099999999999994,43.099999999999994,0.0,0.0,0.0,1.7763568394002505e-15
13,equal_split_vickrey_faltings_fair,43.099999999999994,43.099999999999994,43.099999999999994,43.099999999999994,0.0,0.0,0.0,1.7763568394002505e-15
13,equal_split_vickrey_guo_2019_asymptotic,43.099999999999994,43.099999999999994,43.099999999999994,15.886666666666663,0.0,27.21333333333333,0.0,-27.21333333333333
13,equal_split_vickrey_guo_2019_finite_n,43.099999999999994,43.099999999999994,43.099999999999994,31.419999999999995,0.0,11.68,0.0,-11.68
13,lp_demand_vickrey_raw_coarse_wtp,43.099999999999994,43.099999999999994,43.09999892249999,43.09999892249999,1.0775000021112646e-06,1.0775000021112646e-06,0.0,1.7763568394002505e-15
13,lp_demand_vickrey_raw_fine_wtp,43.099999999999994,43.099999999999994,43.099999999999994,43.099999999999994,0.0,0.0,0.0,8.881784197001252e-16
13,lp_integrated_supply_demand,43.099999999999994,43.099999999999994,40.25196139629847,40.25196139629847,2.848038603701525,2.848038603701525,0.0,0.0
14,equal_split_first_best,4.1399999999999935,4.1399999999999935,4.1399999999999935,4.140000000000001,0.0,-7.105427357601002e-15,0.0,7.105427357601002e-15
14,equal_split_vickrey_majority,4.1399999999999935,4.1399999999999935,0.0,0.0,4.1399999999999935,4.1399999999999935,0.0,0.0
14,equal_split_vickrey_faltings_fair,4.1399999999999935,4.1399999999999935,1.3799999999999977,1.3799999999999977,2.759999999999996,2.759999999999996,0.0,0.0
14,equal_split_vickrey_guo_2019_asymptotic,4.1399999999999935,4.1399999999999935,0.0,-152.44,4.1399999999999935,156.57999999999998,0.0,-152.44
14,equal_split_vickrey_guo_2019_finite_n,4.1399999999999935,4.1399999999999935,0.0,-1.1366666666666703,4.1399999999999935,5.276666666666664,0.0,-1.1366666666666703
14,lp_demand_vickrey_raw_coarse_wtp,4.1399999999999935,4.1399999999999935,4.1399999999999935,4.1399999999999935,0.0,0.0,0.0,0.0
14,lp_demand_vickrey_raw_fine_wtp,4.1399999999999935,4.1399999999999935,4.1399999999999935,4.13999999999999,0.0,3.552713678800501e-15,0.0,-3.552713678800501e-15
14,lp_integrated_supply_demand,4.1399999999999935,4.1399999999999935,-6.806396062910164,-6.806396062910164,10.946396062910157,10.946396062910157,0.0,0.0
15,equal_split_first_best,22.970000000000002,22.970000000000002,22.970000000000002,22.970000000000002,0.0,0.0,0.0,-8.881784197001252e-16
15,equal_split_vickrey_majority,22.970000000000002,22.970000000000002,22.970000000000002,22.970000000000002,0.0,0.0,0.0,0.0
15,equal_split_vickrey_faltings_fair,22.970000000000002,22.970000000000002,22.970000000000002,22.970000000000002,0.0,0.0,0.0,0.0
15,equal_split_vickrey_guo_2019_asymptotic,22.970000000000002,22.970000000000002,22.970000000000002,0.9633333333333383,0.0,22.006666666666664,0.0,-22.006666666666664
15,equal_split_vickrey_guo_2019_finite_n,22.970000000000002,22.970000000000002,22.970000000000002,15.445000000000011,0.0,7.5249999999999915,0.0,-7.5249999999999915
15,lp_demand_vickrey_raw_coarse_wtp,22.970000000000002,22.970000000000002,22.96999936194445,22.969999361944453,6.380555532814469e-07,6.380555497287332e-07,0.0,1.7763568394002505e-15
15,lp_demand_vickrey_raw_fine_wtp,22.970000000000002,22.970000000000002,22.970000000000002,22.970000000000002,0.0,0.0,0.0,8.881784197001252e-16
15,lp_integrated_supply_demand,22.970000000000002,22.970000000000002,21.49333247615119,21.49333247615119,1.476667523848814,1.476667523848814,0.0,0.0
16,equal_split_first_best,12.520000000000001,12.520000000000001,12.520000000000001,12.520000000000001,0.0,0.0,0.0,-4.440892098500626e-16
16,equal_split_vickrey_majority,12.520000000000001,12.520000000000001,12.520000000000001,12.520000000000001,0.0,0.0,0.0,-4.440892098500626e-16
16,equal_split_vickrey_faltings_fair,12.520000000000001,12.520000000000001,12.520000000000001,12.520000000000001,0.0,0.0,0.0,-4.440892098500626e-16
16,equal_split_vickrey_guo_2019_asymptotic,12.520000000000001,12.520000000000001,12.520000000000001,5.086666666666666,0.0,7.433333333333335,0.0,-7.433333333333335
16,equal_split_vickrey_guo_2019_finite_n,12.520000000000001,12.520000000000001,12.520000000000001,9.070000000000006,0.0,3.4499999999999957,0.0,-3.4499999999999953
16,lp_demand_vickrey_raw_coarse_wtp,12.520000000000001,12.520000000000001,12.519999582666669,12.519999582666669,4.173333323365114e-07,4.173333323365114e-07,0.0,-4.440892098500626e-16
16,lp_demand_vickrey_raw_fine_wtp,12.520000000000001,12.520000000000001,12.519999680971974,12.519999680971974,3.190280271070378e-07,3.190280271070378e-07,0.0,0.0
16,lp_integrated_supply_demand,12.520000000000001,12.520000000000001,12.173446494360475,12.173446494360475,0.3465535056395268,0.3465535056395268,0.0,0.0
17,equal_split_first_best,30.220000000000006,30.220000000000006,30.220000000000006,30.220000000000006,0.0,0.0,0.0,8.881784197001252e-16
17,equal_split_vickrey_majority,30.220000000000006,30.220000000000006,30.220000000000006,30.220000000000006,0.0,0.0,0.0,-8.881784197001252e-16
17,equal_split_vickrey_faltings_fair,30.220000000000006,30.220000000000006,30.220000000000006,30.220000000000006,0.0,0.0,0.0,-8.881784197001252e-16
17,equal_split_vickrey_guo_2019_asymptotic,30.220000000000006,30.220000000000006,30.220000000000006,10.226666666666688,0.0,19.993333333333318,0.0,-19.993333333333318
17,equal_split_vickrey_guo_2019_finite_n,30.220000000000006,30.220000000000006,30.220000000000006,22.950000000000003,0.0,7.270000000000003,0.0,-7.270000000000001
17,lp_demand_vickrey_raw_coarse_wtp,30.220000000000006,30.220000000000006,30.21999874083334,30.21999874083334,1.2591666660455303e-06,1.2591666660455303e-06,0.0,8.881784197001252e-16
17,lp_demand_vickrey_raw_fine_wtp,30.220000000000006,30.220000000000006,30.220000000000006,30.220000000000006,0.0,0.0,0.0,-8.881784197001252e-16
17,lp_integrated_supply_demand,30.220000000000006,30.220000000000006,28.245351312836107,28.245351312836107,1.9746486871638993,1.9746486871638993,0.0,0.0
18,equal_split_first_best,4.020000000000003,4.020000000000003,4.020000000000003,4.019999999999996,0.0,7.105427357601002e-15,0.0,-7.105427357601002e-15
18,equal_split_vickrey_majority,4.020000000000003,4.020000000000003,0.0,0.0,4.020000000000003,4.020000000000003,0.0,0.0
18,equal_split_vickrey_faltings_fair,4.020000000000003,4.020000000000003,0.0,0.0,4.020000000000003,4.020000000000003,0.0,0.0
18,equal_split_vickrey_guo_2019_asymptotic,4.020000000000003,4.020000000000003,0.0,-141.92,4.020000000000003,145.94,0.0,-141.92
18,equal_split_vickrey_guo_2019_finite_n,4.020000000000003,4.020000000000003,0.0,2.1316282072803006e-14,4.020000000000003,4.019999999999982,0.0,2.1316282072803006e-14
18,lp_demand_vickrey_raw_coarse_wtp,4.020000000000003,4.020000000000003,4.020000000000003,4.019999999999996,0.0,7.105427357601002e-15,0.0,-7.105427357601002e-15
18,lp_demand_vickrey_raw_fine_wtp,4.020000000000003,4.020000000000003,4.020000000000003,4.020000000000003,0.0,0.0,0.0,0.0
18,lp_integrated_supply_demand,4.020000000000003,4.020000000000003,-11.369280592356358,-11.369280592356358,15.38928059235636,15.38928059235636,0.0,0.0
19,equal_split_first_best,16.909999999999997,16.909999999999997,16.909999999999997,16.909999999999997,0.0,0.0,0.0,0.0
19,equal_split_vickrey_majority,16.909999999999997,16.909999999999997,0.0,0.0,16.909999999999997,16.909999999999997,0.0,0.0
19,equal_split_vickrey_faltings_fair,16.909999999999997,16.909999999999997,0.0,0.0,16.909999999999997,16.909999999999997,0.0,0.0
19,equal_split_vickrey_guo_2019_asymptotic,16.909999999999997,16.909999999999997,0.0,-145.74,16.909999999999997,162.65,0.0,-145.74
19,equal_split_vickrey_guo_2019_finite_n,16.909999999999997,16.909999999999997,0.0,0.0,16.909999999999997,16.909999999999997,0.0,0.0
19,lp_demand_vickrey_raw_coarse_wtp,16.909999999999997,16.909999999999997,16.909999999999997,16.90999999999999,0.0,7.105427357601002e-15,0.0,-7.105427357601002e-15
19,lp_demand_vickrey_raw_fine_wtp,16.909999999999997,16.909999999999997,16.909999999999997,16.90999999999999,0.0,7.105427357601002e-15,0.0,-7.105427357601002e-15
19,lp_integrated_supply_demand,16.909999999999997,16.909999999999997,-6.547572926886889,-6.547572926886889,23.457572926886886,23.457572926886886,0.0,0.0
20,equal_split_first_best,21.15,21.15,21.15,21.15,0.0,0.0,0.0,0.0
20,equal_split_vickrey_majority,21.15,21.15,21.15,21.15,0.0,0.0,0.0,1.7763568394002505e-15
20,equal_split_vickrey_faltings_fair,21.15,21.15,21.15,21.150000000000002,0.0,-3.552713678800501e-15,0.0,3.552713678800501e-15
20,equal_split_vickrey_guo_2019_asymptotic,21.15,21.15,21.15,-0.5300000000000082,0.0,21.680000000000007,0.0,-21.680000000000007
20,equal_split_vickrey_guo_2019_finite_n,21.15,21.15,21.15,14.98999999999998,0.0,6.160000000000018,0.0,-6.160000000000017
20,lp_demand_vickrey_raw_coarse_wtp,21.15,21.15,21.149999294999997,21.149999295,7.050000014885427e-07,7.04999997935829e-07,0.0,1.7763568394002505e-15
20,lp_demand_vickrey_raw_fine_wtp,21.15,21.15,21.15,21.15,0.0,0.0,0.0,1.7763568394002505e-15
20,lp_integrated_supply_demand,21.15,21.15,20.444998931900525,20.444998931900525,0.7050010680994738,0.7050010680994738,0.0,0.0
21,equal_split_first_best,47.47,47.47,47.47,47.47,0.0,0.0,0.0,1.7763568394002505e-15
21,equal_split_vickrey_majority,47.47,47.47,47.47,47.47,0.0,0.0,0.0,1.7763568394002505e-15
21,equal_split_vickrey_faltings_fair,47.47,47.47,47.47,47.47,0.0,0.0,0.0,3.552713678800501e-15
21,equal_split_vickrey_guo_2019_asymptotic,47.47,47.47,47.47,13.323333333333338,0.0,34.14666666666666,0.0,-34.14666666666666
21,equal_split_vickrey_guo_2019_finite_n,47.47,47.47,47.47,33.025000000000006,0.0,14.444999999999993,0.0,-14.444999999999997
21,lp_demand_vickrey_raw_coarse_wtp,47.47,47.47,47.47,47.47,0.0,0.0,0.0,0.0
21,lp_demand_vickrey_raw_fine_wtp,47.47,47.47,47.47,47.47,0.0,0.0,0.0,0.0
21,lp_integrated_supply_demand,47.47,47.47,44.06828403521433,44.06828403521433,3.401715964785666,3.401715964785666,0.0,0.0
22,equal_split_first_best,11.059999999999999,11.059999999999999,11.059999999999999,11.059999999999999,0.0,0.0,0.0,-8.881784197001252e-16
22,equal_split_vickrey_majority,11.059999999999999,11.059999999999999,11.059999999999999,11.059999999999999,0.0,0.0,0.0,-8.881784197001252e-16
22,equal_split_vickrey_faltings_fair,11.059999999999999,11.059999999999999,11.059999999999999,11.059999999999999,0.0,0.0,0.0,0.0
22,equal_split_vickrey_guo_2019_asymptotic,11.059999999999999,11.059999999999999,11.059999999999999,-0.6200000000000045,0.0,11.680000000000003,0.0,-11.680000000000003
22,equal_split_vickrey_guo_2019_finite_n,11.059999999999999,11.059999999999999,11.059999999999999,8.769999999999998,0.0,2.290000000000001,0.0,-2.2900000000000005
22,lp_demand_vickrey_raw_coarse_wtp,11.059999999999999,11.059999999999999,11.059999447,11.059999447,5.529999995701473e-07,5.529999995701473e-07,0.0,-4.440892098500626e-16
22,lp_demand_vickrey_raw_fine_wtp,11.059999999999999,11.059999999999999,11.059999600477845,11.059999600477845,3.9952215402649927e-07,3.9952215402649927e-07,0.0,8.881784197001252e-16
22,lp_integrated_supply_demand,11.059999999999999,11.059999999999999,10.949329189438687,10.949329189438687,0.11067081056131123,0.11067081056131123,0.0,0.0
23,equal_split_first_best,7.480000000000004,7.480000000000004,7.480000000000004,7.4800000000000075,0.0,-3.552713678800501e-15,0.0,3.552713678800501e-15
23,equal_split_vickrey_majority,7.480000000000004,7.480000000000004,0.0,0.0,7.480000000000004,7.480000000000004,0.0,0.0
23,equal_split_vickrey_faltings_fair,7.480000000000004,7.480000000000004,4.986666666666669,4.986666666666667,2.493333333333335,2.4933333333333367,0.0,-1.7763568394002505e-15
23,equal_split_vickrey_guo_2019_asymptotic,7.480000000000004,7.480000000000004,7.480000000000004,-100.81999999999995,0.0,108.29999999999995,0.0,-108.29999999999995
23,equal_split_vickrey_guo_2019_finite_n,7.480000000000004,7.480000000000004,7.480000000000004,-0.8199999999999861,0.0,8.29999999999999,0.0,-8.29999999999999
23,lp_demand_vickrey_raw_coarse_wtp,7.480000000000004,7.480000000000004,7.480000000000004,7.479999999999997,0.0,7.105427357601002e-15,0.0,-7.105427357601002e-15
23,lp_demand_vickrey_raw_fine_wtp,7.480000000000004,7.480000000000004,7.480000000000004,7.480000000000004,0.0,0.0,0.0,0.0
23,lp_integrated_supply_demand,7.480000000000004,7.480000000000004,-0.32542396409486307,-0.32542396409486307,7.805423964094867,7.805423964094867,0.0,0.0
24,equal_split_first_best,5.69,5.69,5.69,5.690000000000001,0.0,-8.881784197001252e-16,0.0,8.881784197001252e-16
24,equal_split_vickrey_majority,5.69,5.69,5.69,5.6899999999999995,0.0,8.881784197001252e-16,0.0,-8.881784197001252e-16
24,equal_split_vickrey_faltings_fair,5.69,5.69,5.69,5.69,0.0,0.0,0.0,0.0
24,equal_split_vickrey_guo_2019_asymptotic,5.69,5.69,5.69,-2.83666666666666,0.0,8.52666666666666,0.0,-8.52666666666666
24,equal_split_vickrey_guo_2019_finite_n,5.69,5.69,5.69,4.538333333333343,0.0,1.1516666666666575,0.0,-1.151666666666658
24,lp_demand_vickrey_raw_coarse_wtp,5.69,5.69,0.0,0.0,5.69,5.69,0.0,0.0
24,lp_demand_vickrey_raw_fine_wtp,5.69,5.69,5.689999794459218,5.689999794459217,2.0554078261625364e-07,2.0554078350443206e-07,0.0,-8.881784197001252e-16
24,lp_integrated_supply_demand,5.69,5.69,3.3428390409948063,3.3428390409948063,2.347160959005194,2.347160959005194,0.0,0.0
25,equal_split_first_best,20.159999999999997,20.159999999999997,20.159999999999997,20.16,0.0,-3.552713678800501e-15,0.0,3.552713678800501e-15
25,equal_split_vickrey_majority,20.159999999999997,20.159999999999997,0.0,0.0,20.159999999999997,20.159999999999997,0.0,0.0
25,equal_split_vickrey_faltings_fair,20.159999999999997,20.159999999999997,13.439999999999998,13.439999999999998,6.719999999999999,6.719999999999999,0.0,0.0
25,equal_split_vickrey_guo_2019_asymptotic,20.159999999999997,20.159999999999997,20.159999999999997,-104.18,0.0,124.34,0.0,-124.34
25,equal_split_vickrey_guo_2019_finite_n,20.159999999999997,20.159999999999997,20.159999999999997,5.4766666666666595,0.0,14.683333333333337,0.0,-14.683333333333337
25,lp_demand_vickrey_raw_coarse_wtp,20.159999999999997,20.159999999999997,20.159999999999997,20.159999999999997,0.0,0.0,0.0,0.0
25,lp_demand_vickrey_raw_fine_wtp,20.159999999999997,20.159999999999997,20.159999999999997,20.159999999999993,0.0,3.552713678800501e-15,0.0,-3.552713678800501e-15
25,lp_integrated_supply_demand,20.159999999999997,20.159999999999997,7.7439425131966875,7.7439425131966875,12.41605748680331,12.41605748680331,0.0,0.0
26,equal_split_first_best,105.03,105.03,105.03,105.03,0.0,0.0,0.0,-1.7763568394002505e-15
26,equal_split_vickrey_majority,105.03,105.03,105.03,105.03,0.0,0.0,0.0,-1.7763568394002505e-15
26,equal_split_vickrey_faltings_fair,105.03,105.03,105.03,105.03,0.0,0.0,0.0,-1.7763568394002505e-15
26,equal_split_vickrey_guo_2019_asymptotic,105.03,105.03,105.03,70.89000000000003,0.0,34.13999999999997,0.0,-34.13999999999997
26,equal_split_vickrey_guo_2019_finite_n,105.03,105.03,105.03,87.96000000000001,0.0,17.069999999999993,0.0,-17.069999999999997
26,lp_demand_vickrey_raw_coarse_wtp,105.03,105.03,105.03,105.03,0.0,0.0,0.0,0.0
26,lp_demand_vickrey_raw_fine_wtp,105.03,105.03,105.03,105.03,0.0,0.0,0.0,0.0
26,lp_integrated_supply_demand,105.03,105.03,102.84837461197478,102.84837461197478,2.1816253880252248,2.1816253880252248,0.0,4.440892098500626e-16
27,equal_split_first_best,53.290000000000006,53.290000000000006,53.290000000000006,53.290000000000006,0.0,0.0,0.0,0.0
27,equal_split_vickrey_majority,53.290000000000006,53.290000000000006,53.290000000000006,53.290000000000006,0.0,0.0,0.0,1.7763568394002505e-15
27,equal_split_vickrey_faltings_fair,53.290000000000006,53.290000000000006,53.290000000000006,53.290000000000006,0.0,0.0,0.0,1.7763568394002505e-15
27,equal_split_vickrey_guo_2019_asymptotic,53.290000000000006,53.290000000000006,53.290000000000006,20.856666666666683,0.0,32.43333333333332,0.0,-32.43333333333332
27,equal_split_vickrey_guo_2019_finite_n,53.290000000000006,53.290000000000006,53.290000000000006,38.28000000000003,0.0,15.009999999999977,0.0,-15.00999999999998
27,lp_demand_vickrey_raw_coarse_wtp,53.290000000000006,53.290000000000006,53.290000000000006,53.290000000000006,0.0,0.0,0.0,0.0
27,lp_demand_vickrey_raw_fine_wtp,53.290000000000006,53.290000000000006,53.290000000000006,53.290000000000006,0.0,0.0,0.0,8.881784197001252e-16
27,lp_integrated_supply_demand,53.290000000000006,53.290000000000006,51.49637146644847,51.49637146644847,1.7936285335515336,1.7936285335515336,0.0,0.0
28,equal_split_first_best,50.26,50.26,50.26,50.26,0.0,0.0,0.0,0.0
28,equal_split_vickrey_majority,50.26,50.26,50.26,50.26,0.0,0.0,0.0,-1.7763568394002505e-15
28,equal_split_vickrey_faltings_fair,50.26,50.26,50.26,50.26,0.0,0.0,0.0,-1.7763568394002505e-15
28,equal_split_vickrey_guo_2019_asymptotic,50.26,50.26,50.26,13.306666666666622,0.0,36.953333333333376,0.0,-36.953333333333376
28,equal_split_vickrey_guo_2019_finite_n,50.26,50.26,50.26,37.84999999999998,0.0,12.410000000000018,0.0,-12.410000000000021
28,lp_demand_vickrey_raw_coarse_wtp,50.26,50.26,50.26,50.26,0.0,0.0,0.0,-1.7763568394002505e-15
28,lp_demand_vickrey_raw_fine_wtp,50.26,50.26,50.26,50.26,0.0,0.0,0.0,-1.7763568394002505e-15
28,lp_integrated_supply_demand,50.26,50.26,46.0617310907801,46.0617310907801,4.198268909219898,4.198268909219898,0.0,0.0
29,equal_split_first_best,53.75,53.75,53.75,53.75,0.0,0.0,0.0,1.7763568394002505e-15
29,equal_split_vickrey_majority,53.75,53.75,53.75,53.75,0.0,0.0,0.0,-1.7763568394002505e-15
29,equal_split_vickrey_faltings_fair,53.75,53.75,53.75,53.75,0.0,0.0,0.0,-1.7763568394002505e-15
29,equal_split_vickrey_guo_2019_asymptotic,53.75,53.75,53.75,23.490000000000002,0.0,30.259999999999998,0.0,-30.259999999999998
29,equal_split_vickrey_guo_2019_finite_n,53.75,53.75,53.75,38.62,0.0,15.130000000000003,0.0,-15.13
29,lp_demand_vickrey_raw_coarse_wtp,53.75,53.75,53.74999865624999,53.74999865624999,1.3437500072654984e-06,1.3437500072654984e-06,0.0,1.7763568394002505e-15
29,lp_demand_vickrey_raw_fine_wtp,53.75,53.75,53.75,53.75,0.0,0.0,0.0,-8.881784197001252e-16
29,lp_integrated_supply_demand,53.75,53.75,51.370515758573035,51.370515758573035,2.3794842414269652,2.3794842414269652,0.0,0.0
30,equal_split_first_best,52.71,52.71,52.71,52.71,0.0,0.0,0.0,0.0
30,equal_split_vickrey_majority,52.71,52.71,52.71,52.71,0.0,0.0,0.0,0.0
30,equal_split_vickrey_faltings_fair,52.71,52.71,52.71,52.71,0.0,0.0,0.0,0.0
30,equal_split_vickrey_guo_2019_asymptotic,52.71,52.71,52.71,21.490000000000002,0.0,31.22,0.0,-31.22
30,equal_split_vickrey_guo_2019_finite_n,52.71,52.71,52.71,37.1,0.0,15.61,0.0,-15.61
30,lp_demand_vickrey_raw_coarse_wtp,52.71,52.71,52.709998682249996,52.709998682249996,1.3177500051142488e-06,1.3177500051142488e-06,0.0,1.7763568394002505e-15
30,lp_demand_vickrey_raw_fine_wtp,52.71,52.71,52.71,52.71,0.0,0.0,0.0,8.881784197001252e-16
30,lp_integrated_supply_demand,52.71,52.71,52.34866027121963,52.34866027121963,0.3613397287803721,0.3613397287803721,0.0,0.0
31,equal_split_first_best,12.45,12.45,12.45,12.45,0.0,0.0,0.0,0.0
31,equal_split_vickrey_majority,12.45,12.45,12.45,12.45,0.0,0.0,0.0,0.0
31,equal_split_vickrey_faltings_fair,12.45,12.45,12.45,12.45,0.0,0.0,0.0,0.0
31,equal_split_vickrey_guo_2019_asymptotic,12.45,12.45,12.45,4.8433333333333355,0.0,7.606666666666664,0.0,-7.606666666666664
31,equal_split_vickrey_guo_2019_finite_n,12.45,12.45,12.45,9.02,0.0,3.4299999999999997,0.0,-3.4299999999999997
31,lp_demand_vickrey_raw_coarse_wtp,12.45,12.45,12.449999584999999,12.449999584999999,4.15000000586474e-07,4.15000000586474e-07,0.0,-4.440892098500626e-16
31,lp_demand_vickrey_raw_fine_wtp,12.45,12.45,12.449999682755674,12.449999682755674,3.1724432503210664e-07,3.1724432503210664e-07,0.0,8.881784197001252e-16
31,lp_integrated_supply_demand,12.45,12.45,11.721439529383543,11.721439529383543,0.7285604706164559,0.7285604706164559,0.0,0.0
32,equal_split_first_best,25.21,25.21,25.21,25.21,0.0,0.0,0.0,0.0
32,equal_split_vickrey_majority,25.21,25.21,25.21,25.21,0.0,0.0,0.0,-8.881784197001252e-16
32,equal_split_vickrey_faltings_fair,25.21,25.21,25.21,25.21,0.0,0.0,0.0,0.0
32,equal_split_vickrey_guo_2019_asymptotic,25.21,25.21,25.21,6.416666666666664,0.0,18.793333333333337,0.0,-18.793333333333337
32,equal_split_vickrey_guo_2019_finite_n,25.21,25.21,25.21,18.599999999999994,0.0,6.6100000000000065,0.0,-6.610000000000008
32,lp_demand_vickrey_raw_coarse_wtp,25.21,25.21,25.209999299722224,25.209999299722224,7.002777770992452e-07,7.002777770992452e-07,0.0,8.881784197001252e-16
32,lp_demand_vickrey_raw_fine_wtp,25.21,25.21,25.21,25.21,0.0,0.0,0.0,0.0
32,lp_integrated_supply_demand,25.21,25.21,22.4833324366687,22.4833324366687,2.7266675633313007,2.7266675633313007,0.0,0.0
33,equal_split_first_best,19.549999999999997,19.549999999999997,19.549999999999997,19.549999999999997,0.0,0.0,0.0,1.7763568394002505e-15
33,equal_split_vickrey_majority,19.549999999999997,19.549999999999997,19.549999999999997,19.549999999999997,0.0,0.0,0.0,1.7763568394002505e-15
33,equal_split_vickrey_faltings_fair,19.549999999999997,19.549999999999997,19.549999999999997,19.549999999999997,0.0,0.0,0.0,1.7763568394002505e-15
33,equal_split_vickrey_guo_2019_asymptotic,19.549999999999997,19.549999999999997,19.549999999999997,-2.056666666666686,0.0,21.606666666666683,0.0,-21.606666666666683
33,equal_split_vickrey_guo_2019_finite_n,19.549999999999997,19.549999999999997,19.549999999999997,12.889999999999986,0.0,6.660000000000011,0.0,-6.66000000000001
33,lp_demand_vickrey_raw_coarse_wtp,19.549999999999997,19.549999999999997,19.54999934833333,19.54999934833333,6.516666672951033e-07,6.516666672951033e-07,0.0,1.7763568394002505e-15
33,lp_demand_vickrey_raw_fine_wtp,19.549999999999997,19.549999999999997,19.549999999999997,19.549999999999997,0.0,0.0,0.0,1.7763568394002505e-15
33,lp_integrated_supply_demand,19.549999999999997,19.549999999999997,18.176665941757506,18.176665941757506,1.3733340582424916,1.3733340582424916,0.0,0.0
34,equal_split_first_best,95.58,95.58,95.58,95.58,0.0,0.0,0.0,-1.7763568394002505e-15
34,equal_split_vickrey_majority,95.58,95.58,95.58,95.58,0.0,0.0,0.0,0.0
34,equal_split_vickrey_faltings_fair,95.58,95.58,95.58,95.58,0.0,0.0,0.0,0.0
34,equal_split_vickrey_guo_2019_asymptotic,95.58,95.58,95.58,66.0,0.0,29.58,0.0,-29.580000000000005
34,equal_split_vickrey_guo_2019_finite_n,95.58,95.58,95.58,80.79,0.0,14.789999999999992,0.0,-14.789999999999992
34,lp_demand_vickrey_raw_coarse_wtp,95.58,95.58,95.57999840699972,95.57999840699972,1.5930002774666718e-06,1.5930002774666718e-06,0.0,-8.881784197001252e-16
34,lp_demand_vickrey_raw_fine_wtp,95.58,95.58,95.58,95.58,0.0,0.0,0.0,0.0
34,lp_integrated_supply_demand,95.58,95.58,94.00527673084385,94.00527673084385,1.5747232691561521,1.5747232691561521,0.0,-2.7755575615628914e-17
35,equal_split_first_best,50.60000000000001,50.60000000000001,50.60000000000001,50.60000000000001,0.0,0.0,0.0,1.7763568394002505e-15
35,equal_split_vickrey_majority,50.60000000000001,50.60000000000001,50.60000000000001,50.60000000000001,0.0,0.0,0.0,-1.7763568394002505e-15
35,equal_split_vickrey_faltings_fair,50.60000000000001,50.60000000000001,50.60000000000001,50.60000000000001,0.0,0.0,0.0,-1.7763568394002505e-15
35,equal_split_vickrey_guo_2019_asymptotic,50.60000000000001,50.60000000000001,50.60000000000001,20.960000000000033,0.0,29.639999999999976,0.0,-29.639999999999976
35,equal_split_vickrey_guo_2019_finite_n,50.60000000000001,50.60000000000001,50.60000000000001,35.78000000000003,0.0,14.819999999999979,0.0,-14.819999999999983
35,lp_demand_vickrey_raw_coarse_wtp,50.60000000000001,50.60000000000001,50.59999873500001,50.59999873500001,1.2650000016378726e-06,1.2650000016378726e-06,0.0,0.0
35,lp_demand_vickrey_raw_fine_wtp,50.60000000000001,50.60000000000001,50.60000000000001,50.60000000000001,0.0,0.0,0.0,-1.7763568394002505e-15
35,lp_integrated_supply_demand,50.60000000000001,50.60000000000001,48.561564954827645,48.561564954827645,2.0384350451723634,2.0384350451723634,0.0,0.0
36,equal_split_first_best,70.81,70.81,70.81,70.81,0.0,0.0,0.0,1.7763568394002505e-15
36,equal_split_vickrey_majority,70.81,70.81,70.81,70.81,0.0,0.0,0.0,-1.7763568394002505e-15
36,equal_split_vickrey_faltings_fair,70.81,70.81,70.81,70.81,0.0,0.0,0.0,-1.7763568394002505e-15
36,equal_split_vickrey_guo_2019_asymptotic,70.81,70.81,70.81,38.19,0.0,32.620000000000005,0.0,-32.620000000000005
36,equal_split_vickrey_guo_2019_finite_n,70.81,70.81,70.81,54.5,0.0,16.310000000000002,0.0,-16.310000000000006
36,lp_demand_vickrey_raw_coarse_wtp,70.81,70.81,70.81,70.81,0.0,0.0,0.0,0.0
36,lp_demand_vickrey_raw_fine_wtp,70.81,70.81,70.81,70.81,0.0,0.0,0.0,1.7763568394002505e-15
36,lp_integrated_supply_demand,70.81,70.81,68.64877287680653,68.64877287680653,2.16122712319347,2.16122712319347,0.0,0.0
37,equal_split_first_best,64.69,64.69,64.69,64.69,0.0,0.0,0.0,1.7763568394002505e-15
37,equal_split_vickrey_majority,64.69,64.69,64.69,64.69,0.0,0.0,0.0,0.0
37,equal_split_vickrey_faltings_fair,64.69,64.69,64.69,64.69,0.0,0.0,0.0,0.0
37,equal_split_vickrey_guo_2019_asymptotic,64.69,64.69,64.69,31.689999999999998,0.0,33.0,0.0,-33.0
37,equal_split_vickrey_guo_2019_finite_n,64.69,64.69,64.69,48.19,0.0,16.5,0.0,-16.5
37,lp_demand_vickrey_raw_coarse_wtp,64.69,64.69,64.69,64.69,0.0,0.0,0.0,-1.7763568394002505e-15
37,lp_demand_vickrey_raw_fine_wtp,64.69,64.69,64.69,64.69,0.0,0.0,0.0,-1.7763568394002505e-15
37,lp_integrated_supply_demand,64.69,64.69,60.861580732278156,60.861580732278156,3.8284192677218414,3.8284192677218414,0.0,0.0
38,equal_split_first_best,1.4299999999999997,1.4299999999999997,1.4299999999999997,1.4300000000000068,0.0,-7.105427357601002e-15,0.0,7.105427357601002e-15
38,equal_split_vickrey_majority,1.4299999999999997,1.4299999999999997,0.0,0.0,1.4299999999999997,1.4299999999999997,0.0,0.0
38,equal_split_vickrey_faltings_fair,1.4299999999999997,1.4299999999999997,0.47666666666666657,0.4766666666666639,0.9533333333333331,0.9533333333333358,0.0,-2.6645352591003757e-15
38,equal_split_vickrey_guo_2019_asymptotic,1.4299999999999997,1.4299999999999997,0.0,-133.1,1.4299999999999997,134.53,0.0,-133.1
38,equal_split_vickrey_guo_2019_finite_n,1.4299999999999997,1.4299999999999997,0.0,-5.723333333333322,1.4299999999999997,7.153333333333322,0.0,-5.723333333333322
38,lp_demand_vickrey_raw_coarse_wtp,1.4299999999999997,1.4299999999999997,1.4299999999999997,1.4299999999999926,0.0,7.105427357601002e-15,0.0,-7.105427357601002e-15
38,lp_demand_vickrey_raw_fine_wtp,1.4299999999999997,1.4299999999999997,1.4299999999999997,1.4299999999999926,0.0,7.105427357601002e-15,0.0,-7.105427357601002e-15
38,lp_integrated_supply_demand,1.4299999999999997,1.4299999999999997,-7.09576500612471,-7.09576500612471,8.52576500612471,8.52576500612471,0.0,0.0
39,equal_split_first_best,7.869999999999999,7.869999999999999,7.869999999999999,7.87,0.0,-8.881784197001252e-16,0.0,8.881784197001252e-16
39,equal_split_vickrey_majority,7.869999999999999,7.869999999999999,7.869999999999999,7.87,0.0,-8.881784197001252e-16,0.0,8.881784197001252e-16
39,equal_split_vickrey_faltings_fair,7.869999999999999,7.869999999999999,7.869999999999999,7.870000000000001,0.0,-1.7763568394002505e-15,0.0,1.7763568394002505e-15
39,equal_split_vickrey_guo_2019_asymptotic,7.869999999999999,7.869999999999999,7.869999999999999,-3.230000000000002,0.0,11.100000000000001,0.0,-11.100000000000001
39,equal_split_vickrey_guo_2019_finite_n,7.869999999999999,7.869999999999999,7.869999999999999,6.281666666666666,0.0,1.588333333333333,0.0,-1.5883333333333334
39,lp_demand_vickrey_raw_coarse_wtp,7.869999999999999,7.869999999999999,0.0,0.0,7.869999999999999,7.869999999999999,0.0,0.0
39,lp_demand_vickrey_raw_fine_wtp,7.869999999999999,7.869999999999999,7.869999999999999,7.869999999999998,0.0,8.881784197001252e-16,0.0,-8.881784197001252e-16
39,lp_integrated_supply_demand,7.869999999999999,7.869999999999999,3.888805366570086e-07,3.888805366570086e-07,7.869999611119463,7.869999611119463,0.0,0.0
40,equal_split_first_best,0.0,0.0,0.0,0.0,0.0,0.0,0.0,0.0
40,equal_split_vickrey_majority,0.0,0.0,0.0,0.0,0.0,0.0,0.0,0.0
40,equal_split_vickrey_faltings_fair,0.0,0.0,0.0,0.0,0.0,0.0,0.0,0.0
40,equal_split_vickrey_guo_2019_asymptotic,0.0,0.0,0.0,-141.4,0.0,141.4,0.0,-141.4
40,equal_split_vickrey_guo_2019_finite_n,0.0,0.0,0.0,-2.1316282072803006e-14,0.0,2.1316282072803006e-14,0.0,-2.1316282072803006e-14
40,lp_demand_vickrey_raw_coarse_wtp,0.0,0.0,-2.469958299522419,-2.4699582995224296,2.469958299522419,2.4699582995224296,0.0,-1.0658141036401503e-14
40,lp_demand_vickrey_raw_fine_wtp,0.0,0.0,-2.469999999999999,-2.469999999999999,2.469999999999999,2.469999999999999,0.0,0.0
40,lp_integrated_supply_demand,0.0,0.0,-8.404862994666706,-8.404862994666706,8.404862994666706,8.404862994666706,0.0,0.0
41,equal_split_first_best,27.5,27.5,27.5,27.5,0.0,0.0,0.0,0.0
41,equal_split_vickrey_majority,27.5,27.5,27.5,27.5,0.0,0.0,0.0,-1.7763568394002505e-15
41,equal_split_vickrey_faltings_fair,27.5,27.5,27.5,27.5,0.0,0.0,0.0,-1.7763568394002505e-15
41,equal_split_vickrey_guo_2019_asymptotic,27.5,27.5,27.5,-0.7333333333333485,0.0,28.23333333333335,0.0,-28.23333333333335
41,equal_split_vickrey_guo_2019_finite_n,27.5,27.5,27.5,25.726666666666667,0.0,1.7733333333333334,0.0,-1.7733333333333352
41,lp_demand_vickrey_raw_coarse_wtp,27.5,27.5,27.5,27.5,0.0,0.0,0.0,0.0
41,lp_demand_vickrey_raw_fine_wtp,27.5,27.5,27.5,27.5,0.0,0.0,0.0,-1.7763568394002505e-15
41,lp_integrated_supply_demand,27.5,27.5,22.94155974743363,22.94155974743363,4.5584402525663705,4.5584402525663705,0.0,0.0
42,equal_split_first_best,12.189999999999998,12.189999999999998,12.189999999999998,12.189999999999998,0.0,0.0,0.0,2.220446049250313e-16
42,equal_split_vickrey_majority,12.189999999999998,12.189999999999998,12.189999999999998,12.189999999999998,0.0,0.0,0.0,4.440892098500626e-16
42,equal_split_vickrey_faltings_fair,12.189999999999998,12.189999999999998,12.189999999999998,12.189999999999998,0.0,0.0,0.0,8.881784197001252e-16
42,equal_split_vickrey_guo_2019_asymptotic,12.189999999999998,12.189999999999998,12.189999999999998,5.036666666666658,0.0,7.1533333333333395,0.0,-7.1533333333333395
42,equal_split_vickrey_guo_2019_finite_n,12.189999999999998,12.189999999999998,12.189999999999998,9.224999999999994,0.0,2.9650000000000034,0.0,-2.965000000000004
42,lp_demand_vickrey_raw_coarse_wtp,12.189999999999998,12.189999999999998,12.189999593666665,12.189999593666665,4.0633333320272413e-07,4.0633333320272413e-07,0.0,0.0
42,lp_demand_vickrey_raw_fine_wtp,12.189999999999998,12.189999999999998,12.189999187333331,12.189999187333331,8.126666664054483e-07,8.126666664054483e-07,0.0,0.0
42,lp_integrated_supply_demand,12.189999999999998,12.189999999999998,11.177865613486304,11.177865613486304,1.0121343865136936,1.0121343865136936,0.0,0.0
43,equal_split_first_best,46.76,46.76,46.76,46.76,0.0,0.0,0.0,0.0
43,equal_split_vickrey_majority,46.76,46.76,46.76,46.76,0.0,0.0,0.0,0.0
43,equal_split_vickrey_faltings_fair,46.76,46.76,46.76,46.76,0.0,0.0,0.0,0.0
43,equal_split_vickrey_guo_2019_asymptotic,46.76,46.76,46.76,18.61333333333333,0.0,28.14666666666667,0.0,-28.14666666666667
43,equal_split_vickrey_guo_2019_finite_n,46.76,46.76,46.76,35.28000000000002,0.0,11.479999999999976,0.0,-11.479999999999976
43,lp_demand_vickrey_raw_coarse_wtp,46.76,46.76,46.759998831,46.759998831,1.1690000008002244e-06,1.1690000008002244e-06,0.0,1.7763568394002505e-15
43,lp_demand_vickrey_raw_fine_wtp,46.76,46.76,46.76,46.76,0.0,0.0,0.0,8.881784197001252e-16
43,lp_integrated_supply_demand,46.76,46.76,45.894998729421054,45.894998729421054,0.8650012705789436,0.8650012705789436,0.0,0.0
44,equal_split_first_best,24.439999999999998,24.439999999999998,24.439999999999998,24.439999999999998,0.0,0.0,0.0,-1.7763568394002505e-15
44,equal_split_vickrey_majority,24.439999999999998,24.439999999999998,24.439999999999998,24.439999999999998,0.0,0.0,0.0,-1.7763568394002505e-15
44,equal_split_vickrey_faltings_fair,24.439999999999998,24.439999999999998,24.439999999999998,24.439999999999998,0.0,0.0,0.0,0.0
44,equal_split_vickrey_guo_2019_asymptotic,24.439999999999998,24.439999999999998,24.439999999999998,1.2399999999999984,0.0,23.2,0.0,-23.2
44,equal_split_vickrey_guo_2019_finite_n,24.439999999999998,24.439999999999998,24.439999999999998,14.98999999999999,0.0,9.450000000000008,0.0,-9.450000000000008
44,lp_demand_vickrey_raw_coarse_wtp,24.439999999999998,24.439999999999998,24.43999932111111,24.43999932111111,6.788888882169886e-07,6.788888882169886e-07,0.0,1.7763568394002505e-15
44,lp_demand_vickrey_raw_fine_wtp,24.439999999999998,24.439999999999998,24.439999999999998,24.439999999999998,0.0,0.0,0.0,-1.7763568394002505e-15
44,lp_integrated_supply_demand,24.439999999999998,24.439999999999998,24.293332364483536,24.293332364483536,0.14666763551646156,0.14666763551646156,0.0,0.0
45,equal_split_first_best,64.99999999999999,64.99999999999999,64.99999999999999,64.99999999999999,0.0,0.0,0.0,8.881784197001252e-16
45,equal_split_vickrey_majority,64.99999999999999,64.99999999999999,64.99999999999999,64.99999999999999,0.0,0.0,0.0,-1.7763568394002505e-15
45,equal_split_vickrey_faltings_fair,64.99999999999999,64.99999999999999,64.99999999999999,64.99999999999999,0.0,0.0,0.0,0.0
45,equal_split_vickrey_guo_2019_asymptotic,64.99999999999999,64.99999999999999,64.99999999999999,34.02666666666663,0.0,30.973333333333358,0.0,-30.973333333333354
45,equal_split_vickrey_guo_2019_finite_n,64.99999999999999,64.99999999999999,64.99999999999999,50.079999999999984,0.0,14.920000000000002,0.0,-14.919999999999998
45,lp_demand_vickrey_raw_coarse_wtp,64.99999999999999,64.99999999999999,64.99999869999999,64.99999869999999,1.2999999938756446e-06,1.2999999938756446e-06,0.0,8.881784197001252e-16
45,lp_demand_vickrey_raw_fine_wtp,64.99999999999999,64.99999999999999,64.99999999999999,64.99999999999999,0.0,0.0,0.0,-8.881784197001252e-16
45,lp_integrated_supply_demand,64.99999999999999,64.99999999999999,61.093915950649986,61.093915950649986,3.9060840493499995,3.9060840493499995,0.0,0.0
46,equal_split_first_best,49.48,49.48,49.48,49.48,0.0,0.0,0.0,8.881784197001252e-16
46,equal_split_vickrey_majority,49.48,49.48,49.48,49.48,0.0,0.0,0.0,0.0
46,equal_split_vickrey_faltings_fair,49.48,49.48,49.48,49.48,0.0,0.0,0.0,0.0
46,equal_split_vickrey_guo_2019_asymptotic,49.48,49.48,49.48,15.046666666666674,0.0,34.43333333333332,0.0,-34.43333333333332
46,equal_split_vickrey_guo_2019_finite_n,49.48,49.48,49.48,37.28499999999998,0.0,12.195000000000014,0.0,-12.195000000000011
46,lp_demand_vickrey_raw_coarse_wtp,49.48,49.48,49.48,49.48,0.0,0.0,0.0,2.6645352591003757e-15
46,lp_demand_vickrey_raw_fine_wtp,49.48,49.48,49.48,49.48,0.0,0.0,0.0,8.881784197001252e-16
46,lp_integrated_supply_demand,49.48,49.48,45.10240104723627,45.10240104723627,4.3775989527637265,4.3775989527637265,0.0,0.0
47,equal_split_first_best,50.08,50.08,50.08,50.08,0.0,0.0,0.0,1.7763568394002505e-15
47,equal_split_vickrey_majority,50.08,50.08,50.08,50.08,0.0,0.0,0.0,0.0
47,equal_split_vickrey_faltings_fair,50.08,50.08,50.08,50.08,0.0,0.0,0.0,0.0
47,equal_split_vickrey_guo_2019_asymptotic,50.08,50.08,50.08,21.440000000000005,0.0,28.639999999999993,0.0,-28.639999999999993
47,equal_split_vickrey_guo_2019_finite_n,50.08,50.08,50.08,35.759999999999984,0.0,14.320000000000014,0.0,-14.320000000000014
47,lp_demand_vickrey_raw_coarse_wtp,50.08,50.08,50.079998747999994,50.079998747999994,1.2520000041149615e-06,1.2520000041149615e-06,0.0,1.7763568394002505e-15
47,lp_demand_vickrey_raw_fine_wtp,50.08,50.08,50.08,50.08,0.0,0.0,0.0,8.881784197001252e-16
47,lp_integrated_supply_demand,50.08,50.08,49.27058436582957,49.27058436582957,0.8094156341704277,0.8094156341704277,0.0,0.0
48,equal_split_first_best,13.910000000000002,13.910000000000002,13.910000000000002,13.910000000000002,0.0,0.0,0.0,0.0
48,equal_split_vickrey_majority,13.910000000000002,13.910000000000002,13.910000000000002,13.910000000000002,0.0,0.0,0.0,-4.440892098500626e-16
48,equal_split_vickrey_faltings_fair,13.910000000000002,13.910000000000002,13.910000000000002,13.910000000000002,0.0,0.0,0.0,0.0
48,equal_split_vickrey_guo_2019_asymptotic,13.910000000000002,13.910000000000002,13.910000000000002,6.229999999999996,0.0,7.680000000000006,0.0,-7.680000000000006
48,equal_split_vickrey_guo_2019_finite_n,13.910000000000002,13.910000000000002,13.910000000000002,10.07,0.0,3.8400000000000016,0.0,-3.8400000000000007
48,lp_demand_vickrey_raw_coarse_wtp,13.910000000000002,13.910000000000002,13.909999536333336,13.909999536333336,4.636666659507682e-07,4.636666659507682e-07,0.0,-4.440892098500626e-16
48,lp_demand_vickrey_raw_fine_wtp,13.910000000000002,13.910000000000002,13.90999972792064,13.90999972792064,2.720793617072559e-07,2.720793617072559e-07,0.0,2.220446049250313e-16
48,lp_integrated_supply_demand,13.910000000000002,13.910000000000002,12.588182172926691,12.588182172926691,1.3218178270733105,1.3218178270733105,0.0,0.0
49,equal_split_first_best,0.0,0.0,0.0,0.0,0.0,0.0,0.0,0.0
49,equal_split_vickrey_majority,0.0,0.0,0.0,0.0,0.0,0.0,0.0,0.0
49,equal_split_vickrey_faltings_fair,0.0,0.0,0.0,0.0,0.0,0.0,0.0,0.0
49,equal_split_vickrey_guo_2019_asymptotic,0.0,0.0,0.0,-127.1,0.0,127.1,0.0,-127.1
49,equal_split_vickrey_guo_2019_finite_n,0.0,0.0,0.0,2.1316282072803006e-14,0.0,-2.1316282072803006e-14,0.0,2.1316282072803006e-14
49,lp_demand_vickrey_raw_coarse_wtp,0.0,0.0,-0.8699853119775371,-0.8699853119775371,0.8699853119775371,0.8699853119775371,0.0,0.0
49,lp_demand_vickrey_raw_fine_wtp,0.0,0.0,-0.8700000000000045,-0.8700000000000117,0.8700000000000045,0.8700000000000117,0.0,-7.105427357601002e-15
49,lp_integrated_supply_demand,0.0,0.0,-5.092593504305196,-5.092593504305196,5.092593504305196,5.092593504305196,0.0,0.0
50,equal_split_first_best,48.599999999999994,48.599999999999994,48.599999999999994,48.599999999999994,0.0,0.0,0.0,0.0
50,equal_split_vickrey_majority,48.599999999999994,48.599999999999994,48.599999999999994,48.599999999999994,0.0,0.0,0.0,0.0
50,equal_split_vickrey_faltings_fair,48.599999999999994,48.599999999999994,48.599999999999994,48.599999999999994,0.0,0.0,0.0,0.0
50,equal_split_vickrey_guo_2019_asymptotic,48.599999999999994,48.599999999999994,48.599999999999994,15.033333333333331,0.0,33.56666666666666,0.0,-33.56666666666666
50,equal_split_vickrey_guo_2019_finite_n,48.599999999999994,48.599999999999994,48.599999999999994,33.82999999999997,0.0,14.770000000000024,0.0,-14.770000000000024
50,lp_demand_vickrey_raw_coarse_wtp,48.599999999999994,48.599999999999994,48.599999999999994,48.599999999999994,0.0,0.0,0.0,-1.7763568394002505e-15
50,lp_demand_vickrey_raw_fine_wtp,48.599999999999994,48.599999999999994,48.599999999999994,48.599999999999994,0.0,0.0,0.0,-1.7763568394002505e-15
50,lp_integrated_supply_demand,48.599999999999994,48.599999999999994,46.972842530724485,46.972842530724485,1.6271574692755095,1.6271574692755095,0.0,0.0
51,equal_split_first_best,27.37,27.37,27.37,27.37,0.0,0.0,0.0,8.881784197001252e-16
51,equal_split_vickrey_majority,27.37,27.37,27.37,27.369999999999997,0.0,3.552713678800501e-15,0.0,-1.7763568394002505e-15
51,equal_split_vickrey_faltings_fair,27.37,27.37,27.37,27.369999999999997,0.0,3.552713678800501e-15,0.0,-1.7763568394002505e-15
51,equal_split_vickrey_guo_2019_asymptotic,27.37,27.37,27.37,7.396666666666679,0.0,19.973333333333322,0.0,-19.973333333333322
51,equal_split_vickrey_guo_2019_finite_n,27.37,27.37,27.37,21.290000000000006,0.0,6.079999999999995,0.0,-6.079999999999996
51,lp_demand_vickrey_raw_coarse_wtp,27.37,27.37,27.369998859583333,27.369998859583333,1.1404166677664307e-06,1.1404166677664307e-06,0.0,1.7763568394002505e-15
51,lp_demand_vickrey_raw_fine_wtp,27.37,27.37,27.37,27.369999999999997,0.0,3.552713678800501e-15,0.0,-2.6645352591003757e-15
51,lp_integrated_supply_demand,27.37,27.37,26.101469933308564,26.101469933308564,1.2685300666914365,1.2685300666914365,0.0,0.0
52,equal_split_first_best,32.57,32.57,32.57,32.57,0.0,0.0,0.0,-8.881784197001252e-16
52,equal_split_vickrey_majority,32.57,32.57,32.57,32.57,0.0,0.0,0.0,0.0
52,equal_split_vickrey_faltings_fair,32.57,32.57,32.57,32.57,0.0,0.0,0.0,0.0
52,equal_split_vickrey_guo_2019_asymptotic,32.57,32.57,32.57,10.570000000000004,0.0,21.999999999999996,0.0,-21.999999999999996
52,equal_split_vickrey_guo_2019_finite_n,32.57,32.57,32.57,24.159999999999993,0.0,8.410000000000007,0.0,-8.410000000000007
52,lp_demand_vickrey_raw_coarse_wtp,32.57,32.57,32.56999932145833,32.56999932145833,6.785416672983047e-07,6.785416672983047e-07,0.0,0.0
52,lp_demand_vickrey_raw_fine_wtp,32.57,32.57,32.57,32.57,0.0,0.0,0.0,-8.881784197001252e-16
52,lp_integrated_supply_demand,32.57,32.57,31.047280517572887,31.047280517572887,1.5227194824271137,1.5227194824271137,0.0,0.0
53,equal_split_first_best,8.740000000000002,8.740000000000002,8.740000000000002,8.740000000000002,0.0,0.0,0.0,0.0
53,equal_split_vickrey_majority,8.740000000000002,8.740000000000002,8.740000000000002,8.740000000000002,0.0,0.0,0.0,0.0
53,equal_split_vickrey_faltings_fair,8.740000000000002,8.740000000000002,8.740000000000002,8.740000000000002,0.0,0.0,0.0,0.0
53,equal_split_vickrey_guo_2019_asymptotic,8.740000000000002,8.740000000000002,8.740000000000002,-0.34666666666666046,0.0,9.086666666666662,0.0,-9.086666666666662
53,equal_split_vickrey_guo_2019_finite_n,8.740000000000002,8.740000000000002,8.740000000000002,6.953333333333336,0.0,1.7866666666666662,0.0,-1.7866666666666662
53,lp_demand_vickrey_raw_coarse_wtp,8.740000000000002,8.740000000000002,8.739999563000001,8.739999563000001,4.3700000063040534e-07,4.3700000063040534e-07,0.0,0.0
53,lp_demand_vickrey_raw_fine_wtp,8.740000000000002,8.740000000000002,8.73999968428358,8.73999968428358,3.157164218947628e-07,3.157164218947628e-07,0.0,0.0
53,lp_integrated_supply_demand,8.740000000000002,8.740000000000002,8.550972615333162,8.550972615333162,0.18902738466684,0.18902738466684,0.0,0.0
54,equal_split_first_best,54.46,54.46,54.46,54.46,0.0,0.0,0.0,8.881784197001252e-16
54,equal_split_vickrey_majority,54.46,54.46,54.46,54.46,0.0,0.0,0.0,0.0
54,equal_split_vickrey_faltings_fair,54.46,54.46,54.46,54.46,0.0,0.0,0.0,0.0
54,equal_split_vickrey_guo_2019_asymptotic,54.46,54.46,54.46,23.020000000000003,0.0,31.439999999999998,0.0,-31.439999999999998
54,equal_split_vickrey_guo_2019_finite_n,54.46,54.46,54.46,38.73999999999999,0.0,15.720000000000013,0.0,-15.720000000000013
54,lp_demand_vickrey_raw_coarse_wtp,54.46,54.46,54.4599986385,54.4599986385,1.361500004293248e-06,1.361500004293248e-06,0.0,0.0
54,lp_demand_vickrey_raw_fine_wtp,54.46,54.46,54.46,54.46,0.0,0.0,0.0,8.881784197001252e-16
54,lp_integrated_supply_demand,54.46,54.46,47.95953403271784,47.95953403271784,6.50046596728216,6.50046596728216,0.0,0.0
55,equal_split_first_best,16.61,16.61,16.61,16.61,0.0,0.0,0.0,-4.440892098500626e-16
55,equal_split_vickrey_majority,16.61,16.61,16.61,16.61,0.0,0.0,0.0,4.440892098500626e-16
55,equal_split_vickrey_faltings_fair,16.61,16.61,16.61,16.61,0.0,0.0,0.0,4.440892098500626e-16
55,equal_split_vickrey_guo_2019_asymptotic,16.61,16.61,16.61,8.763333333333328,0.0,7.846666666666671,0.0,-7.84666666666667
55,equal_split_vickrey_guo_2019_finite_n,16.61,16.61,16.61,13.039999999999996,0.0,3.570000000000004,0.0,-3.5700000000000047
55,lp_demand_vickrey_raw_coarse_wtp,16.61,16.61,16.609999446333333,16.609999446333333,5.536666662919743e-07,5.536666662919743e-07,0.0,-4.440892098500626e-16
55,lp_demand_vickrey_raw_fine_wtp,16.61,16.61,16.609999666759187,16.609999666759187,3.3324081272212425e-07,3.3324081272212425e-07,0.0,2.220446049250313e-16
55,lp_integrated_supply_demand,16.61,16.61,16.474357384459122,16.474357384459122,0.13564261554087764,0.13564261554087764,0.0,0.0
56,equal_split_first_best,33.79,33.79,33.79,33.79,0.0,0.0,0.0,0.0
56,equal_split_vickrey_majority,33.79,33.79,33.79,33.79,0.0,0.0,0.0,-1.7763568394002505e-15
56,equal_split_vickrey_faltings_fair,33.79,33.79,33.79,33.79,0.0,0.0,0.0,-1.7763568394002505e-15
56,equal_split_vickrey_guo_2019_asymptotic,33.79,33.79,33.79,13.236666666666661,0.0,20.553333333333338,0.0,-20.553333333333338
56,equal_split_vickrey_guo_2019_finite_n,33.79,33.79,33.79,29.01166666666667,0.0,4.778333333333329,0.0,-4.77833333333333
56,lp_demand_vickrey_raw_coarse_wtp,33.79,33.79,33.789999155249994,33.789999155249994,8.447500050579038e-07,8.447500050579038e-07,0.0,0.0
56,lp_demand_vickrey_raw_fine_wtp,33.79,33.79,33.79,33.79,0.0,0.0,0.0,0.0
56,lp_integrated_supply_demand,33.79,33.79,30.378983788445474,30.378983788445474,3.411016211554525,3.411016211554525,0.0,0.0
57,equal_split_first_best,12.69,12.69,12.69,12.69,0.0,0.0,0.0,0.0
57,equal_split_vickrey_majority,12.69,12.69,12.69,12.690000000000001,0.0,-1.7763568394002505e-15,0.0,8.881784197001252e-16
57,equal_split_vickrey_faltings_fair,12.69,12.69,12.69,12.690000000000001,0.0,-1.7763568394002505e-15,0.0,1.7763568394002505e-15
57,equal_split_vickrey_guo_2019_asymptotic,12.69,12.69,12.69,2.096666666666666,0.0,10.593333333333334,0.0,-10.593333333333334
57,equal_split_vickrey_guo_2019_finite_n,12.69,12.69,12.69,11.063333333333336,0.0,1.6266666666666634,0.0,-1.6266666666666643
57,lp_demand_vickrey_raw_coarse_wtp,12.69,12.69,12.689999365499999,12.689999365499999,6.345000009844171e-07,6.345000009844171e-07,0.0,-4.440892098500626e-16
57,lp_demand_vickrey_raw_fine_wtp,12.69,12.69,12.689999541597095,12.689999541597095,4.5840290496812486e-07,4.5840290496812486e-07,0.0,0.0
57,lp_integrated_supply_demand,12.69,12.69,12.546097839770312,12.546097839770312,0.14390216022968794,0.14390216022968794,0.0,0.0
58,equal_split_first_best,13.62,13.62,13.62,13.62,0.0,0.0,0.0,2.220446049250313e-16
58,equal_split_vickrey_majority,13.62,13.62,13.62,13.62,0.0,0.0,0.0,0.0
58,equal_split_vickrey_faltings_fair,13.62,13.62,13.62,13.62,0.0,0.0,0.0,0.0
58,equal_split_vickrey_guo_2019_asymptotic,13.62,13.62,13.62,6.333333333333329,0.0,7.286666666666671,0.0,-7.286666666666671
58,equal_split_vickrey_guo_2019_finite_n,13.62,13.62,13.62,10.189999999999996,0.0,3.4300000000000033,0.0,-3.4300000000000033
58,lp_demand_vickrey_raw_coarse_wtp,13.62,13.62,13.619999773,13.619999773,2.2699999924213898e-07,2.2699999924213898e-07,0.0,0.0
58,lp_demand_vickrey_raw_fine_wtp,13.62,13.62,13.619999819186642,13.619999819186642,1.808133571756798e-07,1.808133571756798e-07,0.0,-4.440892098500626e-16
58,lp_integrated_supply_demand,13.62,13.62,12.993133896277705,12.993133896277705,0.6268661037222945,0.6268661037222945,0.0,0.0
59,equal_split_first_best,20.659999999999997,20.659999999999997,20.659999999999997,20.659999999999997,0.0,0.0,0.0,-8.881784197001252e-16
59,equal_split_vickrey_majority,20.659999999999997,20.659999999999997,20.659999999999997,20.659999999999997,0.0,0.0,0.0,0.0
59,equal_split_vickrey_faltings_fair,20.659999999999997,20.659999999999997,20.659999999999997,20.659999999999997,0.0,0.0,0.0,0.0
59,equal_split_vickrey_guo_2019_asymptotic,20.659999999999997,20.659999999999997,20.659999999999997,1.0266666666666637,0.0,19.633333333333333,0.0,-19.633333333333333
59,equal_split_vickrey_guo_2019_finite_n,20.659999999999997,20.659999999999997,20.659999999999997,14.289999999999985,0.0,6.370000000000012,0.0,-6.370000000000012
59,lp_demand_vickrey_raw_coarse_wtp,20.659999999999997,20.659999999999997,20.65999942611111,20.65999942611111,5.73888886634677e-07,5.73888886634677e-07,0.0,0.0
59,lp_demand_vickrey_raw_fine_wtp,20.659999999999997,20.659999999999997,20.659999999999997,20.659999999999997,0.0,0.0,0.0,0.0
59,lp_integrated_supply_demand,20.659999999999997,20.659999999999997,19.846665875155733,19.846665875155733,0.813334124844264,0.813334124844264,0.0,0.0
60,equal_split_first_best,52.06,52.06,52.06,52.06,0.0,0.0,0.0,1.7763568394002505e-15
60,equal_split_vickrey_majority,52.06,52.06,52.06,52.06,0.0,0.0,0.0,-1.7763568394002505e-15
60,equal_split_vickrey_faltings_fair,52.06,52.06,52.06,52.06,0.0,0.0,0.0,-1.7763568394002505e-15
60,equal_split_vickrey_guo_2019_asymptotic,52.06,52.06,52.06,16.70666666666665,0.0,35.35333333333335,0.0,-35.35333333333335
60,equal_split_vickrey_guo_2019_finite_n,52.06,52.06,52.06,38.190000000000026,0.0,13.869999999999976,0.0,-13.86999999999998
60,lp_demand_vickrey_raw_coarse_wtp,52.06,52.06,52.06,52.06,0.0,0.0,0.0,8.881784197001252e-16
60,lp_demand_vickrey_raw_fine_wtp,52.06,52.06,52.06,52.06,0.0,0.0,0.0,1.7763568394002505e-15
60,lp_integrated_supply_demand,52.06,52.06,48.90499877689255,48.90499877689255,3.1550012231074547,3.1550012231074547,0.0,0.0
61,equal_split_first_best,75.31,75.31,75.31,75.31,0.0,0.0,0.0,0.0
61,equal_split_vickrey_majority,75.31,75.31,75.31,75.31,0.0,0.0,0.0,0.0
61,equal_split_vickrey_faltings_fair,75.31,75.31,75.31,75.31,0.0,0.0,0.0,0.0
61,equal_split_vickrey_guo_2019_asymptotic,75.31,75.31,75.31,46.04999999999999,0.0,29.260000000000012,0.0,-29.260000000000012
61,equal_split_vickrey_guo_2019_finite_n,75.31,75.31,75.31,60.67999999999999,0.0,14.63000000000001,0.0,-14.63000000000001
61,lp_demand_vickrey_raw_coarse_wtp,75.31,75.31,75.30999892414283,75.30999892414283,1.0758571704627684e-06,1.0758571704627684e-06,0.0,1.7763568394002505e-15
61,lp_demand_vickrey_raw_fine_wtp,75.31,75.31,75.31,75.31,0.0,0.0,0.0,-1.7763568394002505e-15
61,lp_integrated_supply_demand,75.31,75.31,73.31619865603354,73.31619865603354,1.9938013439664672,1.9938013439664672,0.0,0.0
62,equal_split_first_best,0.0,0.0,0.0,0.0,0.0,0.0,0.0,0.0
62,equal_split_vickrey_majority,0.0,0.0,0.0,0.0,0.0,0.0,0.0,0.0
62,equal_split_vickrey_faltings_fair,0.0,0.0,-1.7933333333333317,-1.793333333333337,1.7933333333333317,1.793333333333337,0.0,-5.329070518200751e-15
62,equal_split_vickrey_guo_2019_asymptotic,0.0,0.0,0.0,-101.9,0.0,101.9,0.0,-101.9
62,equal_split_vickrey_guo_2019_finite_n,0.0,0.0,0.0,-2.9666666666666686,0.0,2.9666666666666686,0.0,-2.9666666666666686
62,lp_demand_vickrey_raw_coarse_wtp,0.0,0.0,-2.6899999999999977,-2.689999999999994,2.6899999999999977,2.689999999999994,0.0,3.552713678800501e-15
62,lp_demand_vickrey_raw_fine_wtp,0.0,0.0,-2.6899999999999977,-2.6899999999999977,2.6899999999999977,2.6899999999999977,0.0,0.0
62,lp_integrated_supply_demand,0.0,0.0,-8.152486485310481,-8.152486485310481,8.152486485310481,8.152486485310481,0.0,0.0
63,equal_split_first_best,20.990000000000002,20.990000000000002,20.990000000000002,20.990000000000002,0.0,0.0,0.0,-8.881784197001252e-16
63,equal_split_vickrey_majority,20.990000000000002,20.990000000000002,20.990000000000002,20.990000000000002,0.0,0.0,0.0,0.0
63,equal_split_vickrey_faltings_fair,20.990000000000002,20.990000000000002,20.990000000000002,20.990000000000002,0.0,0.0,0.0,0.0
63,equal_split_vickrey_guo_2019_asymptotic,20.990000000000002,20.990000000000002,20.990000000000002,0.7300000000000004,0.0,20.26,0.0,-20.26
63,equal_split_vickrey_guo_2019_finite_n,20.990000000000002,20.990000000000002,20.990000000000002,16.230000000000004,0.0,4.759999999999998,0.0,-4.759999999999998
63,lp_demand_vickrey_raw_coarse_wtp,20.990000000000002,20.990000000000002,20.989998950500002,20.989998950500002,1.0494999997945342e-06,1.0494999997945342e-06,0.0,0.0
63,lp_demand_vickrey_raw_fine_wtp,20.990000000000002,20.990000000000002,20.990000000000002,20.990000000000002,0.0,0.0,0.0,0.0
63,lp_integrated_supply_demand,20.990000000000002,20.990000000000002,18.213151935309362,18.213151935309362,2.7768480646906397,2.7768480646906397,0.0,0.0
64,equal_split_first_best,87.42,87.42,87.42,87.42,0.0,0.0,0.0,0.0
64,equal_split_vickrey_majority,87.42,87.42,87.42,87.42,0.0,0.0,0.0,0.0
64,equal_split_vickrey_faltings_fair,87.42,87.42,87.42,87.42,0.0,0.0,0.0,0.0
64,equal_split_vickrey_guo_2019_asymptotic,87.42,87.42,87.42,55.98,0.0,31.440000000000005,0.0,-31.440000000000005
64,equal_split_vickrey_guo_2019_finite_n,87.42,87.42,87.42,71.69999999999999,0.0,15.720000000000013,0.0,-15.720000000000013
64,lp_demand_vickrey_raw_coarse_wtp,87.42,87.42,87.41999875114283,87.41999875114283,1.2488571741187116e-06,1.2488571741187116e-06,0.0,0.0
64,lp_demand_vickrey_raw_fine_wtp,87.42,87.42,87.42,87.42,0.0,0.0,0.0,0.0
64,lp_integrated_supply_demand,87.42,87.42,84.95524386020044,84.95524386020044,2.4647561397995617,2.4647561397995617,0.0,0.0
65,equal_split_first_best,17.6,17.6,17.6,17.6,0.0,0.0,0.0,-1.7763568394002505e-15
65,equal_split_vickrey_majority,17.6,17.6,17.6,17.6,0.0,0.0,0.0,1.7763568394002505e-15
65,equal_split_vickrey_faltings_fair,17.6,17.6,17.6,17.6,0.0,0.0,0.0,1.7763568394002505e-15
65,equal_split_vickrey_guo_2019_asymptotic,17.6,17.6,17.6,-2.4066666666666663,0.0,20.006666666666668,0.0,-20.006666666666668
65,equal_split_vickrey_guo_2019_finite_n,17.6,17.6,17.6,14.558333333333334,0.0,3.041666666666668,0.0,-3.041666666666668
65,lp_demand_vickrey_raw_coarse_wtp,17.6,17.6,17.59999912,17.59999912,8.800000017572529e-07,8.800000017572529e-07,0.0,0.0
65,lp_demand_vickrey_raw_fine_wtp,17.6,17.6,17.6,17.6,0.0,0.0,0.0,1.7763568394002505e-15
65,lp_integrated_supply_demand,17.6,17.6,17.170509835625214,17.170509835625214,0.42949016437478704,0.42949016437478704,0.0,0.0
66,equal_split_first_best,10.850000000000001,10.850000000000001,10.850000000000001,10.850000000000001,0.0,0.0,0.0,4.440892098500626e-16
66,equal_split_vickrey_majority,10.850000000000001,10.850000000000001,10.850000000000001,10.850000000000001,0.0,0.0,0.0,-4.440892098500626e-16
66,equal_split_vickrey_faltings_fair,10.850000000000001,10.850000000000001,10.850000000000001,10.850000000000001,0.0,0.0,0.0,-4.440892098500626e-16
66,equal_split_vickrey_guo_2019_asymptotic,10.850000000000001,10.850000000000001,10.850000000000001,3.9700000000000024,0.0,6.879999999999999,0.0,-6.879999999999999
66,equal_split_vickrey_guo_2019_finite_n,10.850000000000001,10.850000000000001,10.850000000000001,7.969999999999997,0.0,2.8800000000000043,0.0,-2.880000000000004
66,lp_demand_vickrey_raw_coarse_wtp,10.850000000000001,10.850000000000001,10.849999638333335,10.849999638333335,3.616666663930346e-07,3.616666663930346e-07,0.0,-4.440892098500626e-16
66,lp_demand_vickrey_raw_fine_wtp,10.850000000000001,10.850000000000001,10.849999276666669,10.849999276666669,7.233333327860691e-07,7.233333327860691e-07,0.0,0.0
66,lp_integrated_supply_demand,10.850000000000001,10.850000000000001,10.137333009104788,10.137333009104788,0.7126669908952135,0.7126669908952135,0.0,0.0
67,equal_split_first_best,19.97,19.97,19.97,19.97,0.0,0.0,0.0,8.881784197001252e-16
67,equal_split_vickrey_majority,19.97,19.97,19.97,19.97,0.0,0.0,0.0,8.881784197001252e-16
67,equal_split_vickrey_faltings_fair,19.97,19.97,19.97,19.97,0.0,0.0,0.0,1.7763568394002505e-15
67,equal_split_vickrey_guo_2019_asymptotic,19.97,19.97,19.97,0.4833333333333343,0.0,19.486666666666665,0.0,-19.486666666666665
67,equal_split_vickrey_guo_2019_finite_n,19.97,19.97,19.97,13.050000000000002,0.0,6.919999999999996,0.0,-6.919999999999996
67,lp_demand_vickrey_raw_coarse_wtp,19.97,19.97,19.96999944527778,19.96999944527778,5.5472222015851e-07,5.5472222015851e-07,0.0,8.881784197001252e-16
67,lp_demand_vickrey_raw_fine_wtp,19.97,19.97,19.97,19.97,0.0,0.0,0.0,-8.881784197001252e-16
67,lp_integrated_supply_demand,19.97,19.97,16.58333267196839,16.58333267196839,3.38666732803161,3.38666732803161,0.0,0.0
68,equal_split_first_best,21.65,21.65,21.65,21.65,0.0,0.0,0.0,-1.7763568394002505e-15
68,equal_split_vickrey_majority,21.65,21.65,21.65,21.65,0.0,0.0,0.0,-1.7763568394002505e-15
68,equal_split_vickrey_faltings_fair,21.65,21.65,21.65,21.65,0.0,0.0,0.0,-1.7763568394002505e-15
68,equal_split_vickrey_guo_2019_asymptotic,21.65,21.65,21.65,-1.5833333333333428,0.0,23.23333333333334,0.0,-23.23333333333334
68,equal_split_vickrey_guo_2019_finite_n,21.65,21.65,21.65,18.571666666666644,0.0,3.0783333333333545,0.0,-3.0783333333333536
68,lp_demand_vickrey_raw_coarse_wtp,21.65,21.65,21.65,21.650000000000002,0.0,-3.552713678800501e-15,0.0,2.6645352591003757e-15
68,lp_demand_vickrey_raw_fine_wtp,21.65,21.65,21.65,21.65,0.0,0.0,0.0,1.7763568394002505e-15
68,lp_integrated_supply_demand,21.65,21.65,18.917253673857786,18.917253673857786,2.7327463261422125,2.7327463261422125,0.0,0.0
69,equal_split_first_best,48.150000000000006,48.150000000000006,48.150000000000006,48.150000000000006,0.0,0.0,0.0,1.7763568394002505e-15
69,equal_split_vickrey_majority,48.150000000000006,48.150000000000006,48.150000000000006,48.150000000000006,0.0,0.0,0.0,-1.7763568394002505e-15
69,equal_split_vickrey_faltings_fair,48.150000000000006,48.150000000000006,48.150000000000006,48.150000000000006,0.0,0.0,0.0,-1.7763568394002505e-15
69,equal_split_vickrey_guo_2019_asymptotic,48.150000000000006,48.150000000000006,48.150000000000006,19.323333333333345,0.0,28.82666666666666,0.0,-28.82666666666666
69,equal_split_vickrey_guo_2019_finite_n,48.150000000000006,48.150000000000006,48.150000000000006,34.070000000000014,0.0,14.079999999999991,0.0,-14.07999999999999
69,lp_demand_vickrey_raw_coarse_wtp,48.150000000000006,48.150000000000006,48.14999879625,48.14999879625,1.2037500027872738e-06,1.2037500027872738e-06,0.0,1.7763568394002505e-15
69,lp_demand_vickrey_raw_fine_wtp,48.150000000000006,48.150000000000006,48.150000000000006,48.150000000000006,0.0,0.0,0.0,-8.881784197001252e-16
69,lp_integrated_supply_demand,48.150000000000006,48.150000000000006,46.359565503749884,46.359565503749884,1.7904344962501213,1.7904344962501213,0.0,0.0
70,equal_split_first_best,28.180000000000003,28.180000000000003,28.180000000000003,28.180000000000003,0.0,0.0,0.0,0.0
70,equal_split_vickrey_majority,28.180000000000003,28.180000000000003,28.180000000000003,28.180000000000003,0.0,0.0,0.0,8.881784197001252e-16
70,equal_split_vickrey_faltings_fair,28.180000000000003,28.180000000000003,28.180000000000003,28.180000000000007,0.0,-3.552713678800501e-15,0.0,1.7763568394002505e-15
70,equal_split_vickrey_guo_2019_asymptotic,28.180000000000003,28.180000000000003,28.180000000000003,7.2200000000000095,0.0,20.959999999999994,0.0,-20.959999999999994
70,equal_split_vickrey_guo_2019_finite_n,28.180000000000003,28.180000000000003,28.180000000000003,20.35500000000001,0.0,7.824999999999992,0.0,-7.824999999999994
70,lp_demand_vickrey_raw_coarse_wtp,28.180000000000003,28.180000000000003,28.179999217222225,28.179999217222225,7.827777785962553e-07,7.827777785962553e-07,0.0,8.881784197001252e-16
70,lp_demand_vickrey_raw_fine_wtp,28.180000000000003,28.180000000000003,28.180000000000003,28.180000000000003,0.0,0.0,0.0,-8.881784197001252e-16
70,lp_integrated_supply_demand,28.180000000000003,28.180000000000003,24.803332344144078,24.803332344144078,3.3766676558559254,3.3766676558559254,0.0,0.0
71,equal_split_first_best,9.0,9.0,9.0,9.0,0.0,0.0,0.0,4.440892098500626e-16
71,equal_split_vickrey_majority,9.0,9.0,9.0,9.0,0.0,0.0,0.0,0.0
71,equal_split_vickrey_faltings_fair,9.0,9.0,9.0,9.0,0.0,0.0,0.0,0.0
71,equal_split_vickrey_guo_2019_asymptotic,9.0,9.0,9.0,-0.38666666666666494,0.0,9.386666666666665,0.0,-9.386666666666665
71,equal_split_vickrey_guo_2019_finite_n,9.0,9.0,9.0,5.765000000000004,0.0,3.234999999999996,0.0,-3.234999999999996
71,lp_demand_vickrey_raw_coarse_wtp,9.0,9.0,0.0,0.0,9.0,9.0,0.0,0.0
71,lp_demand_vickrey_raw_fine_wtp,9.0,9.0,8.999999823960154,8.999999823960154,1.7603984581171517e-07,1.7603984581171517e-07,0.0,-6.661338147750939e-16
71,lp_integrated_supply_demand,9.0,9.0,5.190040650100672,5.190040650100672,3.8099593498993283,3.8099593498993283,0.0,0.0
72,equal_split_first_best,37.43,37.43,37.43,37.43,0.0,0.0,0.0,-4.440892098500626e-16
72,equal_split_vickrey_majority,37.43,37.43,37.43,37.43,0.0,0.0,0.0,-8.881784197001252e-16
72,equal_split_vickrey_faltings_fair,37.43,37.43,37.43,37.43,0.0,0.0,0.0,-8.881784197001252e-16
72,equal_split_vickrey_guo_2019_asymptotic,37.43,37.43,37.43,17.856666666666662,0.0,19.573333333333338,0.0,-19.573333333333338
72,equal_split_vickrey_guo_2019_finite_n,37.43,37.43,37.43,30.269999999999982,0.0,7.160000000000018,0.0,-7.160000000000016
72,lp_demand_vickrey_raw_coarse_wtp,37.43,37.43,37.42999896027778,37.42999896027778,1.0397222212077395e-06,1.0397222212077395e-06,0.0,8.881784197001252e-16
72,lp_demand_vickrey_raw_fine_wtp,37.43,37.43,37.43,37.43,0.0,0.0,0.0,-1.7763568394002505e-15
72,lp_integrated_supply_demand,37.43,37.43,37.08882736230003,37.08882736230003,0.3411726376999695,0.3411726376999695,0.0,-4.440892098500626e-16
73,equal_split_first_best,49.5,49.5,49.5,49.5,0.0,0.0,0.0,0.0
73,equal_split_vickrey_majority,49.5,49.5,49.5,49.5,0.0,0.0,0.0,0.0
73,equal_split_vickrey_faltings_fair,49.5,49.5,49.5,49.5,0.0,0.0,0.0,0.0
73,equal_split_vickrey_guo_2019_asymptotic,49.5,49.5,49.5,19.900000000000006,0.0,29.599999999999994,0.0,-29.599999999999994
73,equal_split_vickrey_guo_2019_finite_n,49.5,49.5,49.5,34.70000000000002,0.0,14.799999999999983,0.0,-14.799999999999983
73,lp_demand_vickrey_raw_coarse_wtp,49.5,49.5,49.4999987625,49.4999987625,1.2375000011388693e-06,1.2375000011388693e-06,0.0,1.7763568394002505e-15
73,lp_demand_vickrey_raw_fine_wtp,49.5,49.5,49.5,49.5,0.0,0.0,0.0,0.0
73,lp_integrated_supply_demand,49.5,49.5,48.5463297121061,48.5463297121061,0.9536702878938996,0.9536702878938996,0.0,0.0
74,equal_split_first_best,0.0,0.0,0.0,0.0,0.0,0.0,0.0,0.0
74,equal_split_vickrey_majority,0.0,0.0,0.0,0.0,0.0,0.0,0.0,0.0
74,equal_split_vickrey_faltings_fair,0.0,0.0,0.0,0.0,0.0,0.0,0.0,0.0
74,equal_split_vickrey_guo_2019_asymptotic,0.0,0.0,0.0,-153.14,0.0,153.14,0.0,-153.14
74,equal_split_vickrey_guo_2019_finite_n,0.0,0.0,0.0,0.0,0.0,0.0,0.0,0.0
74,lp_demand_vickrey_raw_coarse_wtp,0.0,0.0,-6.909999999999997,-6.910000000000004,6.909999999999997,6.910000000000004,0.0,-7.105427357601002e-15
74,lp_demand_vickrey_raw_fine_wtp,0.0,0.0,-6.909999999999997,-6.9099999999999895,6.909999999999997,6.9099999999999895,0.0,7.105427357601002e-15
74,lp_integrated_supply_demand,0.0,0.0,-17.408077664402803,-17.408077664402803,17.408077664402803,17.408077664402803,0.0,0.0
75,equal_split_first_best,41.830000000000005,41.830000000000005,41.830000000000005,41.830000000000005,0.0,0.0,0.0,1.7763568394002505e-15
75,equal_split_vickrey_majority,41.830000000000005,41.830000000000005,41.830000000000005,41.830000000000005,0.0,0.0,0.0,1.7763568394002505e-15
75,equal_split_vickrey_faltings_fair,41.830000000000005,41.830000000000005,41.830000000000005,41.830000000000005,0.0,0.0,0.0,1.7763568394002505e-15
75,equal_split_vickrey_guo_2019_asymptotic,41.830000000000005,41.830000000000005,41.830000000000005,13.610000000000014,0.0,28.21999999999999,0.0,-28.21999999999999
75,equal_split_vickrey_guo_2019_finite_n,41.830000000000005,41.830000000000005,41.830000000000005,28.39500000000003,0.0,13.434999999999974,0.0,-13.434999999999974
75,lp_demand_vickrey_raw_coarse_wtp,41.830000000000005,41.830000000000005,41.82999895425,41.82999895425,1.04575000392515e-06,1.04575000392515e-06,0.0,0.0
75,lp_demand_vickrey_raw_fine_wtp,41.830000000000005,41.830000000000005,41.830000000000005,41.830000000000005,0.0,0.0,0.0,1.7763568394002505e-15
75,lp_integrated_supply_demand,41.830000000000005,41.830000000000005,40.13379013323424,40.13379013323424,1.6962098667657628,1.6962098667657628,0.0,0.0
76,equal_split_first_best,10.149999999999999,10.149999999999999,10.149999999999999,10.149999999999999,0.0,0.0,0.0,-4.440892098500626e-16
76,equal_split_vickrey_majority,10.149999999999999,10.149999999999999,10.149999999999999,10.149999999999999,0.0,0.0,0.0,0.0
76,equal_split_vickrey_faltings_fair,10.149999999999999,10.149999999999999,10.149999999999999,10.149999999999999,0.0,0.0,0.0,0.0
76,equal_split_vickrey_guo_2019_asymptotic,10.149999999999999,10.149999999999999,10.149999999999999,2.52333333333333,0.0,7.626666666666669,0.0,-7.626666666666669
76,equal_split_vickrey_guo_2019_finite_n,10.149999999999999,10.149999999999999,10.149999999999999,7.329999999999998,0.0,2.8200000000000003,0.0,-2.8200000000000003
76,lp_demand_vickrey_raw_coarse_wtp,10.149999999999999,10.149999999999999,0.0,0.0,10.149999999999999,10.149999999999999,0.0,0.0
76,lp_demand_vickrey_raw_fine_wtp,10.149999999999999,10.149999999999999,10.14999974136306,10.14999974136306,2.586369394208532e-07,2.586369394208532e-07,0.0,6.661338147750939e-16
76,lp_integrated_supply_demand,10.149999999999999,10.149999999999999,4.812108475414635,4.812108475414635,5.3378915245853635,5.3378915245853635,0.0,0.0
77,equal_split_first_best,86.5,86.5,86.5,86.5,0.0,0.0,0.0,8.881784197001252e-16
77,equal_split_vickrey_majority,86.5,86.5,86.5,86.5,0.0,0.0,0.0,1.7763568394002505e-15
77,equal_split_vickrey_faltings_fair,86.5,86.5,86.5,86.5,0.0,0.0,0.0,1.7763568394002505e-15
77,equal_split_vickrey_guo_2019_asymptotic,86.5,86.5,86.5,62.41999999999999,0.0,24.080000000000013,0.0,-24.080000000000016
77,equal_split_vickrey_guo_2019_finite_n,86.5,86.5,86.5,74.45999999999998,0.0,12.04000000000002,0.0,-12.040000000000017
77,lp_demand_vickrey_raw_coarse_wtp,86.5,86.5,86.4999989702381,86.4999989702381,1.029761904192128e-06,1.029761904192128e-06,0.0,0.0
77,lp_demand_vickrey_raw_fine_wtp,86.5,86.5,86.5,86.5,0.0,0.0,0.0,-1.7763568394002505e-15
77,lp_integrated_supply_demand,86.5,86.5,85.98861815075024,85.98861815075024,0.5113818492497586,0.5113818492497586,0.0,4.440892098500626e-16
78,equal_split_first_best,7.450000000000003,7.450000000000003,7.450000000000003,7.45000000000001,0.0,-7.105427357601002e-15,0.0,7.105427357601002e-15
78,equal_split_vickrey_majority,7.450000000000003,7.450000000000003,7.450000000000003,7.449999999999996,0.0,7.105427357601002e-15,0.0,-7.105427357601002e-15
78,equal_split_vickrey_faltings_fair,7.450000000000003,7.450000000000003,4.966666666666669,4.966666666666663,2.4833333333333343,2.4833333333333396,0.0,-5.329070518200751e-15
78,equal_split_vickrey_guo_2019_asymptotic,7.450000000000003,7.450000000000003,7.450000000000003,-96.25000000000001,0.0,103.70000000000002,0.0,-103.70000000000002
78,equal_split_vickrey_guo_2019_finite_n,7.450000000000003,7.450000000000003,7.450000000000003,5.753333333333366,0.0,1.696666666666637,0.0,-1.696666666666637
78,lp_demand_vickrey_raw_coarse_wtp,7.450000000000003,7.450000000000003,7.450000000000003,7.449999999999996,0.0,7.105427357601002e-15,0.0,-7.105427357601002e-15
78,lp_demand_vickrey_raw_fine_wtp,7.450000000000003,7.450000000000003,7.450000000000003,7.449999999999996,0.0,7.105427357601002e-15,0.0,-7.105427357601002e-15
78,lp_integrated_supply_demand,7.450000000000003,7.450000000000003,1.8797473653605605,1.8797473653605605,5.570252634639442,5.570252634639442,0.0,0.0
79,equal_split_first_best,2.4299999999999997,2.4299999999999997,2.4299999999999997,2.4299999999999997,0.0,0.0,0.0,0.0
79,equal_split_vickrey_majority,2.4299999999999997,2.4299999999999997,0.0,0.0,2.4299999999999997,2.4299999999999997,0.0,0.0
79,equal_split_vickrey_faltings_fair,2.4299999999999997,2.4299999999999997,1.6199999999999997,1.6199999999999926,0.81,0.8100000000000072,0.0,-7.105427357601002e-15
79,equal_split_vickrey_guo_2019_asymptotic,2.4299999999999997,2.4299999999999997,2.4299999999999997,-101.63000000000002,0.0,104.06000000000003,0.0,-104.06000000000002
79,equal_split_vickrey_guo_2019_finite_n,2.4299999999999997,2.4299999999999997,2.4299999999999997,-6.593333333333312,0.0,9.023333333333312,0.0,-9.023333333333312
79,lp_demand_vickrey_raw_coarse_wtp,2.4299999999999997,2.4299999999999997,2.4299999999999997,2.4299999999999926,0.0,7.105427357601002e-15,0.0,-7.105427357601002e-15
79,lp_demand_vickrey_raw_fine_wtp,2.4299999999999997,2.4299999999999997,2.4299999999999997,2.4299999999999926,0.0,7.105427357601002e-15,0.0,-7.105427357601002e-15
79,lp_integrated_supply_demand,2.4299999999999997,2.4299999999999997,-0.47576699610657625,-0.47576699610657625,2.9057669961065757,2.9057669961065757,0.0,0.0
80,equal_split_first_best,89.78,89.78,89.78,89.78,0.0,0.0,0.0,0.0
80,equal_split_vickrey_majority,89.78,89.78,89.78,89.78,0.0,0.0,0.0,0.0
80,equal_split_vickrey_faltings_fair,89.78,89.78,89.78,89.78,0.0,0.0,0.0,0.0
80,equal_split_vickrey_guo_2019_asymptotic,89.78,89.78,89.78,56.07999999999999,0.0,33.70000000000001,0.0,-33.70000000000001
80,equal_split_vickrey_guo_2019_finite_n,89.78,89.78,89.78,72.93,0.0,16.849999999999994,0.0,-16.85
80,lp_demand_vickrey_raw_coarse_wtp,89.78,89.78,89.78,89.78,0.0,0.0,0.0,-8.881784197001252e-16
80,lp_demand_vickrey_raw_fine_wtp,89.78,89.78,89.78,89.78,0.0,0.0,0.0,0.0
80,lp_integrated_supply_demand,89.78,89.78,87.57499953255609,87.57499953255609,2.2050004674439094,2.2050004674439094,0.0,0.0
81,equal_split_first_best,41.54,41.54,41.54,41.54,0.0,0.0,0.0,0.0
81,equal_split_vickrey_majority,41.54,41.54,41.54,41.54,0.0,0.0,0.0,0.0
81,equal_split_vickrey_faltings_fair,41.54,41.54,41.54,41.54,0.0,0.0,0.0,0.0
81,equal_split_vickrey_guo_2019_asymptotic,41.54,41.54,41.54,10.693333333333332,0.0,30.846666666666668,0.0,-30.846666666666668
81,equal_split_vickrey_guo_2019_finite_n,41.54,41.54,41.54,29.09999999999999,0.0,12.440000000000008,0.0,-12.440000000000008
81,lp_demand_vickrey_raw_coarse_wtp,41.54,41.54,41.54,41.54,0.0,0.0,0.0,0.0
81,lp_demand_vickrey_raw_fine_wtp,41.54,41.54,41.54,41.54,0.0,0.0,0.0,-1.7763568394002505e-15
81,lp_integrated_supply_demand,41.54,41.54,40.06618934290237,40.06618934290237,1.47381065709763,1.47381065709763,0.0,0.0
82,equal_split_first_best,94.23,94.23,94.23,94.23,0.0,0.0,0.0,-8.881784197001252e-16
82,equal_split_vickrey_majority,94.23,94.23,94.23,94.23,0.0,0.0,0.0,-1.7763568394002505e-15
82,equal_split_vickrey_faltings_fair,94.23,94.23,94.23,94.23,0.0,0.0,0.0,0.0
82,equal_split_vickrey_guo_2019_asymptotic,94.23,94.23,94.23,61.849999999999966,0.0,32.38000000000004,0.0,-32.38000000000004
82,equal_split_vickrey_guo_2019_finite_n,94.23,94.23,94.23,78.04,0.0,16.189999999999998,0.0,-16.19
82,lp_demand_vickrey_raw_coarse_wtp,94.23,94.23,94.22999865385712,94.22999865385712,1.3461428807204356e-06,1.3461428807204356e-06,0.0,0.0
82,lp_demand_vickrey_raw_fine_wtp,94.23,94.23,94.23,94.23,0.0,0.0,0.0,-1.7763568394002505e-15
82,lp_integrated_supply_demand,94.23,94.23,90.37978418910521,90.37978418910521,3.8502158108947953,3.8502158108947953,0.0,0.0
83,equal_split_first_best,93.09,93.09,93.09,93.09,0.0,0.0,0.0,0.0
83,equal_split_vickrey_majority,93.09,93.09,93.09,93.09,0.0,0.0,0.0,-1.7763568394002505e-15
83,equal_split_vickrey_faltings_fair,93.09,93.09,93.09,93.09,0.0,0.0,0.0,-1.7763568394002505e-15
83,equal_split_vickrey_guo_2019_asymptotic,93.09,93.09,93.09,51.030000000000044,0.0,42.05999999999996,0.0,-42.05999999999996
83,equal_split_vickrey_guo_2019_finite_n,93.09,93.09,93.09,72.06,0.0,21.03,0.0,-21.029999999999998
83,lp_demand_vickrey_raw_coarse_wtp,93.09,93.09,93.09,93.09,0.0,0.0,0.0,-8.881784197001252e-16
83,lp_demand_vickrey_raw_fine_wtp,93.09,93.09,93.09,93.09,0.0,0.0,0.0,0.0
83,lp_integrated_supply_demand,93.09,93.09,90.13571669627771,90.13571669627771,2.954283303722292,2.954283303722292,0.0,0.0
84,equal_split_first_best,24.540000000000006,24.540000000000006,24.540000000000006,24.540000000000006,0.0,0.0,0.0,8.881784197001252e-16
84,equal_split_vickrey_majority,24.540000000000006,24.540000000000006,24.540000000000006,24.540000000000006,0.0,0.0,0.0,1.7763568394002505e-15
84,equal_split_vickrey_faltings_fair,24.540000000000006,24.540000000000006,24.540000000000006,24.54000000000001,0.0,-3.552713678800501e-15,0.0,3.552713678800501e-15
84,equal_split_vickrey_guo_2019_asymptotic,24.540000000000006,24.540000000000006,24.540000000000006,1.7600000000000193,0.0,22.779999999999987,0.0,-22.779999999999987
84,equal_split_vickrey_guo_2019_finite_n,24.540000000000006,24.540000000000006,24.540000000000006,15.5,0.0,9.040000000000006,0.0,-9.040000000000006
84,lp_demand_vickrey_raw_coarse_wtp,24.540000000000006,24.540000000000006,24.53999931833334,24.539999318333344,6.816666662246007e-07,6.81666662671887e-07,0.0,1.7763568394002505e-15
84,lp_demand_vickrey_raw_fine_wtp,24.540000000000006,24.540000000000006,24.540000000000006,24.540000000000003,0.0,3.552713678800501e-15,0.0,-2.6645352591003757e-15
84,lp_integrated_supply_demand,24.540000000000006,24.540000000000006,22.943332418323305,22.943332418323305,1.5966675816767015,1.5966675816767015,0.0,0.0
85,equal_split_first_best,27.380000000000003,27.380000000000003,27.380000000000003,27.380000000000003,0.0,0.0,0.0,-8.881784197001252e-16
85,equal_split_vickrey_majority,27.380000000000003,27.380000000000003,27.380000000000003,27.380000000000003,0.0,0.0,0.0,0.0
85,equal_split_vickrey_faltings_fair,27.380000000000003,27.380000000000003,27.380000000000003,27.380000000000003,0.0,0.0,0.0,0.0
85,equal_split_vickrey_guo_2019_asymptotic,27.380000000000003,27.380000000000003,27.380000000000003,7.813333333333333,0.0,19.56666666666667,0.0,-19.56666666666667
85,equal_split_vickrey_guo_2019_finite_n,27.380000000000003,27.380000000000003,27.380000000000003,19.169999999999995,0.0,8.210000000000008,0.0,-8.210000000000008
85,lp_demand_vickrey_raw_coarse_wtp,27.380000000000003,27.380000000000003,27.37999939155556,27.37999939155556,6.084444414966583e-07,6.084444414966583e-07,0.0,-1.3322676295501878e-15
85,lp_demand_vickrey_raw_fine_wtp,27.380000000000003,27.380000000000003,27.380000000000003,27.380000000000003,0.0,0.0,0.0,8.881784197001252e-16
85,lp_integrated_supply_demand,27.380000000000003,27.380000000000003,23.179999075551393,23.179999075551393,4.200000924448609,4.200000924448609,0.0,0.0
86,equal_split_first_best,13.570000000000002,13.570000000000002,13.570000000000002,13.570000000000002,0.0,0.0,0.0,4.440892098500626e-16
86,equal_split_vickrey_majority,13.570000000000002,13.570000000000002,13.570000000000002,13.570000000000002,0.0,0.0,0.0,4.440892098500626e-16
86,equal_split_vickrey_faltings_fair,13.570000000000002,13.570000000000002,13.570000000000002,13.570000000000002,0.0,0.0,0.0,4.440892098500626e-16
86,equal_split_vickrey_guo_2019_asymptotic,13.570000000000002,13.570000000000002,13.570000000000002,6.55666666666667,0.0,7.013333333333332,0.0,-7.013333333333332
86,equal_split_vickrey_guo_2019_finite_n,13.570000000000002,13.570000000000002,13.570000000000002,10.490000000000002,0.0,3.08,0.0,-3.0800000000000005
86,lp_demand_vickrey_raw_coarse_wtp,13.570000000000002,13.570000000000002,13.569999773833336,13.569999773833336,2.2616666583985534e-07,2.2616666583985534e-07,0.0,-4.440892098500626e-16
86,lp_demand_vickrey_raw_fine_wtp,13.570000000000002,13.570000000000002,13.569999819850423,13.569999819850423,1.8014957881007376e-07,1.8014957881007376e-07,0.0,2.220446049250313e-16
86,lp_integrated_supply_demand,13.570000000000002,13.570000000000002,13.406364350964662,13.406364350964662,0.16363564903534034,0.16363564903534034,0.0,0.0
87,equal_split_first_best,50.599999999999994,50.599999999999994,50.599999999999994,50.599999999999994,0.0,0.0,0.0,0.0
87,equal_split_vickrey_majority,50.599999999999994,50.599999999999994,50.599999999999994,50.599999999999994,0.0,0.0,0.0,0.0
87,equal_split_vickrey_faltings_fair,50.599999999999994,50.599999999999994,50.599999999999994,50.599999999999994,0.0,0.0,0.0,0.0
87,equal_split_vickrey_guo_2019_asymptotic,50.599999999999994,50.599999999999994,50.599999999999994,22.15999999999999,0.0,28.440000000000005,0.0,-28.440000000000005
87,equal_split_vickrey_guo_2019_finite_n,50.599999999999994,50.599999999999994,50.599999999999994,36.37999999999999,0.0,14.220000000000006,0.0,-14.220000000000006
87,lp_demand_vickrey_raw_coarse_wtp,50.599999999999994,50.599999999999994,50.59999873499999,50.59999873499999,1.2650000016378726e-06,1.2650000016378726e-06,0.0,1.7763568394002505e-15
87,lp_demand_vickrey_raw_fine_wtp,50.599999999999994,50.599999999999994,50.599999999999994,50.599999999999994,0.0,0.0,0.0,8.881784197001252e-16
87,lp_integrated_supply_demand,50.599999999999994,50.599999999999994,47.99561050757836,47.99561050757836,2.6043894924216318,2.6043894924216318,0.0,0.0
88,equal_split_first_best,18.840000000000003,18.840000000000003,18.840000000000003,18.840000000000003,0.0,0.0,0.0,-1.7763568394002505e-15
88,equal_split_vickrey_majority,18.840000000000003,18.840000000000003,18.840000000000003,18.840000000000003,0.0,0.0,0.0,0.0
88,equal_split_vickrey_faltings_fair,18.840000000000003,18.840000000000003,18.840000000000003,18.840000000000003,0.0,0.0,0.0,0.0
88,equal_split_vickrey_guo_2019_asymptotic,18.840000000000003,18.840000000000003,18.840000000000003,-2.293333333333326,0.0,21.13333333333333,0.0,-21.13333333333333
88,equal_split_vickrey_guo_2019_finite_n,18.840000000000003,18.840000000000003,18.840000000000003,16.595000000000006,0.0,2.2449999999999974,0.0,-2.2449999999999974
88,lp_demand_vickrey_raw_coarse_wtp,18.840000000000003,18.840000000000003,18.839999058000004,18.839999058000004,9.419999997817285e-07,9.419999997817285e-07,0.0,0.0
88,lp_demand_vickrey_raw_fine_wtp,18.840000000000003,18.840000000000003,18.840000000000003,18.840000000000003,0.0,0.0,0.0,0.0
88,lp_integrated_supply_demand,18.840000000000003,18.840000000000003,17.336787663695333,17.336787663695333,1.5032123363046708,1.5032123363046708,0.0,0.0
89,equal_split_first_best,27.669999999999998,27.669999999999998,27.669999999999998,27.669999999999998,0.0,0.0,0.0,0.0
89,equal_split_vickrey_majority,27.669999999999998,27.669999999999998,27.669999999999998,27.67,0.0,-3.552713678800501e-15,0.0,1.7763568394002505e-15
89,equal_split_vickrey_faltings_fair,27.669999999999998,27.669999999999998,27.669999999999998,27.67,0.0,-3.552713678800501e-15,0.0,1.7763568394002505e-15
89,equal_split_vickrey_guo_2019_asymptotic,27.669999999999998,27.669999999999998,27.669999999999998,2.95666666666666,0.0,24.71333333333334,0.0,-24.71333333333334
89,equal_split_vickrey_guo_2019_finite_n,27.669999999999998,27.669999999999998,27.669999999999998,19.154999999999994,0.0,8.515000000000004,0.0,-8.515000000000006
89,lp_demand_vickrey_raw_coarse_wtp,27.669999999999998,27.669999999999998,27.669999077666663,27.669999077666667,9.223333350405483e-07,9.223333314878346e-07,0.0,1.7763568394002505e-15
89,lp_demand_vickrey_raw_fine_wtp,27.669999999999998,27.669999999999998,27.669999999999998,27.669999999999998,0.0,0.0,0.0,8.881784197001252e-16
89,lp_integrated_supply_demand,27.669999999999998,27.669999999999998,26.50999894274665,26.50999894274665,1.16000105725335,1.16000105725335,0.0,0.0
90,equal_split_first_best,26.630000000000003,26.630000000000003,26.630000000000003,26.630000000000003,0.0,0.0,0.0,8.881784197001252e-16
90,equal_split_vickrey_majority,26.630000000000003,26.630000000000003,26.630000000000003,26.630000000000003,0.0,0.0,0.0,0.0
90,equal_split_vickrey_faltings_fair,26.630000000000003,26.630000000000003,26.630000000000003,26.630000000000003,0.0,0.0,0.0,0.0
90,equal_split_vickrey_guo_2019_asymptotic,26.630000000000003,26.630000000000003,26.630000000000003,8.52333333333334,0.0,18.106666666666662,0.0,-18.106666666666662
90,equal_split_vickrey_guo_2019_finite_n,26.630000000000003,26.630000000000003,26.630000000000003,19.92000000000001,0.0,6.709999999999994,0.0,-6.709999999999994
90,lp_demand_vickrey_raw_coarse_wtp,26.630000000000003,26.630000000000003,26.629999112333337,26.629999112333337,8.876666655055487e-07,8.876666655055487e-07,0.0,-1.7763568394002505e-15
90,lp_demand_vickrey_raw_fine_wtp,26.630000000000003,26.630000000000003,26.630000000000003,26.630000000000003,0.0,0.0,0.0,8.881784197001252e-16
90,lp_integrated_supply_demand,26.630000000000003,26.630000000000003,25.41857839133519,25.41857839133519,1.2114216086648142,1.2114216086648142,0.0,0.0
91,equal_split_first_best,92.04,92.04,92.04,92.04,0.0,0.0,0.0,-8.881784197001252e-16
91,equal_split_vickrey_majority,92.04,92.04,92.04,92.04,0.0,0.0,0.0,0.0
91,equal_split_vickrey_faltings_fair,92.04,92.04,92.04,92.04,0.0,0.0,0.0,0.0
91,equal_split_vickrey_guo_2019_asymptotic,92.04,92.04,92.04,58.36,0.0,33.68000000000001,0.0,-33.68000000000001
91,equal_split_vickrey_guo_2019_finite_n,92.04,92.04,92.04,75.20000000000002,0.0,16.83999999999999,0.0,-16.839999999999982
91,lp_demand_vickrey_raw_coarse_wtp,92.04,92.04,92.04,92.04,0.0,0.0,0.0,-1.7763568394002505e-15
91,lp_demand_vickrey_raw_fine_wtp,92.04,92.04,92.04,92.04,0.0,0.0,0.0,-1.7763568394002505e-15
91,lp_integrated_supply_demand,92.04,92.04,89.5428330148265,89.5428330148265,2.497166985173507,2.497166985173507,0.0,0.0
92,equal_split_first_best,50.55,50.55,50.55,50.55,0.0,0.0,0.0,-1.7763568394002505e-15
92,equal_split_vickrey_majority,50.55,50.55,50.55,50.55,0.0,0.0,0.0,-1.7763568394002505e-15
92,equal_split_vickrey_faltings_fair,50.55,50.55,50.55,50.55,0.0,0.0,0.0,-1.7763568394002505e-15
92,equal_split_vickrey_guo_2019_asymptotic,50.55,50.55,50.55,17.37666666666665,0.0,33.173333333333346,0.0,-33.173333333333346
92,equal_split_vickrey_guo_2019_finite_n,50.55,50.55,50.55,38.349999999999994,0.0,12.200000000000003,0.0,-12.200000000000006
92,lp_demand_vickrey_raw_coarse_wtp,50.55,50.55,50.55,50.55,0.0,0.0,0.0,8.881784197001252e-16
92,lp_demand_vickrey_raw_fine_wtp,50.55,50.55,50.55,50.55,0.0,0.0,0.0,1.7763568394002505e-15
92,lp_integrated_supply_demand,50.55,50.55,45.93477402785461,45.93477402785461,4.615225972145389,4.615225972145389,0.0,0.0
93,equal_split_first_best,81.78,81.78,81.78,81.78,0.0,0.0,0.0,0.0
93,equal_split_vickrey_majority,81.78,81.78,81.78,81.78,0.0,0.0,0.0,-1.7763568394002505e-15
93,equal_split_vickrey_faltings_fair,81.78,81.78,81.78,81.78,0.0,0.0,0.0,-1.7763568394002505e-15
93,equal_split_vickrey_guo_2019_asymptotic,81.78,81.78,81.78,52.959999999999994,0.0,28.820000000000007,0.0,-28.820000000000004
93,equal_split_vickrey_guo_2019_finite_n,81.78,81.78,81.78,67.37,0.0,14.409999999999997,0.0,-14.409999999999993
93,lp_demand_vickrey_raw_coarse_wtp,81.78,81.78,81.77999863699976,81.77999863699976,1.3630002371201044e-06,1.3630002371201044e-06,0.0,-8.881784197001252e-16
93,lp_demand_vickrey_raw_fine_wtp,81.78,81.78,81.78,81.78,0.0,0.0,0.0,-2.6645352591003757e-15
93,lp_integrated_supply_demand,81.78,81.78,77.20520137891657,77.20520137891657,4.574798621083431,4.574798621083431,0.0,-2.7755575615628914e-17
94,equal_split_first_best,27.370000000000005,27.370000000000005,27.370000000000005,27.370000000000005,0.0,0.0,0.0,-8.881784197001252e-16
94,equal_split_vickrey_majority,27.370000000000005,27.370000000000005,27.370000000000005,27.370000000000005,0.0,0.0,0.0,8.881784197001252e-16
94,equal_split_vickrey_faltings_fair,27.370000000000005,27.370000000000005,27.370000000000005,27.370000000000005,0.0,0.0,0.0,0.0
94,equal_split_vickrey_guo_2019_asymptotic,27.370000000000005,27.370000000000005,27.370000000000005,9.88333333333334,0.0,17.486666666666665,0.0,-17.486666666666665
94,equal_split_vickrey_guo_2019_finite_n,27.370000000000005,27.370000000000005,27.370000000000005,20.335,0.0,7.035000000000004,0.0,-7.0350000000000055
94,lp_demand_vickrey_raw_coarse_wtp,27.370000000000005,27.370000000000005,27.369999391777785,27.369999391777785,6.082222192560494e-07,6.082222192560494e-07,0.0,-4.440892098500626e-16
94,lp_demand_vickrey_raw_fine_wtp,27.370000000000005,27.370000000000005,27.370000000000005,27.370000000000005,0.0,0.0,0.0,0.0
94,lp_integrated_supply_demand,27.370000000000005,27.370000000000005,26.29999895112173,26.29999895112173,1.0700010488782752,1.0700010488782752,0.0,0.0
95,equal_split_first_best,19.93,19.93,19.93,19.930000000000003,0.0,-3.552713678800501e-15,0.0,3.552713678800501e-15
95,equal_split_vickrey_majority,19.93,19.93,19.93,19.93,0.0,0.0,0.0,0.0
95,equal_split_vickrey_faltings_fair,19.93,19.93,13.286666666666665,13.286666666666664,6.643333333333334,6.643333333333336,0.0,-1.7763568394002505e-15
95,equal_split_vickrey_guo_2019_asymptotic,19.93,19.93,19.93,-89.25,0.0,109.18,0.0,-109.18
95,equal_split_vickrey_guo_2019_finite_n,19.93,19.93,19.93,13.883333333333333,0.0,6.046666666666667,0.0,-6.046666666666667
95,lp_demand_vickrey_raw_coarse_wtp,19.93,19.93,19.93,19.93,0.0,0.0,0.0,0.0
95,lp_demand_vickrey_raw_fine_wtp,19.93,19.93,19.93,19.929999999999993,0.0,7.105427357601002e-15,0.0,-7.105427357601002e-15
95,lp_integrated_supply_demand,19.93,19.93,10.060203668123338,10.060203668123338,9.869796331876662,9.869796331876662,0.0,0.0
96,equal_split_first_best,35.08,35.08,35.08,35.08,0.0,0.0,0.0,0.0
96,equal_split_vickrey_majority,35.08,35.08,35.08,35.08,0.0,0.0,0.0,0.0
96,equal_split_vickrey_faltings_fair,35.08,35.08,35.08,35.08,0.0,0.0,0.0,0.0
96,equal_split_vickrey_guo_2019_asymptotic,35.08,35.08,35.08,9.193333333333332,0.0,25.886666666666667,0.0,-25.886666666666667
96,equal_split_vickrey_guo_2019_finite_n,35.08,35.08,35.08,22.84000000000001,0.0,12.239999999999988,0.0,-12.239999999999988
96,lp_demand_vickrey_raw_coarse_wtp,35.08,35.08,35.07999902555556,35.07999902555556,9.74444439805211e-07,9.74444439805211e-07,0.0,1.7763568394002505e-15
96,lp_demand_vickrey_raw_fine_wtp,35.08,35.08,35.08,35.08,0.0,0.0,0.0,0.0
96,lp_integrated_supply_demand,35.08,35.08,30.17666546318187,30.17666546318187,4.903334536818129,4.903334536818129,0.0,0.0
97,equal_split_first_best,27.33,27.33,27.33,27.33,0.0,0.0,0.0,0.0
97,equal_split_vickrey_majority,27.33,27.33,27.33,27.33,0.0,0.0,0.0,-1.7763568394002505e-15
97,equal_split_vickrey_faltings_fair,27.33,27.33,27.33,27.33,0.0,0.0,0.0,-1.7763568394002505e-15
97,equal_split_vickrey_guo_2019_asymptotic,27.33,27.33,27.33,0.6566666666666627,0.0,26.673333333333336,0.0,-26.673333333333336
97,equal_split_vickrey_guo_2019_finite_n,27.33,27.33,27.33,17.274999999999984,0.0,10.055000000000014,0.0,-10.055000000000014
97,lp_demand_vickrey_raw_coarse_wtp,27.33,27.33,27.329999088999994,27.329999088999998,9.110000043222044e-07,9.110000007694907e-07,0.0,1.7763568394002505e-15
97,lp_demand_vickrey_raw_fine_wtp,27.33,27.33,27.33,27.33,0.0,0.0,0.0,-8.881784197001252e-16
97,lp_integrated_supply_demand,27.33,27.33,25.323332323405793,25.323332323405793,2.006667676594205,2.006667676594205,0.0,0.0
98,equal_split_first_best,16.96,16.96,16.96,16.96,0.0,0.0,0.0,1.7763568394002505e-15
98,equal_split_vickrey_majority,16.96,16.96,16.96,16.96,0.0,0.0,0.0,-1.7763568394002505e-15
98,equal_split_vickrey_faltings_fair,16.96,16.96,16.96,16.96,0.0,0.0,0.0,-1.7763568394002505e-15
98,equal_split_vickrey_guo_2019_asymptotic,16.96,16.96,16.96,-8.786666666666658,0.0,25.74666666666666,0.0,-25.74666666666666
98,equal_split_vickrey_guo_2019_finite_n,16.96,16.96,16.96,15.233333333333325,0.0,1.7266666666666755,0.0,-1.7266666666666755
98,lp_demand_vickrey_raw_coarse_wtp,16.96,16.96,16.96,16.96,0.0,0.0,0.0,-1.7763568394002505e-15
98,lp_demand_vickrey_raw_fine_wtp,16.96,16.96,16.96,16.96,0.0,0.0,0.0,-8.881784197001252e-16
98,lp_integrated_supply_demand,16.96,16.96,12.593332831094788,12.593332831094788,4.366667168905213,4.366667168905213,0.0,0.0
99,equal_split_first_best,16.409999999999997,16.409999999999997,16.409999999999997,16.409999999999997,0.0,0.0,0.0,-8.881784197001252e-16
99,equal_split_vickrey_majority,16.409999999999997,16.409999999999997,16.409999999999997,16.409999999999997,0.0,0.0,0.0,1.7763568394002505e-15
99,equal_split_vickrey_faltings_fair,16.409999999999997,16.409999999999997,16.409999999999997,16.409999999999997,0.0,0.0,0.0,1.7763568394002505e-15
99,equal_split_vickrey_guo_2019_asymptotic,16.409999999999997,16.409999999999997,16.409999999999997,-2.283333333333335,0.0,18.69333333333333,0.0,-18.69333333333333
99,equal_split_vickrey_guo_2019_finite_n,16.409999999999997,16.409999999999997,16.409999999999997,14.211666666666659,0.0,2.1983333333333377,0.0,-2.1983333333333377
99,lp_demand_vickrey_raw_coarse_wtp,16.409999999999997,16.409999999999997,16.409998358999996,16.409998359,1.641000000773829e-06,1.6409999972211153e-06,0.0,1.7763568394002505e-15
99,lp_demand_vickrey_raw_fine_wtp,16.409999999999997,16.409999999999997,16.409999999999997,16.409999999999997,0.0,0.0,0.0,1.7763568394002505e-15
99,lp_integrated_supply_demand,16.409999999999997,16.409999999999997,10.357295485610155,10.357295485610155,6.052704514389841,6.052704514389841,0.0,0.0
100,equal_split_first_best,28.97,28.97,28.97,28.97,0.0,0.0,0.0,-8.881784197001252e-16
100,equal_split_vickrey_majority,28.97,28.97,28.97,28.97,0.0,0.0,0.0,0.0
100,equal_split_vickrey_faltings_fair,28.97,28.97,28.97,28.97,0.0,0.0,0.0,0.0
100,equal_split_vickrey_guo_2019_asymptotic,28.97,28.97,28.97,6.550000000000001,0.0,22.419999999999998,0.0,-22.419999999999998
100,equal_split_vickrey_guo_2019_finite_n,28.97,28.97,28.97,20.564999999999998,0.0,8.405000000000001,0.0,-8.405000000000001
100,lp_demand_vickrey_raw_coarse_wtp,28.97,28.97,28.96999919527778,28.96999919527778,8.047222195273207e-07,8.047222195273207e-07,0.0,0.0
100,lp_demand_vickrey_raw_fine_wtp,28.97,28.97,28.97,28.97,0.0,0.0,0.0,-8.881784197001252e-16
100,lp_integrated_supply_demand,28.97,28.97,25.76333230585802,25.76333230585802,3.206667694141977,3.206667694141977,0.0,0.0
101,equal_split_first_best,73.31,73.31,73.31,73.31,0.0,0.0,0.0,0.0
101,equal_split_vickrey_majority,73.31,73.31,73.31,73.31,0.0,0.0,0.0,0.0
101,equal_split_vickrey_faltings_fair,73.31,73.31,73.31,73.31,0.0,0.0,0.0,0.0
101,equal_split_vickrey_guo_2019_asymptotic,73.31,73.31,73.31,42.29000000000002,0.0,31.019999999999982,0.0,-31.019999999999982
101,equal_split_vickrey_guo_2019_finite_n,73.31,73.31,73.31,57.80000000000002,0.0,15.509999999999984,0.0,-15.509999999999984
101,lp_demand_vickrey_raw_coarse_wtp,73.31,73.31,73.30999877816667,73.30999877816667,1.2218333296232231e-06,1.2218333296232231e-06,0.0,1.7763568394002505e-15
101,lp_demand_vickrey_raw_fine_wtp,73.31,73.31,73.31,73.31,0.0,0.0,0.0,0.0
101,lp_integrated_supply_demand,73.31,73.31,67.87333279352488,67.87333279352488,5.436667206475121,5.436667206475121,0.0,0.0
102,equal_split_first_best,50.83,50.83,50.83,50.83,0.0,0.0,0.0,-8.881784197001252e-16
102,equal_split_vickrey_majority,50.83,50.83,50.83,50.83,0.0,0.0,0.0,-1.7763568394002505e-15
102,equal_split_vickrey_faltings_fair,50.83,50.83,50.83,50.83,0.0,0.0,0.0,-1.7763568394002505e-15
102,equal_split_vickrey_guo_2019_asymptotic,50.83,50.83,50.83,19.516666666666655,0.0,31.313333333333343,0.0,-31.313333333333343
102,equal_split_vickrey_guo_2019_finite_n,50.83,50.83,50.83,36.71499999999999,0.0,14.115000000000009,0.0,-14.115000000000006
102,lp_demand_vickrey_raw_coarse_wtp,50.83,50.83,50.83,50.83,0.0,0.0,0.0,1.7763568394002505e-15
102,lp_demand_vickrey_raw_fine_wtp,50.83,50.83,50.83,50.83,0.0,0.0,0.0,0.0
102,lp_integrated_supply_demand,50.83,50.83,48.22552079102474,48.22552079102474,2.604479208975256,2.604479208975256,0.0,0.0
103,equal_split_first_best,49.22,49.22,49.22,49.22,0.0,0.0,0.0,0.0
103,equal_split_vickrey_majority,49.22,49.22,49.22,49.22,0.0,0.0,0.0,1.7763568394002505e-15
103,equal_split_vickrey_faltings_fair,49.22,49.22,49.22,49.22,0.0,0.0,0.0,1.7763568394002505e-15
103,equal_split_vickrey_guo_2019_asymptotic,49.22,49.22,49.22,21.32000000000001,0.0,27.899999999999988,0.0,-27.899999999999988
103,equal_split_vickrey_guo_2019_finite_n,49.22,49.22,49.22,35.270000000000024,0.0,13.949999999999974,0.0,-13.949999999999978
103,lp_demand_vickrey_raw_coarse_wtp,49.22,49.22,49.219998769499995,49.219998769499995,1.2305000041124003e-06,1.2305000041124003e-06,0.0,-1.7763568394002505e-15
103,lp_demand_vickrey_raw_fine_wtp,49.22,49.22,49.22,49.22,0.0,0.0,0.0,8.881784197001252e-16
103,lp_integrated_supply_demand,49.22,49.22,47.62007085586812,47.62007085586812,1.5999291441318775,1.5999291441318775,0.0,0.0
104,equal_split_first_best,43.440000000000005,43.440000000000005,43.440000000000005,43.440000000000005,0.0,0.0,0.0,0.0
104,equal_split_vickrey_majority,43.440000000000005,43.440000000000005,43.440000000000005,43.440000000000005,0.0,0.0,0.0,0.0
104,equal_split_vickrey_faltings_fair,43.440000000000005,43.440000000000005,43.440000000000005,43.440000000000005,0.0,0.0,0.0,0.0
104,equal_split_vickrey_guo_2019_asymptotic,43.440000000000005,43.440000000000005,43.440000000000005,9.773333333333355,0.0,33.66666666666665,0.0,-33.66666666666665
104,equal_split_vickrey_guo_2019_finite_n,43.440000000000005,43.440000000000005,43.440000000000005,29.295,0.0,14.145000000000003,0.0,-14.145000000000003
104,lp_demand_vickrey_raw_coarse_wtp,43.440000000000005,43.440000000000005,43.440000000000005,43.440000000000005,0.0,0.0,0.0,0.0
104,lp_demand_vickrey_raw_fine_wtp,43.440000000000005,43.440000000000005,43.440000000000005,43.440000000000005,0.0,0.0,0.0,-1.7763568394002505e-15
104,lp_integrated_supply_demand,43.440000000000005,43.440000000000005,40.60955747702394,40.60955747702394,2.830442522976064,2.830442522976064,0.0,0.0
105,equal_split_first_best,54.190000000000005,54.190000000000005,54.190000000000005,54.190000000000005,0.0,0.0,0.0,1.7763568394002505e-15
105,equal_split_vickrey_majority,54.190000000000005,54.190000000000005,54.190000000000005,54.190000000000005,0.0,0.0,0.0,-1.7763568394002505e-15
105,equal_split_vickrey_faltings_fair,54.190000000000005,54.190000000000005,54.190000000000005,54.190000000000005,0.0,0.0,0.0,-1.7763568394002505e-15
105,equal_split_vickrey_guo_2019_asymptotic,54.190000000000005,54.190000000000005,54.190000000000005,27.410000000000014,0.0,26.77999999999999,0.0,-26.77999999999999
105,equal_split_vickrey_guo_2019_finite_n,54.190000000000005,54.190000000000005,54.190000000000005,40.80000000000001,0.0,13.389999999999993,0.0,-13.38999999999999
105,lp_demand_vickrey_raw_coarse_wtp,54.190000000000005,54.190000000000005,54.189998871041674,54.189998871041674,1.1289583312645846e-06,1.1289583312645846e-06,0.0,1.7763568394002505e-15
105,lp_demand_vickrey_raw_fine_wtp,54.190000000000005,54.190000000000005,54.190000000000005,54.190000000000005,0.0,0.0,0.0,-1.7763568394002505e-15
105,lp_integrated_supply_demand,54.190000000000005,54.190000000000005,52.609968518793565,52.609968518793565,1.58003148120644,1.58003148120644,0.0,0.0
106,equal_split_first_best,13.389999999999999,13.389999999999999,13.389999999999999,13.39,0.0,-1.7763568394002505e-15,0.0,1.7763568394002505e-15
106,equal_split_vickrey_majority,13.389999999999999,13.389999999999999,13.389999999999999,13.389999999999997,0.0,1.7763568394002505e-15,0.0,-1.7763568394002505e-15
106,equal_split_vickrey_faltings_fair,13.389999999999999,13.389999999999999,13.389999999999999,13.389999999999997,0.0,1.7763568394002505e-15,0.0,-1.7763568394002505e-15
106,equal_split_vickrey_guo_2019_asymptotic,13.389999999999999,13.389999999999999,13.389999999999999,-6.470000000000011,0.0,19.86000000000001,0.0,-19.86000000000001
106,equal_split_vickrey_guo_2019_finite_n,13.389999999999999,13.389999999999999,13.389999999999999,10.896666666666661,0.0,2.4933333333333376,0.0,-2.4933333333333376
106,lp_demand_vickrey_raw_coarse_wtp,13.389999999999999,13.389999999999999,13.389999999999999,13.39,0.0,-1.7763568394002505e-15,0.0,2.6645352591003757e-15
106,lp_demand_vickrey_raw_fine_wtp,13.389999999999999,13.389999999999999,13.389999999999999,13.389999999999999,0.0,0.0,0.0,0.0
106,lp_integrated_supply_demand,13.389999999999999,13.389999999999999,11.720858179849682,11.720858179849682,1.6691418201503172,1.6691418201503172,0.0,0.0
107,equal_split_first_best,12.1,12.1,12.1,12.1,0.0,0.0,0.0,2.220446049250313e-16
107,equal_split_vickrey_majority,12.1,12.1,12.1,12.1,0.0,0.0,0.0,4.440892098500626e-16
107,equal_split_vickrey_faltings_fair,12.1,12.1,12.1,12.1,0.0,0.0,0.0,4.440892098500626e-16
107,equal_split_vickrey_guo_2019_asymptotic,12.1,12.1,12.1,5.426666666666664,0.0,6.673333333333336,0.0,-6.673333333333336
107,equal_split_vickrey_guo_2019_finite_n,12.1,12.1,12.1,9.389999999999997,0.0,2.7100000000000026,0.0,-2.7100000000000035
107,lp_demand_vickrey_raw_coarse_wtp,12.1,12.1,12.099999798333334,12.099999798333334,2.016666655890731e-07,2.016666655890731e-07,0.0,4.440892098500626e-16
107,lp_demand_vickrey_raw_fine_wtp,12.1,12.1,12.09999983936552,12.09999983936552,1.6063447993985847e-07,1.6063447993985847e-07,0.0,0.0
107,lp_integrated_supply_demand,12.1,12.1,11.240436047005815,11.240436047005815,0.8595639529941845,0.8595639529941845,0.0,0.0
108,equal_split_first_best,55.56,55.56,55.56,55.56,0.0,0.0,0.0,-1.7763568394002505e-15
108,equal_split_vickrey_majority,55.56,55.56,55.56,55.56,0.0,0.0,0.0,0.0
108,equal_split_vickrey_faltings_fair,55.56,55.56,55.56,55.56,0.0,0.0,0.0,0.0
108,equal_split_vickrey_guo_2019_asymptotic,55.56,55.56,55.56,22.22000000000002,0.0,33.33999999999998,0.0,-33.33999999999998
108,equal_split_vickrey_guo_2019_finite_n,55.56,55.56,55.56,39.09000000000003,0.0,16.46999999999997,0.0,-16.46999999999997
108,lp_demand_vickrey_raw_coarse_wtp,55.56,55.56,55.56,55.56,0.0,0.0,0.0,0.0
108,lp_demand_vickrey_raw_fine_wtp,55.56,55.56,55.56,55.56,0.0,0.0,0.0,-8.881784197001252e-16
108,lp_integrated_supply_demand,55.56,55.56,54.9949984777843,54.9949984777843,0.5650015222157023,0.5650015222157023,0.0,0.0
109,equal_split_first_best,8.42,8.42,8.42,8.419999999999998,0.0,1.7763568394002505e-15,0.0,-8.881784197001252e-16
109,equal_split_vickrey_majority,8.42,8.42,8.42,8.42,0.0,0.0,0.0,0.0
109,equal_split_vickrey_faltings_fair,8.42,8.42,8.42,8.42,0.0,0.0,0.0,0.0
109,equal_split_vickrey_guo_2019_asymptotic,8.42,8.42,8.42,-2.9000000000000004,0.0,11.32,0.0,-11.32
109,equal_split_vickrey_guo_2019_finite_n,8.42,8.42,8.42,7.313333333333333,0.0,1.1066666666666674,0.0,-1.1066666666666674
109,lp_demand_vickrey_raw_coarse_wtp,8.42,8.42,8.419999578999999,8.419999578999999,4.2100000108291624e-07,4.2100000108291624e-07,0.0,0.0
109,lp_demand_vickrey_raw_fine_wtp,8.42,8.42,8.41999969584299,8.41999969584299,3.041570106887548e-07,3.041570106887548e-07,0.0,8.881784197001252e-16
109,lp_integrated_supply_demand,8.42,8.42,8.309026717276502,8.309026717276502,0.11097328272349749,0.11097328272349749,0.0,0.0
110,equal_split_first_best,55.51,55.51,55.51,55.51,0.0,0.0,0.0,0.0
110,equal_split_vickrey_majority,55.51,55.51,55.51,55.51,0.0,0.0,0.0,0.0
110,equal_split_vickrey_faltings_fair,55.51,55.51,55.51,55.51,0.0,0.0,0.0,0.0
110,equal_split_vickrey_guo_2019_asymptotic,55.51,55.51,55.51,22.11,0.0,33.4,0.0,-33.4
110,equal_split_vickrey_guo_2019_finite_n,55.51,55.51,55.51,38.80999999999999,0.0,16.70000000000001,0.0,-16.70000000000001
110,lp_demand_vickrey_raw_coarse_wtp,55.51,55.51,55.51,55.51,0.0,0.0,0.0,0.0
110,lp_demand_vickrey_raw_fine_wtp,55.51,55.51,55.51,55.51,0.0,0.0,0.0,-1.7763568394002505e-15
110,lp_integrated_supply_demand,55.51,55.51,52.24906344159814,52.24906344159814,3.260936558401859,3.260936558401859,0.0,0.0
111,equal_split_first_best,28.800000000000004,28.800000000000004,28.800000000000004,28.800000000000004,0.0,0.0,0.0,0.0
111,equal_split_vickrey_majority,28.800000000000004,28.800000000000004,28.800000000000004,28.800000000000004,0.0,0.0,0.0,8.881784197001252e-16
111,equal_split_vickrey_faltings_fair,28.800000000000004,28.800000000000004,28.800000000000004,28.800000000000004,0.0,0.0,0.0,1.7763568394002505e-15
111,equal_split_vickrey_guo_2019_asymptotic,28.800000000000004,28.800000000000004,28.800000000000004,11.613333333333344,0.0,17.18666666666666,0.0,-17.18666666666666
111,equal_split_vickrey_guo_2019_finite_n,28.800000000000004,28.800000000000004,28.800000000000004,22.690000000000012,0.0,6.109999999999992,0.0,-6.1099999999999905
111,lp_demand_vickrey_raw_coarse_wtp,28.800000000000004,28.800000000000004,28.799999040000003,28.799999040000003,9.600000012710552e-07,9.600000012710552e-07,0.0,-8.881784197001252e-16
111,lp_demand_vickrey_raw_fine_wtp,28.800000000000004,28.800000000000004,28.800000000000004,28.800000000000004,0.0,0.0,0.0,0.0
111,lp_integrated_supply_demand,28.800000000000004,28.800000000000004,25.799054955138217,25.799054955138217,3.000945044861787,3.000945044861787,0.0,0.0
112,equal_split_first_best,25.230000000000004,25.230000000000004,25.230000000000004,25.230000000000004,0.0,0.0,0.0,8.881784197001252e-16
112,equal_split_vickrey_majority,25.230000000000004,25.230000000000004,25.230000000000004,25.230000000000004,0.0,0.0,0.0,0.0
112,equal_split_vickrey_faltings_fair,25.230000000000004,25.230000000000004,25.230000000000004,25.230000000000004,0.0,0.0,0.0,0.0
112,equal_split_vickrey_guo_2019_asymptotic,25.230000000000004,25.230000000000004,25.230000000000004,4.403333333333347,0.0,20.826666666666657,0.0,-20.826666666666657
112,equal_split_vickrey_guo_2019_finite_n,25.230000000000004,25.230000000000004,25.230000000000004,16.910000000000007,0.0,8.319999999999997,0.0,-8.319999999999997
112,lp_demand_vickrey_raw_coarse_wtp,25.230000000000004,25.230000000000004,25.22999929916667,25.22999929916667,7.008333327007676e-07,7.008333327007676e-07,0.0,8.881784197001252e-16
112,lp_demand_vickrey_raw_fine_wtp,25.230000000000004,25.230000000000004,25.230000000000004,25.230000000000004,0.0,0.0,0.0,-8.881784197001252e-16
112,lp_integrated_supply_demand,25.230000000000004,25.230000000000004,24.526665688511237,24.526665688511237,0.7033343114887671,0.7033343114887671,0.0,0.0
113,equal_split_first_best,30.15,30.15,30.15,30.15,0.0,0.0,0.0,0.0
113,equal_split_vickrey_majority,30.15,30.15,30.15,30.15,0.0,0.0,0.0,-8.881784197001252e-16
113,equal_split_vickrey_faltings_fair,30.15,30.15,30.15,30.15,0.0,0.0,0.0,0.0
113,equal_split_vickrey_guo_2019_asymptotic,30.15,30.15,30.15,11.936666666666653,0.0,18.213333333333345,0.0,-18.213333333333345
113,equal_split_vickrey_guo_2019_finite_n,30.15,30.15,30.15,22.769999999999982,0.0,7.380000000000017,0.0,-7.380000000000015
113,lp_demand_vickrey_raw_coarse_wtp,30.15,30.15,30.149998995,30.149998995,1.0049999978889446e-06,1.0049999978889446e-06,0.0,-4.440892098500626e-16
113,lp_demand_vickrey_raw_fine_wtp,30.15,30.15,30.15,30.15,0.0,0.0,0.0,8.881784197001252e-16
113,lp_integrated_supply_demand,30.15,30.15,28.41734198915812,28.41734198915812,1.7326580108418774,1.7326580108418774,0.0,0.0
114,equal_split_first_best,63.040000000000006,63.040000000000006,63.040000000000006,63.040000000000006,0.0,0.0,0.0,8.881784197001252e-16
114,equal_split_vickrey_majority,63.040000000000006,63.040000000000006,63.040000000000006,63.040000000000006,0.0,0.0,0.0,0.0
114,equal_split_vickrey_faltings_fair,63.040000000000006,63.040000000000006,63.040000000000006,63.040000000000006,0.0,0.0,0.0,0.0
114,equal_split_vickrey_guo_2019_asymptotic,63.040000000000006,63.040000000000006,63.040000000000006,32.44000000000002,0.0,30.599999999999987,0.0,-30.599999999999987
114,equal_split_vickrey_guo_2019_finite_n,63.040000000000006,63.040000000000006,63.040000000000006,48.10000000000002,0.0,14.939999999999984,0.0,-14.939999999999984
114,lp_demand_vickrey_raw_coarse_wtp,63.040000000000006,63.040000000000006,63.039998424000004,63.039998424000004,1.5760000025011323e-06,1.5760000025011323e-06,0.0,1.7763568394002505e-15
114,lp_demand_vickrey_raw_fine_wtp,63.040000000000006,63.040000000000006,63.040000000000006,63.040000000000006,0.0,0.0,0.0,8.881784197001252e-16
114,lp_integrated_supply_demand,63.040000000000006,63.040000000000006,58.881579799503584,58.881579799503584,4.158420200496423,4.158420200496423,0.0,0.0
115,equal_split_first_best,50.620000000000005,50.620000000000005,50.620000000000005,50.620000000000005,0.0,0.0,0.0,0.0
115,equal_split_vickrey_majority,50.620000000000005,50.620000000000005,50.620000000000005,50.620000000000005,0.0,0.0,0.0,1.7763568394002505e-15
115,equal_split_vickrey_faltings_fair,50.620000000000005,50.620000000000005,50.620000000000005,50.620000000000005,0.0,0.0,0.0,1.7763568394002505e-15
115,equal_split_vickrey_guo_2019_asymptotic,50.620000000000005,50.620000000000005,50.620000000000005,24.900000000000016,0.0,25.719999999999988,0.0,-25.719999999999988
115,equal_split_vickrey_guo_2019_finite_n,50.620000000000005,50.620000000000005,50.620000000000005,37.760000000000005,0.0,12.86,0.0,-12.859999999999996
115,lp_demand_vickrey_raw_coarse_wtp,50.620000000000005,50.620000000000005,50.619998945416675,50.619998945416675,1.0545833291075724e-06,1.0545833291075724e-06,0.0,0.0
115,lp_demand_vickrey_raw_fine_wtp,50.620000000000005,50.620000000000005,50.620000000000005,50.620000000000005,0.0,0.0,0.0,-1.7763568394002505e-15
115,lp_integrated_supply_demand,50.620000000000005,50.620000000000005,47.44958403908281,47.44958403908281,3.1704159609171967,3.1704159609171967,0.0,0.0
116,equal_split_first_best,10.79,10.79,10.79,10.79,0.0,0.0,0.0,0.0
116,equal_split_vickrey_majority,10.79,10.79,10.79,10.79,0.0,0.0,0.0,0.0
116,equal_split_vickrey_faltings_fair,10.79,10.79,10.79,10.79,0.0,0.0,0.0,0.0
116,equal_split_vickrey_guo_2019_asymptotic,10.79,10.79,10.79,1.0633333333333344,0.0,9.726666666666665,0.0,-9.726666666666665
116,equal_split_vickrey_guo_2019_finite_n,10.79,10.79,10.79,9.326666666666666,0.0,1.463333333333333,0.0,-1.463333333333333
116,lp_demand_vickrey_raw_coarse_wtp,10.79,10.79,10.789999460499999,10.789999460499999,5.395000002295092e-07,5.395000002295092e-07,0.0,-4.440892098500626e-16
116,lp_demand_vickrey_raw_fine_wtp,10.79,10.79,10.7899996102311,10.7899996102311,3.897688998222293e-07,3.897688998222293e-07,0.0,8.881784197001252e-16
116,lp_integrated_supply_demand,10.79,10.79,9.859999993829216,9.859999993829216,0.9300000061707827,0.9300000061707827,0.0,0.0
117,equal_split_first_best,44.620000000000005,44.620000000000005,44.620000000000005,44.620000000000005,0.0,0.0,0.0,1.7763568394002505e-15
117,equal_split_vickrey_majority,44.620000000000005,44.620000000000005,44.620000000000005,44.620000000000005,0.0,0.0,0.0,0.0
117,equal_split_vickrey_faltings_fair,44.620000000000005,44.620000000000005,44.620000000000005,44.620000000000005,0.0,0.0,0.0,0.0
117,equal_split_vickrey_guo_2019_asymptotic,44.620000000000005,44.620000000000005,44.620000000000005,16.166666666666682,0.0,28.453333333333322,0.0,-28.453333333333322
117,equal_split_vickrey_guo_2019_finite_n,44.620000000000005,44.620000000000005,44.620000000000005,30.500000000000018,0.0,14.119999999999987,0.0,-14.119999999999987
117,lp_demand_vickrey_raw_coarse_wtp,44.620000000000005,44.620000000000005,44.6199988845,44.6199988845,1.1155000052553987e-06,1.1155000052553987e-06,0.0,1.7763568394002505e-15
117,lp_demand_vickrey_raw_fine_wtp,44.620000000000005,44.620000000000005,44.620000000000005,44.620000000000005,0.0,0.0,0.0,8.881784197001252e-16
117,lp_integrated_supply_demand,44.620000000000005,44.620000000000005,42.49296864251329,42.49296864251329,2.1270313574867146,2.1270313574867146,0.0,0.0
118,equal_split_first_best,12.83,12.83,12.83,12.83,0.0,0.0,0.0,0.0
118,equal_split_vickrey_majority,12.83,12.83,12.83,12.83,0.0,0.0,0.0,-4.440892098500626e-16
118,equal_split_vickrey_faltings_fair,12.83,12.83,12.83,12.83,0.0,0.0,0.0,-4.440892098500626e-16
118,equal_split_vickrey_guo_2019_asymptotic,12.83,12.83,12.83,5.856666666666666,0.0,6.9733333333333345,0.0,-6.9733333333333345
118,equal_split_vickrey_guo_2019_finite_n,12.83,12.83,12.83,9.930000000000001,0.0,2.8999999999999986,0.0,-2.899999999999999
118,lp_demand_vickrey_raw_coarse_wtp,12.83,12.83,12.829999572333334,12.829999572333334,4.2766666652482854e-07,4.2766666652482854e-07,0.0,-4.440892098500626e-16
118,lp_demand_vickrey_raw_fine_wtp,12.83,12.83,12.829999673072717,12.829999673072717,3.2692728346717104e-07,3.2692728346717104e-07,0.0,6.661338147750939e-16
118,lp_integrated_supply_demand,12.83,12.83,11.804291697080977,11.804291697080977,1.025708302919023,1.025708302919023,0.0,0.0
119,equal_split_first_best,12.24,12.24,12.24,12.24,0.0,0.0,0.0,4.440892098500626e-16
119,equal_split_vickrey_majority,12.24,12.24,12.24,12.24,0.0,0.0,0.0,-4.440892098500626e-16
119,equal_split_vickrey_faltings_fair,12.24,12.24,12.24,12.24,0.0,0.0,0.0,0.0
119,equal_split_vickrey_guo_2019_asymptotic,12.24,12.24,12.24,4.560000000000002,0.0,7.679999999999998,0.0,-7.679999999999998
119,equal_split_vickrey_guo_2019_finite_n,12.24,12.24,12.24,8.660000000000002,0.0,3.5799999999999983,0.0,-3.579999999999998
119,lp_demand_vickrey_raw_coarse_wtp,12.24,12.24,0.0,0.0,12.24,12.24,0.0,0.0
119,lp_demand_vickrey_raw_fine_wtp,12.24,12.24,12.239999688106785,12.239999688106785,3.1189321525459945e-07,3.1189321525459945e-07,0.0,2.220446049250313e-16
119,lp_integrated_supply_demand,12.24,12.24,5.993474441158741,5.993474441158741,6.24652555884126,6.24652555884126,0.0,0.0
120,equal_split_first_best,12.69,12.69,12.69,12.69,0.0,0.0,0.0,-2.220446049250313e-16
120,equal_split_vickrey_majority,12.69,12.69,12.69,12.69,0.0,0.0,0.0,-4.440892098500626e-16
120,equal_split_vickrey_faltings_fair,12.69,12.69,12.69,12.69,0.0,0.0,0.0,0.0
120,equal_split_vickrey_guo_2019_asymptotic,12.69,12.69,12.69,4.563333333333331,0.0,8.126666666666669,0.0,-8.126666666666669
120,equal_split_vickrey_guo_2019_finite_n,12.69,12.69,12.69,9.0,0.0,3.6899999999999995,0.0,-3.6900000000000004
120,lp_demand_vickrey_raw_coarse_wtp,12.69,12.69,0.0,0.0,12.69,12.69,0.0,0.0
120,lp_demand_vickrey_raw_fine_wtp,12.69,12.69,12.689999676640122,12.689999676640122,3.2335987754095186e-07,3.2335987754095186e-07,0.0,0.0
120,lp_integrated_supply_demand,12.69,12.69,5.808521518454093,5.808521518454093,6.881478481545907,6.881478481545907,0.0,0.0
121,equal_split_first_best,0.0,0.0,0.0,0.0,0.0,0.0,0.0,0.0
121,equal_split_vickrey_majority,0.0,0.0,0.0,0.0,0.0,0.0,0.0,0.0
121,equal_split_vickrey_faltings_fair,0.0,0.0,0.0,0.0,0.0,0.0,0.0,0.0
121,equal_split_vickrey_guo_2019_asymptotic,0.0,0.0,0.0,-124.4,0.0,124.4,0.0,-124.4
121,equal_split_vickrey_guo_2019_finite_n,0.0,0.0,0.0,2.1316282072803006e-14,0.0,-2.1316282072803006e-14,0.0,2.1316282072803006e-14
121,lp_demand_vickrey_raw_coarse_wtp,0.0,0.0,-0.7000000000000028,-0.7000000000000028,0.7000000000000028,0.7000000000000028,0.0,0.0
121,lp_demand_vickrey_raw_fine_wtp,0.0,0.0,-0.7000000000000028,-0.7000000000000028,0.7000000000000028,0.7000000000000028,0.0,0.0
121,lp_integrated_supply_demand,0.0,0.0,-5.597753411727894,-5.597753411727894,5.597753411727894,5.597753411727894,0.0,0.0
122,equal_split_first_best,44.15,44.15,44.15,44.15,0.0,0.0,0.0,-1.7763568394002505e-15
122,equal_split_vickrey_majority,44.15,44.15,44.15,44.15,0.0,0.0,0.0,0.0
122,equal_split_vickrey_faltings_fair,44.15,44.15,44.15,44.15,0.0,0.0,0.0,0.0
122,equal_split_vickrey_guo_2019_asymptotic,44.15,44.15,44.15,11.943333333333335,0.0,32.20666666666666,0.0,-32.20666666666666
122,equal_split_vickrey_guo_2019_finite_n,44.15,44.15,44.15,29.160000000000004,0.0,14.989999999999995,0.0,-14.989999999999995
122,lp_demand_vickrey_raw_coarse_wtp,44.15,44.15,44.15,44.15,0.0,0.0,0.0,0.0
122,lp_demand_vickrey_raw_fine_wtp,44.15,44.15,44.15,44.15,0.0,0.0,0.0,-1.7763568394002505e-15
122,lp_integrated_supply_demand,44.15,44.15,42.92875925179055,42.92875925179055,1.2212407482094463,1.2212407482094463,0.0,0.0
123,equal_split_first_best,71.75,71.75,71.75,71.75,0.0,0.0,0.0,-1.7763568394002505e-15
123,equal_split_vickrey_majority,71.75,71.75,71.75,71.75,0.0,0.0,0.0,-1.7763568394002505e-15
123,equal_split_vickrey_faltings_fair,71.75,71.75,71.75,71.75,0.0,0.0,0.0,0.0
123,equal_split_vickrey_guo_2019_asymptotic,71.75,71.75,71.75,43.06999999999999,0.0,28.680000000000007,0.0,-28.680000000000003
123,equal_split_vickrey_guo_2019_finite_n,71.75,71.75,71.75,57.410000000000025,0.0,14.339999999999975,0.0,-14.339999999999971
123,lp_demand_vickrey_raw_coarse_wtp,71.75,71.75,71.749998565,71.749998565,1.435000001492881e-06,1.435000001492881e-06,0.0,0.0
123,lp_demand_vickrey_raw_fine_wtp,71.75,71.75,71.75,71.75,0.0,0.0,0.0,-1.7763568394002505e-15
123,lp_integrated_supply_demand,71.75,71.75,70.56620318574866,70.56620318574866,1.1837968142513375,1.1837968142513375,0.0,0.0
124,equal_split_first_best,19.110000000000003,19.110000000000003,19.110000000000003,19.110000000000003,0.0,0.0,0.0,0.0
124,equal_split_vickrey_majority,19.110000000000003,19.110000000000003,19.110000000000003,19.110000000000007,0.0,-3.552713678800501e-15,0.0,1.7763568394002505e-15
124,equal_split_vickrey_faltings_fair,19.110000000000003,19.110000000000003,19.110000000000003,19.110000000000003,0.0,0.0,0.0,0.0
124,equal_split_vickrey_guo_2019_asymptotic,19.110000000000003,19.110000000000003,19.110000000000003,-4.623333333333331,0.0,23.733333333333334,0.0,-23.733333333333334
124,equal_split_vickrey_guo_2019_finite_n,19.110000000000003,19.110000000000003,19.110000000000003,14.675000000000004,0.0,4.434999999999999,0.0,-4.435
124,lp_demand_vickrey_raw_coarse_wtp,19.110000000000003,19.110000000000003,19.110000000000003,19.11,0.0,3.552713678800501e-15,0.0,-1.7763568394002505e-15
124,lp_demand_vickrey_raw_fine_wtp,19.110000000000003,19.110000000000003,19.110000000000003,19.11,0.0,3.552713678800501e-15,0.0,-1.7763568394002505e-15
124,lp_integrated_supply_demand,19.110000000000003,19.110000000000003,17.10333265123011,17.10333265123011,2.0066673487698914,2.0066673487698914,0.0,0.0
125,equal_split_first_best,21.29,21.29,21.29,21.29,0.0,0.0,0.0,-8.881784197001252e-16
125,equal_split_vickrey_majority,21.29,21.29,21.29,21.29,0.0,0.0,0.0,0.0
125,equal_split_vickrey_faltings_fair,21.29,21.29,21.29,21.29,0.0,0.0,0.0,0.0
125,equal_split_vickrey_guo_2019_asymptotic,21.29,21.29,21.29,4.523333333333333,0.0,16.766666666666666,0.0,-16.766666666666666
125,equal_split_vickrey_guo_2019_finite_n,21.29,21.29,21.29,14.934999999999999,0.0,6.355,0.0,-6.355
125,lp_demand_vickrey_raw_coarse_wtp,21.29,21.29,21.289999290333334,21.289999290333334,7.096666649886174e-07,7.096666649886174e-07,0.0,-1.7763568394002505e-15
125,lp_demand_vickrey_raw_fine_wtp,21.29,21.29,21.29,21.29,0.0,0.0,0.0,8.881784197001252e-16
125,lp_integrated_supply_demand,21.29,21.29,19.552439473534125,19.552439473534125,1.7375605264658738,1.7375605264658738,0.0,0.0
126,equal_split_first_best,27.39,27.39,27.39,27.39,0.0,0.0,0.0,8.881784197001252e-16
126,equal_split_vickrey_majority,27.39,27.39,27.39,27.39,0.0,0.0,0.0,-1.7763568394002505e-15
126,equal_split_vickrey_faltings_fair,27.39,27.39,27.39,27.39,0.0,0.0,0.0,0.0
126,equal_split_vickrey_guo_2019_asymptotic,27.39,27.39,27.39,5.776666666666667,0.0,21.613333333333333,0.0,-21.613333333333333
126,equal_split_vickrey_guo_2019_finite_n,27.39,27.39,27.39,21.655,0.0,5.734999999999999,0.0,-5.735000000000001
126,lp_demand_vickrey_raw_coarse_wtp,27.39,27.39,27.3899986305,27.3899986305,1.3695000014024572e-06,1.3695000014024572e-06,0.0,0.0
126,lp_demand_vickrey_raw_fine_wtp,27.39,27.39,27.39,27.39,0.0,0.0,0.0,-1.7763568394002505e-15
126,lp_integrated_supply_demand,27.39,27.39,25.77260662935199,25.77260662935199,1.61739337064801,1.61739337064801,0.0,0.0
127,equal_split_first_best,67.41,67.41,67.41,67.41,0.0,0.0,0.0,-1.7763568394002505e-15
127,equal_split_vickrey_majority,67.41,67.41,67.41,67.41,0.0,0.0,0.0,0.0
127,equal_split_vickrey_faltings_fair,67.41,67.41,67.41,67.41,0.0,0.0,0.0,0.0
127,equal_split_vickrey_guo_2019_asymptotic,67.41,67.41,67.41,41.16999999999998,0.0,26.240000000000016,0.0,-26.240000000000016
127,equal_split_vickrey_guo_2019_finite_n,67.41,67.41,67.41,54.289999999999964,0.0,13.120000000000033,0.0,-13.120000000000033
127,lp_demand_vickrey_raw_coarse_wtp,67.41,67.41,67.4099988765,67.4099988765,1.1234999988118943e-06,1.1234999988118943e-06,0.0,0.0
127,lp_demand_vickrey_raw_fine_wtp,67.41,67.41,67.41,67.41,0.0,0.0,0.0,0.0
127,lp_integrated_supply_demand,67.41,67.41,66.88398838758233,66.88398838758233,0.5260116124176619,0.5260116124176619,0.0,0.0
128,equal_split_first_best,12.29,12.29,12.29,12.290000000000001,0.0,-1.7763568394002505e-15,0.0,1.7763568394002505e-15
128,equal_split_vickrey_majority,12.29,12.29,12.29,12.290000000000001,0.0,-1.7763568394002505e-15,0.0,1.7763568394002505e-15
128,equal_split_vickrey_faltings_fair,12.29,12.29,12.29,12.29,0.0,0.0,0.0,0.0
128,equal_split_vickrey_guo_2019_asymptotic,12.29,12.29,12.29,-8.276666666666664,0.0,20.566666666666663,0.0,-20.566666666666663
128,equal_split_vickrey_guo_2019_finite_n,12.29,12.29,12.29,10.735000000000001,0.0,1.554999999999998,0.0,-1.554999999999998
128,lp_demand_vickrey_raw_coarse_wtp,12.29,12.29,12.29,12.29,0.0,0.0,0.0,8.881784197001252e-16
128,lp_demand_vickrey_raw_fine_wtp,12.29,12.29,12.29,12.29,0.0,0.0,0.0,0.0
128,lp_integrated_supply_demand,12.29,12.29,10.233332925214661,10.233332925214661,2.056667074785338,2.056667074785338,0.0,0.0
129,equal_split_first_best,42.410000000000004,42.410000000000004,42.410000000000004,42.410000000000004,0.0,0.0,0.0,0.0
129,equal_split_vickrey_majority,42.410000000000004,42.410000000000004,42.410000000000004,42.410000000000004,0.0,0.0,0.0,-1.7763568394002505e-15
129,equal_split_vickrey_faltings_fair,42.410000000000004,42.410000000000004,42.410000000000004,42.410000000000004,0.0,0.0,0.0,-1.7763568394002505e-15
129,equal_split_vickrey_guo_2019_asymptotic,42.410000000000004,42.410000000000004,42.410000000000004,9.790000000000013,0.0,32.61999999999999,0.0,-32.61999999999999
129,equal_split_vickrey_guo_2019_finite_n,42.410000000000004,42.410000000000004,42.410000000000004,30.039999999999996,0.0,12.370000000000008,0.0,-12.370000000000008
129,lp_demand_vickrey_raw_coarse_wtp,42.410000000000004,42.410000000000004,42.410000000000004,42.410000000000004,0.0,0.0,0.0,8.881784197001252e-16
129,lp_demand_vickrey_raw_fine_wtp,42.410000000000004,42.410000000000004,42.410000000000004,42.410000000000004,0.0,0.0,0.0,0.0
129,lp_integrated_supply_demand,42.410000000000004,42.410000000000004,36.64340561267166,36.64340561267166,5.766594387328347,5.766594387328347,0.0,0.0
130,equal_split_first_best,52.94,52.94,52.94,52.94,0.0,0.0,0.0,0.0
130,equal_split_vickrey_majority,52.94,52.94,52.94,52.94,0.0,0.0,0.0,0.0
130,equal_split_vickrey_faltings_fair,52.94,52.94,52.94,52.94,0.0,0.0,0.0,0.0
130,equal_split_vickrey_guo_2019_asymptotic,52.94,52.94,52.94,17.68666666666664,0.0,35.25333333333336,0.0,-35.25333333333336
130,equal_split_vickrey_guo_2019_finite_n,52.94,52.94,52.94,38.48999999999998,0.0,14.450000000000017,0.0,-14.450000000000017
130,lp_demand_vickrey_raw_coarse_wtp,52.94,52.94,52.94,52.94,0.0,0.0,0.0,2.6645352591003757e-15
130,lp_demand_vickrey_raw_fine_wtp,52.94,52.94,52.94,52.94,0.0,0.0,0.0,1.7763568394002505e-15
130,lp_integrated_supply_demand,52.94,52.94,49.48302886002516,49.48302886002516,3.45697113997484,3.45697113997484,0.0,0.0
131,equal_split_first_best,36.08,36.08,36.08,36.08,0.0,0.0,0.0,-8.881784197001252e-16
131,equal_split_vickrey_majority,36.08,36.08,36.08,36.08,0.0,0.0,0.0,-8.881784197001252e-16
131,equal_split_vickrey_faltings_fair,36.08,36.08,36.08,36.08,0.0,0.0,0.0,-8.881784197001252e-16
131,equal_split_vickrey_guo_2019_asymptotic,36.08,36.08,36.08,15.946666666666665,0.0,20.133333333333333,0.0,-20.133333333333333
131,equal_split_vickrey_guo_2019_finite_n,36.08,36.08,36.08,26.299999999999997,0.0,9.780000000000001,0.0,-9.78
131,lp_demand_vickrey_raw_coarse_wtp,36.08,36.08,36.079999198222225,36.079999198222225,8.01777773062895e-07,8.01777773062895e-07,0.0,-4.440892098500626e-16
131,lp_demand_vickrey_raw_fine_wtp,36.08,36.08,36.08,36.08,0.0,0.0,0.0,4.440892098500626e-16
131,lp_integrated_supply_demand,36.08,36.08,33.0699986811253,33.0699986811253,3.0100013188747,3.0100013188747,0.0,0.0
132,equal_split_first_best,19.419999999999998,19.419999999999998,19.419999999999998,19.419999999999998,0.0,0.0,0.0,8.881784197001252e-16
132,equal_split_vickrey_majority,19.419999999999998,19.419999999999998,19.419999999999998,19.419999999999998,0.0,0.0,0.0,0.0
132,equal_split_vickrey_faltings_fair,19.419999999999998,19.419999999999998,19.419999999999998,19.419999999999998,0.0,0.0,0.0,0.0
132,equal_split_vickrey_guo_2019_asymptotic,19.419999999999998,19.419999999999998,19.419999999999998,1.6866666666666568,0.0,17.73333333333334,0.0,-17.73333333333334
132,equal_split_vickrey_guo_2019_finite_n,19.419999999999998,19.419999999999998,19.419999999999998,14.259999999999996,0.0,5.160000000000002,0.0,-5.160000000000002
132,lp_demand_vickrey_raw_coarse_wtp,19.419999999999998,19.419999999999998,19.41999919083333,19.41999919083333,8.091666678922138e-07,8.091666678922138e-07,0.0,0.0
132,lp_demand_vickrey_raw_fine_wtp,19.419999999999998,19.419999999999998,19.419999999999998,19.419999999999995,0.0,3.552713678800501e-15,0.0,-1.7763568394002505e-15
132,lp_integrated_supply_demand,19.419999999999998,19.419999999999998,18.085163547131504,18.085163547131504,1.334836452868494,1.334836452868494,0.0,0.0
133,equal_split_first_best,32.21000000000001,32.21000000000001,32.21000000000001,32.21000000000001,0.0,0.0,0.0,0.0
133,equal_split_vickrey_majority,32.21000000000001,32.21000000000001,32.21000000000001,32.21000000000001,0.0,0.0,0.0,8.881784197001252e-16
133,equal_split_vickrey_faltings_fair,32.21000000000001,32.21000000000001,32.21000000000001,32.21000000000001,0.0,0.0,0.0,0.0
133,equal_split_vickrey_guo_2019_asymptotic,32.21000000000001,32.21000000000001,32.21000000000001,11.81000000000001,0.0,20.4,0.0,-20.4
133,equal_split_vickrey_guo_2019_finite_n,32.21000000000001,32.21000000000001,32.21000000000001,23.33000000000002,0.0,8.879999999999988,0.0,-8.879999999999987
133,lp_demand_vickrey_raw_coarse_wtp,32.21000000000001,32.21000000000001,32.209999284222235,32.209999284222235,7.157777730526504e-07,7.157777730526504e-07,0.0,-4.440892098500626e-16
133,lp_demand_vickrey_raw_fine_wtp,32.21000000000001,32.21000000000001,32.21000000000001,32.21000000000001,0.0,0.0,0.0,-4.440892098500626e-16
133,lp_integrated_supply_demand,32.21000000000001,32.21000000000001,30.17999879638227,30.17999879638227,2.0300012036177364,2.0300012036177364,0.0,0.0
134,equal_split_first_best,54.27,54.27,54.27,54.27,0.0,0.0,0.0,-8.881784197001252e-16
134,equal_split_vickrey_majority,54.27,54.27,54.27,54.27,0.0,0.0,0.0,1.7763568394002505e-15
134,equal_split_vickrey_faltings_fair,54.27,54.27,54.27,54.27,0.0,0.0,0.0,1.7763568394002505e-15
134,equal_split_vickrey_guo_2019_asymptotic,54.27,54.27,54.27,21.450000000000024,0.0,32.81999999999998,0.0,-32.81999999999998
134,equal_split_vickrey_guo_2019_finite_n,54.27,54.27,54.27,37.86000000000003,0.0,16.409999999999975,0.0,-16.40999999999998
134,lp_demand_vickrey_raw_coarse_wtp,54.27,54.27,54.27,54.27,0.0,0.0,0.0,0.0
134,lp_demand_vickrey_raw_fine_wtp,54.27,54.27,54.27,54.27,0.0,0.0,0.0,0.0
134,lp_integrated_supply_demand,54.27,54.27,49.9172382294658,49.9172382294658,4.352761770534201,4.352761770534201,0.0,0.0
135,equal_split_first_best,72.89,72.89,72.89,72.89,0.0,0.0,0.0,1.7763568394002505e-15
135,equal_split_vickrey_majority,72.89,72.89,72.89,72.89,0.0,0.0,0.0,0.0
135,equal_split_vickrey_faltings_fair,72.89,72.89,72.89,72.89,0.0,0.0,0.0,0.0
135,equal_split_vickrey_guo_2019_asymptotic,72.89,72.89,72.89,40.289999999999985,0.0,32.600000000000016,0.0,-32.600000000000016
135,equal_split_vickrey_guo_2019_finite_n,72.89,72.89,72.89,56.590000000000025,0.0,16.299999999999976,0.0,-16.299999999999976
135,lp_demand_vickrey_raw_coarse_wtp,72.89,72.89,72.89,72.89,0.0,0.0,0.0,-8.881784197001252e-16
135,lp_demand_vickrey_raw_fine_wtp,72.89,72.89,72.89,72.89,0.0,0.0,0.0,-8.881784197001252e-16
135,lp_integrated_supply_demand,72.89,72.89,70.91209742743513,70.91209742743513,1.9779025725648722,1.9779025725648722,0.0,0.0
136,equal_split_first_best,30.609999999999996,30.609999999999996,30.609999999999996,30.609999999999996,0.0,0.0,0.0,8.881784197001252e-16
136,equal_split_vickrey_majority,30.609999999999996,30.609999999999996,30.609999999999996,30.609999999999996,0.0,0.0,0.0,0.0
136,equal_split_vickrey_faltings_fair,30.609999999999996,30.609999999999996,30.609999999999996,30.609999999999996,0.0,0.0,0.0,0.0
136,equal_split_vickrey_guo_2019_asymptotic,30.609999999999996,30.609999999999996,30.609999999999996,8.029999999999983,0.0,22.580000000000013,0.0,-22.580000000000013
136,equal_split_vickrey_guo_2019_finite_n,30.609999999999996,30.609999999999996,30.609999999999996,21.89999999999999,0.0,8.710000000000004,0.0,-8.710000000000004
136,lp_demand_vickrey_raw_coarse_wtp,30.609999999999996,30.609999999999996,30.60999914972222,30.609999149722224,8.502777752994461e-07,8.502777717467325e-07,0.0,3.552713678800501e-15
136,lp_demand_vickrey_raw_fine_wtp,30.609999999999996,30.609999999999996,30.609999999999996,30.609999999999996,0.0,0.0,0.0,0.0
136,lp_integrated_supply_demand,30.609999999999996,30.609999999999996,27.05333225441114,27.05333225441114,3.5566677455888573,3.5566677455888573,0.0,0.0
137,equal_split_first_best,24.440000000000005,24.440000000000005,24.440000000000005,24.440000000000005,0.0,0.0,0.0,0.0
137,equal_split_vickrey_majority,24.440000000000005,24.440000000000005,24.440000000000005,24.440000000000005,0.0,0.0,0.0,1.7763568394002505e-15
137,equal_split_vickrey_faltings_fair,24.440000000000005,24.440000000000005,24.440000000000005,24.440000000000005,0.0,0.0,0.0,1.7763568394002505e-15
137,equal_split_vickrey_guo_2019_asymptotic,24.440000000000005,24.440000000000005,24.440000000000005,4.400000000000006,0.0,20.04,0.0,-20.04
137,equal_split_vickrey_guo_2019_finite_n,24.440000000000005,24.440000000000005,24.440000000000005,18.365000000000006,0.0,6.074999999999999,0.0,-6.074999999999998
137,lp_demand_vickrey_raw_coarse_wtp,24.440000000000005,24.440000000000005,24.439998981666673,24.43999898166667,1.0183333323254828e-06,1.0183333358781965e-06,0.0,-1.7763568394002505e-15
137,lp_demand_vickrey_raw_fine_wtp,24.440000000000005,24.440000000000005,24.440000000000005,24.44,0.0,3.552713678800501e-15,0.0,-2.6645352591003757e-15
137,lp_integrated_supply_demand,24.440000000000005,24.440000000000005,23.55010814878346,23.55010814878346,0.8898918512165466,0.8898918512165466,0.0,0.0
138,equal_split_first_best,12.37,12.37,12.37,12.37,0.0,0.0,0.0,0.0
138,equal_split_vickrey_majority,12.37,12.37,12.37,12.37,0.0,0.0,0.0,-4.440892098500626e-16
138,equal_split_vickrey_faltings_fair,12.37,12.37,12.37,12.37,0.0,0.0,0.0,0.0
138,equal_split_vickrey_guo_2019_asymptotic,12.37,12.37,12.37,5.149999999999997,0.0,7.220000000000002,0.0,-7.220000000000002
138,equal_split_vickrey_guo_2019_finite_n,12.37,12.37,12.37,8.76,0.0,3.6099999999999994,0.0,-3.609999999999999
138,lp_demand_vickrey_raw_coarse_wtp,12.37,12.37,0.0,0.0,12.37,12.37,0.0,0.0
138,lp_demand_vickrey_raw_fine_wtp,12.37,12.37,12.369999862555556,12.369999862555556,1.374444433821509e-07,1.374444433821509e-07,0.0,0.0
138,lp_integrated_supply_demand,12.37,12.37,5.573581319342782,5.573581319342782,6.796418680657217,6.796418680657217,0.0,0.0
139,equal_split_first_best,68.98,68.98,68.98,68.98,0.0,0.0,0.0,8.881784197001252e-16
139,equal_split_vickrey_majority,68.98,68.98,68.98,68.98,0.0,0.0,0.0,-1.7763568394002505e-15
139,equal_split_vickrey_faltings_fair,68.98,68.98,68.98,68.98,0.0,0.0,0.0,0.0
139,equal_split_vickrey_guo_2019_asymptotic,68.98,68.98,68.98,40.10000000000002,0.0,28.87999999999998,0.0,-28.87999999999998
139,equal_split_vickrey_guo_2019_finite_n,68.98,68.98,68.98,54.540000000000006,0.0,14.439999999999998,0.0,-14.439999999999996
139,lp_demand_vickrey_raw_coarse_wtp,68.98,68.98,68.9799982755,68.9799982755,1.7245000094590068e-06,1.7245000094590068e-06,0.0,1.7763568394002505e-15
139,lp_demand_vickrey_raw_fine_wtp,68.98,68.98,68.98,68.98,0.0,0.0,0.0,-1.7763568394002505e-15
139,lp_integrated_supply_demand,68.98,68.98,63.85559155761152,63.85559155761152,5.124408442388486,5.124408442388486,0.0,0.0
140,equal_split_first_best,61.66,61.66,61.66,61.66,0.0,0.0,0.0,0.0
140,equal_split_vickrey_majority,61.66,61.66,61.66,61.66,0.0,0.0,0.0,-1.7763568394002505e-15
140,equal_split_vickrey_faltings_fair,61.66,61.66,61.66,61.66,0.0,0.0,0.0,-1.7763568394002505e-15
140,equal_split_vickrey_guo_2019_asymptotic,61.66,61.66,61.66,29.26666666666665,0.0,32.393333333333345,0.0,-32.393333333333345
140,equal_split_vickrey_guo_2019_finite_n,61.66,61.66,61.66,46.459999999999994,0.0,15.200000000000003,0.0,-15.200000000000006
140,lp_demand_vickrey_raw_coarse_wtp,61.66,61.66,61.66,61.66,0.0,0.0,0.0,1.7763568394002505e-15
140,lp_demand_vickrey_raw_fine_wtp,61.66,61.66,61.66,61.66,0.0,0.0,0.0,1.7763568394002505e-15
140,lp_integrated_supply_demand,61.66,61.66,60.70999903956215,60.70999903956215,0.9500009604378477,0.9500009604378477,0.0,0.0
141,equal_split_first_best,91.55000000000001,91.55000000000001,91.55000000000001,91.55000000000001,0.0,0.0,0.0,0.0
141,equal_split_vickrey_majority,91.55000000000001,91.55000000000001,91.55000000000001,91.55000000000001,0.0,0.0,0.0,1.7763568394002505e-15
141,equal_split_vickrey_faltings_fair,91.55000000000001,91.55000000000001,91.55000000000001,91.55000000000001,0.0,0.0,0.0,1.7763568394002505e-15
141,equal_split_vickrey_guo_2019_asymptotic,91.55000000000001,91.55000000000001,91.55000000000001,59.29000000000002,0.0,32.25999999999999,0.0,-32.25999999999999
141,equal_split_vickrey_guo_2019_finite_n,91.55000000000001,91.55000000000001,91.55000000000001,75.42000000000003,0.0,16.12999999999998,0.0,-16.129999999999978
141,lp_demand_vickrey_raw_coarse_wtp,91.55000000000001,91.55000000000001,91.54999869214284,91.54999869214284,1.3078571754476798e-06,1.3078571754476798e-06,0.0,3.552713678800501e-15
141,lp_demand_vickrey_raw_fine_wtp,91.55000000000001,91.55000000000001,91.55000000000001,91.55000000000001,0.0,0.0,0.0,1.7763568394002505e-15
141,lp_integrated_supply_demand,91.55000000000001,91.55000000000001,88.9249993554266,88.9249993554266,2.6250006445734044,2.6250006445734044,0.0,0.0
142,equal_split_first_best,0.0,0.0,0.0,0.0,0.0,0.0,0.0,0.0
142,equal_split_vickrey_majority,0.0,0.0,0.0,0.0,0.0,0.0,0.0,0.0
142,equal_split_vickrey_faltings_fair,0.0,0.0,0.0,0.0,0.0,0.0,0.0,0.0
142,equal_split_vickrey_guo_2019_asymptotic,0.0,0.0,0.0,-153.56,0.0,153.56,0.0,-153.56
142,equal_split_vickrey_guo_2019_finite_n,0.0,0.0,0.0,0.0,0.0,0.0,0.0,0.0
142,lp_demand_vickrey_raw_coarse_wtp,0.0,0.0,-2.9299505334415747,-2.929950533441589,2.9299505334415747,2.929950533441589,0.0,-1.4210854715202004e-14
142,lp_demand_vickrey_raw_fine_wtp,0.0,0.0,-2.9299999999999997,-2.9299999999999997,2.9299999999999997,2.9299999999999997,0.0,0.0
142,lp_integrated_supply_demand,0.0,0.0,-9.423381695527745,-9.423381695527745,9.423381695527745,9.423381695527745,0.0,0.0
143,equal_split_first_best,78.50999999999999,78.50999999999999,78.50999999999999,78.50999999999999,0.0,0.0,0.0,-1.7763568394002505e-15
143,equal_split_vickrey_majority,78.50999999999999,78.50999999999999,78.50999999999999,78.50999999999999,0.0,0.0,0.0,1.7763568394002505e-15
143,equal_split_vickrey_faltings_fair,78.50999999999999,78.50999999999999,78.50999999999999,78.50999999999999,0.0,0.0,0.0,1.7763568394002505e-15
143,equal_split_vickrey_guo_2019_asymptotic,78.50999999999999,78.50999999999999,78.50999999999999,52.36999999999995,0.0,26.140000000000043,0.0,-26.14000000000004
143,equal_split_vickrey_guo_2019_finite_n,78.50999999999999,78.50999999999999,78.50999999999999,65.43999999999994,0.0,13.07000000000005,0.0,-13.070000000000054
143,lp_demand_vickrey_raw_coarse_wtp,78.50999999999999,78.50999999999999,78.50999890958333,78.50999890958333,1.0904166600766985e-06,1.0904166600766985e-06,0.0,-1.7763568394002505e-15
143,lp_demand_vickrey_raw_fine_wtp,78.50999999999999,78.50999999999999,78.50999999999999,78.50999999999999,0.0,0.0,0.0,0.0
143,lp_integrated_supply_demand,78.50999999999999,78.50999999999999,78.38269290347968,78.38269290347968,0.1273070965203118,0.1273070965203118,0.0,0.0
144,equal_split_first_best,55.31,55.31,55.31,55.31,0.0,0.0,0.0,0.0
144,equal_split_vickrey_majority,55.31,55.31,55.31,55.31,0.0,0.0,0.0,0.0
144,equal_split_vickrey_faltings_fair,55.31,55.31,55.31,55.31,0.0,0.0,0.0,0.0
144,equal_split_vickrey_guo_2019_asymptotic,55.31,55.31,55.31,28.40333333333335,0.0,26.906666666666652,0.0,-26.906666666666652
144,equal_split_vickrey_guo_2019_finite_n,55.31,55.31,55.31,43.650000000000006,0.0,11.659999999999997,0.0,-11.66
144,lp_demand_vickrey_raw_coarse_wtp,55.31,55.31,55.3099988938,55.3099988938,1.1062000027095564e-06,1.1062000027095564e-06,0.0,-3.552713678800501e-15
144,lp_demand_vickrey_raw_fine_wtp,55.31,55.31,55.31,55.31,0.0,0.0,0.0,0.0
144,lp_integrated_supply_demand,55.31,55.31,54.08297491468061,54.08297491468061,1.22702508531939,1.22702508531939,0.0,0.0
145,equal_split_first_best,63.57,63.57,63.57,63.57,0.0,0.0,0.0,8.881784197001252e-16
145,equal_split_vickrey_majority,63.57,63.57,63.57,63.57,0.0,0.0,0.0,-1.7763568394002505e-15
145,equal_split_vickrey_faltings_fair,63.57,63.57,63.57,63.57,0.0,0.0,0.0,0.0
145,equal_split_vickrey_guo_2019_asymptotic,63.57,63.57,63.57,28.096666666666657,0.0,35.47333333333334,0.0,-35.47333333333334
145,equal_split_vickrey_guo_2019_finite_n,63.57,63.57,63.57,47.625,0.0,15.945,0.0,-15.945000000000004
145,lp_demand_vickrey_raw_coarse_wtp,63.57,63.57,63.57,63.57,0.0,0.0,0.0,-8.881784197001252e-16
145,lp_demand_vickrey_raw_fine_wtp,63.57,63.57,63.57,63.57,0.0,0.0,0.0,0.0
145,lp_integrated_supply_demand,63.57,63.57,57.077843715189616,57.077843715189616,6.492156284810385,6.492156284810385,0.0,0.0
146,equal_split_first_best,25.919999999999995,25.919999999999995,25.919999999999995,25.919999999999995,0.0,0.0,0.0,-8.881784197001252e-16
146,equal_split_vickrey_majority,25.919999999999995,25.919999999999995,25.919999999999995,25.919999999999995,0.0,0.0,0.0,-1.7763568394002505e-15
146,equal_split_vickrey_faltings_fair,25.919999999999995,25.919999999999995,25.919999999999995,25.919999999999995,0.0,0.0,0.0,0.0
146,equal_split_vickrey_guo_2019_asymptotic,25.919999999999995,25.919999999999995,25.919999999999995,5.106666666666651,0.0,20.813333333333343,0.0,-20.813333333333343
146,equal_split_vickrey_guo_2019_finite_n,25.919999999999995,25.919999999999995,25.919999999999995,20.23833333333332,0.0,5.6816666666666755,0.0,-5.681666666666676
146,lp_demand_vickrey_raw_coarse_wtp,25.919999999999995,25.919999999999995,25.91999913599999,25.91999913599999,8.640000039861206e-07,8.640000039861206e-07,0.0,0.0
146,lp_demand_vickrey_raw_fine_wtp,25.919999999999995,25.919999999999995,25.919999999999995,25.919999999999995,0.0,0.0,0.0,-1.7763568394002505e-15
146,lp_integrated_supply_demand,25.919999999999995,25.919999999999995,23.00666574913081,23.00666574913081,2.913334250869184,2.913334250869184,0.0,0.0
147,equal_split_first_best,9.14,9.14,9.14,9.14,0.0,0.0,0.0,2.220446049250313e-16
147,equal_split_vickrey_majority,9.14,9.14,9.14,9.14,0.0,0.0,0.0,2.220446049250313e-16
147,equal_split_vickrey_faltings_fair,9.14,9.14,9.14,9.14,0.0,0.0,0.0,4.440892098500626e-16
147,equal_split_vickrey_guo_2019_asymptotic,9.14,9.14,9.14,3.2600000000000033,0.0,5.879999999999997,0.0,-5.879999999999997
147,equal_split_vickrey_guo_2019_finite_n,9.14,9.14,9.14,6.280000000000003,0.0,2.8599999999999977,0.0,-2.859999999999997
147,lp_demand_vickrey_raw_coarse_wtp,9.14,9.14,0.0,0.0,9.14,9.14,0.0,0.0
147,lp_demand_vickrey_raw_fine_wtp,9.14,9.14,9.139999799502231,9.139999799502231,2.0049776949804254e-07,2.0049776949804254e-07,0.0,-3.3306690738754696e-16
147,lp_integrated_supply_demand,9.14,9.14,4.392215353598678,4.392215353598678,4.747784646401323,4.747784646401323,0.0,0.0
148,equal_split_first_best,13.340000000000002,13.340000000000002,13.340000000000002,13.340000000000002,0.0,0.0,0.0,0.0
148,equal_split_vickrey_majority,13.340000000000002,13.340000000000002,13.340000000000002,13.340000000000003,0.0,-1.7763568394002505e-15,0.0,1.7763568394002505e-15
148,equal_split_vickrey_faltings_fair,13.340000000000002,13.340000000000002,13.340000000000002,13.340000000000003,0.0,-1.7763568394002505e-15,0.0,1.7763568394002505e-15
148,equal_split_vickrey_guo_2019_asymptotic,13.340000000000002,13.340000000000002,13.340000000000002,-5.346666666666659,0.0,18.68666666666666,0.0,-18.68666666666666
148,equal_split_vickrey_guo_2019_finite_n,13.340000000000002,13.340000000000002,13.340000000000002,10.48833333333334,0.0,2.8516666666666612,0.0,-2.8516666666666612
148,lp_demand_vickrey_raw_coarse_wtp,13.340000000000002,13.340000000000002,13.339999333000002,13.339999333000002,6.670000001207654e-07,6.670000001207654e-07,0.0,0.0
148,lp_demand_vickrey_raw_fine_wtp,13.340000000000002,13.340000000000002,13.340000000000002,13.340000000000003,0.0,-1.7763568394002505e-15,0.0,1.7763568394002505e-15
148,lp_integrated_supply_demand,13.340000000000002,13.340000000000002,12.297463640654163,12.297463640654163,1.0425363593458385,1.0425363593458385,0.0,0.0
149,equal_split_first_best,13.709999999999997,13.709999999999997,13.709999999999997,13.709999999999997,0.0,0.0,0.0,-4.440892098500626e-16
149,equal_split_vickrey_majority,13.709999999999997,13.709999999999997,13.709999999999997,13.709999999999997,0.0,0.0,0.0,0.0
149,equal_split_vickrey_faltings_fair,13.709999999999997,13.709999999999997,13.709999999999997,13.709999999999997,0.0,0.0,0.0,0.0
149,equal_split_vickrey_guo_2019_asymptotic,13.709999999999997,13.709999999999997,13.709999999999997,5.85666666666666,0.0,7.853333333333337,0.0,-7.853333333333337
149,equal_split_vickrey_guo_2019_finite_n,13.709999999999997,13.709999999999997,13.709999999999997,10.149999999999997,0.0,3.5600000000000005,0.0,-3.5600000000000005
149,lp_demand_vickrey_raw_coarse_wtp,13.709999999999997,13.709999999999997,13.709999542999997,13.709999542999997,4.570000005088559e-07,4.570000005088559e-07,0.0,-4.440892098500626e-16
149,lp_demand_vickrey_raw_fine_wtp,13.709999999999997,13.709999999999997,13.709999650649019,13.709999650649019,3.4935097836807927e-07,3.4935097836807927e-07,0.0,0.0
149,lp_integrated_supply_demand,13.709999999999997,13.709999999999997,12.388583399034387,12.388583399034387,1.3214166009656108,1.3214166009656108,0.0,0.0
150,equal_split_first_best,55.129999999999995,55.129999999999995,55.129999999999995,55.129999999999995,0.0,0.0,0.0,0.0
150,equal_split_vickrey_majority,55.129999999999995,55.129999999999995,55.129999999999995,55.129999999999995,0.0,0.0,0.0,0.0
150,equal_split_vickrey_faltings_fair,55.129999999999995,55.129999999999995,55.129999999999995,55.129999999999995,0.0,0.0,0.0,0.0
150,equal_split_vickrey_guo_2019_asymptotic,55.129999999999995,55.129999999999995,55.129999999999995,22.529999999999994,0.0,32.6,0.0,-32.6
150,equal_split_vickrey_guo_2019_finite_n,55.129999999999995,55.129999999999995,55.129999999999995,38.830000000000005,0.0,16.29999999999999,0.0,-16.29999999999999
150,lp_demand_vickrey_raw_coarse_wtp,55.129999999999995,55.129999999999995,55.129999999999995,55.129999999999995,0.0,0.0,0.0,0.0
150,lp_demand_vickrey_raw_fine_wtp,55.129999999999995,55.129999999999995,55.129999999999995,55.129999999999995,0.0,0.0,0.0,-1.7763568394002505e-15
150,lp_integrated_supply_demand,55.129999999999995,55.129999999999995,53.2849986568359,53.2849986568359,1.8450013431640926,1.8450013431640926,0.0,0.0
151,equal_split_first_best,27.07,27.07,27.07,27.07,0.0,0.0,0.0,8.881784197001252e-16
151,equal_split_vickrey_majority,27.07,27.07,27.07,27.07,0.0,0.0,0.0,8.881784197001252e-16
151,equal_split_vickrey_faltings_fair,27.07,27.07,27.07,27.07,0.0,0.0,0.0,1.7763568394002505e-15
151,equal_split_vickrey_guo_2019_asymptotic,27.07,27.07,27.07,8.823333333333338,0.0,18.246666666666663,0.0,-18.246666666666663
151,equal_split_vickrey_guo_2019_finite_n,27.07,27.07,27.07,18.900000000000006,0.0,8.169999999999995,0.0,-8.169999999999996
151,lp_demand_vickrey_raw_coarse_wtp,27.07,27.07,27.069999398444445,27.069999398444445,6.015555555904939e-07,6.015555555904939e-07,0.0,-1.3322676295501878e-15
151,lp_demand_vickrey_raw_fine_wtp,27.07,27.07,27.07,27.07,0.0,0.0,0.0,8.881784197001252e-16
151,lp_integrated_supply_demand,27.07,27.07,22.98666574992844,22.98666574992844,4.083334250071559,4.083334250071559,0.0,0.0
152,equal_split_first_best,12.679999999999998,12.679999999999998,12.679999999999998,12.679999999999998,0.0,0.0,0.0,0.0
152,equal_split_vickrey_majority,12.679999999999998,12.679999999999998,12.679999999999998,12.679999999999998,0.0,0.0,0.0,4.440892098500626e-16
152,equal_split_vickrey_faltings_fair,12.679999999999998,12.679999999999998,12.679999999999998,12.68,0.0,-1.7763568394002505e-15,0.0,8.881784197001252e-16
152,equal_split_vickrey_guo_2019_asymptotic,12.679999999999998,12.679999999999998,12.679999999999998,3.646666666666663,0.0,9.033333333333335,0.0,-9.033333333333335
152,equal_split_vickrey_guo_2019_finite_n,12.679999999999998,12.679999999999998,12.679999999999998,8.729999999999997,0.0,3.950000000000001,0.0,-3.950000000000002
152,lp_demand_vickrey_raw_coarse_wtp,12.679999999999998,12.679999999999998,0.0,0.0,12.679999999999998,12.679999999999998,0.0,0.0
152,lp_demand_vickrey_raw_fine_wtp,12.679999999999998,12.679999999999998,12.679999751979416,12.679999751979416,2.4802058185002807e-07,2.4802058185002807e-07,0.0,2.220446049250313e-16
152,lp_integrated_supply_demand,12.679999999999998,12.679999999999998,5.9151610414549705,5.9151610414549705,6.7648389585450275,6.7648389585450275,0.0,0.0
153,equal_split_first_best,44.66,44.66,44.66,44.66,0.0,0.0,0.0,1.7763568394002505e-15
153,equal_split_vickrey_majority,44.66,44.66,44.66,44.66,0.0,0.0,0.0,0.0
153,equal_split_vickrey_faltings_fair,44.66,44.66,44.66,44.66,0.0,0.0,0.0,0.0
153,equal_split_vickrey_guo_2019_asymptotic,44.66,44.66,44.66,14.046666666666663,0.0,30.613333333333333,0.0,-30.613333333333333
153,equal_split_vickrey_guo_2019_finite_n,44.66,44.66,44.66,30.919999999999998,0.0,13.739999999999998,0.0,-13.739999999999998
153,lp_demand_vickrey_raw_coarse_wtp,44.66,44.66,44.659998883499995,44.659998883499995,1.1165000017854254e-06,1.1165000017854254e-06,0.0,-1.7763568394002505e-15
153,lp_demand_vickrey_raw_fine_wtp,44.66,44.66,44.66,44.66,0.0,0.0,0.0,8.881784197001252e-16
153,lp_integrated_supply_demand,44.66,44.66,42.15979330101669,42.15979330101669,2.5002066989833054,2.5002066989833054,0.0,0.0
154,equal_split_first_best,73.83,73.83,73.83,73.83,0.0,0.0,0.0,8.881784197001252e-16
154,equal_split_vickrey_majority,73.83,73.83,73.83,73.83,0.0,0.0,0.0,0.0
154,equal_split_vickrey_faltings_fair,73.83,73.83,73.83,73.83,0.0,0.0,0.0,0.0
154,equal_split_vickrey_guo_2019_asymptotic,73.83,73.83,73.83,46.829999999999984,0.0,27.000000000000014,0.0,-27.000000000000014
154,equal_split_vickrey_guo_2019_finite_n,73.83,73.83,73.83,60.329999999999984,0.0,13.500000000000014,0.0,-13.500000000000014
154,lp_demand_vickrey_raw_coarse_wtp,73.83,73.83,73.82999897458333,73.82999897458333,1.0254166653567154e-06,1.0254166653567154e-06,0.0,-8.881784197001252e-16
154,lp_demand_vickrey_raw_fine_wtp,73.83,73.83,73.83,73.83,0.0,0.0,0.0,0.0
154,lp_integrated_supply_demand,73.83,73.83,70.93999943580181,70.93999943580181,2.890000564198189,2.890000564198189,0.0,0.0
155,equal_split_first_best,77.27000000000001,77.27000000000001,77.27000000000001,77.27000000000001,0.0,0.0,0.0,1.7763568394002505e-15
155,equal_split_vickrey_majority,77.27000000000001,77.27000000000001,77.27000000000001,77.27000000000001,0.0,0.0,0.0,1.7763568394002505e-15
155,equal_split_vickrey_faltings_fair,77.27000000000001,77.27000000000001,77.27000000000001,77.27000000000001,0.0,0.0,0.0,3.552713678800501e-15
155,equal_split_vickrey_guo_2019_asymptotic,77.27000000000001,77.27000000000001,77.27000000000001,43.51000000000005,0.0,33.75999999999996,0.0,-33.75999999999996
155,equal_split_vickrey_guo_2019_finite_n,77.27000000000001,77.27000000000001,77.27000000000001,60.39000000000003,0.0,16.87999999999998,0.0,-16.879999999999978
155,lp_demand_vickrey_raw_coarse_wtp,77.27000000000001,77.27000000000001,77.27000000000001,77.27000000000001,0.0,0.0,0.0,8.881784197001252e-16
155,lp_demand_vickrey_raw_fine_wtp,77.27000000000001,77.27000000000001,77.27000000000001,77.27000000000001,0.0,0.0,0.0,-8.881784197001252e-16
155,lp_integrated_supply_demand,77.27000000000001,77.27000000000001,74.9284858448987,74.9284858448987,2.341514155101308,2.341514155101308,0.0,0.0
156,equal_split_first_best,73.01,73.01,73.01,73.01,0.0,0.0,0.0,1.7763568394002505e-15
156,equal_split_vickrey_majority,73.01,73.01,73.01,73.01,0.0,0.0,0.0,-1.7763568394002505e-15
156,equal_split_vickrey_faltings_fair,73.01,73.01,73.01,73.01,0.0,0.0,0.0,-1.7763568394002505e-15
156,equal_split_vickrey_guo_2019_asymptotic,73.01,73.01,73.01,40.51000000000002,0.0,32.499999999999986,0.0,-32.499999999999986
156,equal_split_vickrey_guo_2019_finite_n,73.01,73.01,73.01,56.75999999999999,0.0,16.250000000000014,0.0,-16.25000000000001
156,lp_demand_vickrey_raw_coarse_wtp,73.01,73.01,73.00999878316645,73.00999878316645,1.216833553030483e-06,1.216833553030483e-06,0.0,-2.6645352591003757e-15
156,lp_demand_vickrey_raw_fine_wtp,73.01,73.01,73.01,73.01,0.0,0.0,0.0,-1.7763568394002505e-15
156,lp_integrated_supply_demand,73.01,73.01,70.47541430772904,70.47541430772904,2.5345856922709658,2.5345856922709658,0.0,-2.7755575615628914e-17
157,equal_split_first_best,11.6,11.6,11.6,11.6,0.0,0.0,0.0,0.0
157,equal_split_vickrey_majority,11.6,11.6,11.6,11.599999999999998,0.0,1.7763568394002505e-15,0.0,-1.7763568394002505e-15
157,equal_split_vickrey_faltings_fair,11.6,11.6,11.6,11.599999999999998,0.0,1.7763568394002505e-15,0.0,-1.7763568394002505e-15
157,equal_split_vickrey_guo_2019_asymptotic,11.6,11.6,11.6,-5.880000000000008,0.0,17.480000000000008,0.0,-17.480000000000008
157,equal_split_vickrey_guo_2019_finite_n,11.6,11.6,11.6,9.038333333333322,0.0,2.561666666666678,0.0,-2.561666666666678
157,lp_demand_vickrey_raw_coarse_wtp,11.6,11.6,11.59999942,11.59999942,5.800000000277805e-07,5.800000000277805e-07,0.0,0.0
157,lp_demand_vickrey_raw_fine_wtp,11.6,11.6,11.6,11.599999999999998,0.0,1.7763568394002505e-15,0.0,-1.7763568394002505e-15
157,lp_integrated_supply_demand,11.6,11.6,10.086536598081022,10.086536598081022,1.5134634019189779,1.5134634019189779,0.0,0.0
158,equal_split_first_best,48.18,48.18,48.18,48.18,0.0,0.0,0.0,-8.881784197001252e-16
158,equal_split_vickrey_majority,48.18,48.18,48.18,48.18,0.0,0.0,0.0,-8.881784197001252e-16
158,equal_split_vickrey_faltings_fair,48.18,48.18,48.18,48.18,0.0,0.0,0.0,-8.881784197001252e-16
158,equal_split_vickrey_guo_2019_asymptotic,48.18,48.18,48.18,25.04,0.0,23.14,0.0,-23.14
158,equal_split_vickrey_guo_2019_finite_n,48.18,48.18,48.18,36.61,0.0,11.57,0.0,-11.569999999999999
158,lp_demand_vickrey_raw_coarse_wtp,48.18,48.18,48.17999899625,48.17999899625,1.0037500004500544e-06,1.0037500004500544e-06,0.0,-8.881784197001252e-16
158,lp_demand_vickrey_raw_fine_wtp,48.18,48.18,48.18,48.18,0.0,0.0,0.0,-1.7763568394002505e-15
158,lp_integrated_supply_demand,48.18,48.18,46.647994651432455,46.647994651432455,1.5320053485675444,1.5320053485675444,0.0,0.0
159,equal_split_first_best,26.26,26.26,26.26,26.26,0.0,0.0,0.0,0.0
159,equal_split_vickrey_majority,26.26,26.26,26.26,26.26,0.0,0.0,0.0,0.0
159,equal_split_vickrey_faltings_fair,26.26,26.26,26.26,26.26,0.0,0.0,0.0,0.0
159,equal_split_vickrey_guo_2019_asymptotic,26.26,26.26,26.26,6.000000000000007,0.0,20.259999999999994,0.0,-20.259999999999994
159,equal_split_vickrey_guo_2019_finite_n,26.26,26.26,26.26,19.344999999999995,0.0,6.915000000000006,0.0,-6.915000000000006
159,lp_demand_vickrey_raw_coarse_wtp,26.26,26.26,26.259999270555557,26.259999270555557,7.294444444028159e-07,7.294444444028159e-07,0.0,0.0
159,lp_demand_vickrey_raw_fine_wtp,26.26,26.26,26.26,26.26,0.0,0.0,0.0,8.881784197001252e-16
159,lp_integrated_supply_demand,26.26,26.26,24.016665708850702,24.016665708850702,2.2433342911492993,2.2433342911492993,0.0,0.0
160,equal_split_first_best,53.809999999999995,53.809999999999995,53.809999999999995,53.809999999999995,0.0,0.0,0.0,8.881784197001252e-16
160,equal_split_vickrey_majority,53.809999999999995,53.809999999999995,53.809999999999995,53.809999999999995,0.0,0.0,0.0,0.0
160,equal_split_vickrey_faltings_fair,53.809999999999995,53.809999999999995,53.809999999999995,53.809999999999995,0.0,0.0,0.0,0.0
160,equal_split_vickrey_guo_2019_asymptotic,53.809999999999995,53.809999999999995,53.809999999999995,25.369999999999976,0.0,28.44000000000002,0.0,-28.44000000000002
160,equal_split_vickrey_guo_2019_finite_n,53.809999999999995,53.809999999999995,53.809999999999995,39.58999999999998,0.0,14.220000000000013,0.0,-14.220000000000013
160,lp_demand_vickrey_raw_coarse_wtp,53.809999999999995,53.809999999999995,53.80999865474999,53.80999865474999,1.3452500056132521e-06,1.3452500056132521e-06,0.0,1.7763568394002505e-15
160,lp_demand_vickrey_raw_fine_wtp,53.809999999999995,53.809999999999995,53.809999999999995,53.809999999999995,0.0,0.0,0.0,-8.881784197001252e-16
160,lp_integrated_supply_demand,53.809999999999995,53.809999999999995,50.102158655620435,50.102158655620435,3.7078413443795597,3.7078413443795597,0.0,0.0
161,equal_split_first_best,16.05,16.05,16.05,16.05,0.0,0.0,0.0,-4.440892098500626e-16
161,equal_split_vickrey_majority,16.05,16.05,16.05,16.05,0.0,0.0,0.0,-4.440892098500626e-16
161,equal_split_vickrey_faltings_fair,16.05,16.05,16.05,16.05,0.0,0.0,0.0,0.0
161,equal_split_vickrey_guo_2019_asymptotic,16.05,16.05,16.05,7.696666666666665,0.0,8.353333333333335,0.0,-8.353333333333335
161,equal_split_vickrey_guo_2019_finite_n,16.05,16.05,16.05,12.220000000000002,0.0,3.8299999999999983,0.0,-3.8299999999999974
161,lp_demand_vickrey_raw_coarse_wtp,16.05,16.05,16.049999465000003,16.049999465000003,5.349999980808207e-07,5.349999980808207e-07,0.0,4.440892098500626e-16
161,lp_demand_vickrey_raw_fine_wtp,16.05,16.05,16.049999686062275,16.049999686062275,3.1393772559340505e-07,3.1393772559340505e-07,0.0,-4.440892098500626e-16
161,lp_integrated_supply_demand,16.05,16.05,15.717086098361078,15.717086098361078,0.3329139016389231,0.3329139016389231,0.0,0.0
162,equal_split_first_best,47.45,47.45,47.45,47.45,0.0,0.0,0.0,-1.7763568394002505e-15
162,equal_split_vickrey_majority,47.45,47.45,47.45,47.45,0.0,0.0,0.0,-1.7763568394002505e-15
162,equal_split_vickrey_faltings_fair,47.45,47.45,47.45,47.45,0.0,0.0,0.0,-1.7763568394002505e-15
162,equal_split_vickrey_guo_2019_asymptotic,47.45,47.45,47.45,16.830000000000013,0.0,30.61999999999999,0.0,-30.61999999999999
162,equal_split_vickrey_guo_2019_finite_n,47.45,47.45,47.45,33.14000000000001,0.0,14.309999999999995,0.0,-14.309999999999997
162,lp_demand_vickrey_raw_coarse_wtp,47.45,47.45,47.44999881375,47.44999881375,1.1862500031156742e-06,1.1862500031156742e-06,0.0,1.7763568394002505e-15
162,lp_demand_vickrey_raw_fine_wtp,47.45,47.45,47.45,47.45,0.0,0.0,0.0,0.0
162,lp_integrated_supply_demand,47.45,47.45,45.869968683668645,45.869968683668645,1.5800313163313575,1.5800313163313575,0.0,0.0
163,equal_split_first_best,42.48,42.48,42.48,42.48,0.0,0.0,0.0,0.0
163,equal_split_vickrey_majority,42.48,42.48,42.48,42.48,0.0,0.0,0.0,-1.7763568394002505e-15
163,equal_split_vickrey_faltings_fair,42.48,42.48,42.48,42.48,0.0,0.0,0.0,-1.7763568394002505e-15
163,equal_split_vickrey_guo_2019_asymptotic,42.48,42.48,42.48,12.920000000000002,0.0,29.559999999999995,0.0,-29.559999999999995
163,equal_split_vickrey_guo_2019_finite_n,42.48,42.48,42.48,27.69999999999998,0.0,14.780000000000015,0.0,-14.780000000000014
163,lp_demand_vickrey_raw_coarse_wtp,42.48,42.48,42.479998937999994,42.479998937999994,1.0620000026051457e-06,1.0620000026051457e-06,0.0,0.0
163,lp_demand_vickrey_raw_fine_wtp,42.48,42.48,42.48,42.48,0.0,0.0,0.0,-8.881784197001252e-16
163,lp_integrated_supply_demand,42.48,42.48,40.56823066207162,40.56823066207162,1.9117693379283764,1.9117693379283764,0.0,0.0
164,equal_split_first_best,55.03,55.03,55.03,55.03,0.0,0.0,0.0,1.7763568394002505e-15
164,equal_split_vickrey_majority,55.03,55.03,55.03,55.03,0.0,0.0,0.0,-1.7763568394002505e-15
164,equal_split_vickrey_faltings_fair,55.03,55.03,55.03,55.03,0.0,0.0,0.0,-1.7763568394002505e-15
164,equal_split_vickrey_guo_2019_asymptotic,55.03,55.03,55.03,24.856666666666687,0.0,30.173333333333314,0.0,-30.173333333333314
164,equal_split_vickrey_guo_2019_finite_n,55.03,55.03,55.03,42.83000000000003,0.0,12.199999999999974,0.0,-12.19999999999997
164,lp_demand_vickrey_raw_coarse_wtp,55.03,55.03,55.03,55.03,0.0,0.0,0.0,0.0
164,lp_demand_vickrey_raw_fine_wtp,55.03,55.03,55.03,55.03,0.0,0.0,0.0,0.0
164,lp_integrated_supply_demand,55.03,55.03,53.097680592955,53.097680592955,1.932319407045,1.932319407045,0.0,0.0
165,equal_split_first_best,48.410000000000004,48.410000000000004,48.410000000000004,48.410000000000004,0.0,0.0,0.0,0.0
165,equal_split_vickrey_majority,48.410000000000004,48.410000000000004,48.410000000000004,48.410000000000004,0.0,0.0,0.0,0.0
165,equal_split_vickrey_faltings_fair,48.410000000000004,48.410000000000004,48.410000000000004,48.410000000000004,0.0,0.0,0.0,0.0
165,equal_split_vickrey_guo_2019_asymptotic,48.410000000000004,48.410000000000004,48.410000000000004,19.656666666666666,0.0,28.753333333333337,0.0,-28.753333333333337
165,equal_split_vickrey_guo_2019_finite_n,48.410000000000004,48.410000000000004,48.410000000000004,34.54,0.0,13.870000000000005,0.0,-13.870000000000005
165,lp_demand_vickrey_raw_coarse_wtp,48.410000000000004,48.410000000000004,48.40999878975,48.40999878975,1.210250005101443e-06,1.210250005101443e-06,0.0,0.0
165,lp_demand_vickrey_raw_fine_wtp,48.410000000000004,48.410000000000004,48.410000000000004,48.410000000000004,0.0,0.0,0.0,0.0
165,lp_integrated_supply_demand,48.410000000000004,48.410000000000004,46.01671784480208,46.01671784480208,2.393282155197923,2.393282155197923,0.0,0.0
166,equal_split_first_best,10.76,10.76,10.76,10.76,0.0,0.0,0.0,0.0
166,equal_split_vickrey_majority,10.76,10.76,10.76,10.759999999999998,0.0,1.7763568394002505e-15,0.0,-8.881784197001252e-16
166,equal_split_vickrey_faltings_fair,10.76,10.76,10.76,10.759999999999998,0.0,1.7763568394002505e-15,0.0,-8.881784197001252e-16
166,equal_split_vickrey_guo_2019_asymptotic,10.76,10.76,10.76,2.4933333333333305,0.0,8.26666666666667,0.0,-8.26666666666667
166,equal_split_vickrey_guo_2019_finite_n,10.76,10.76,10.76,9.689999999999996,0.0,1.0700000000000038,0.0,-1.0700000000000034
166,lp_demand_vickrey_raw_coarse_wtp,10.76,10.76,10.759999641333334,10.759999641333334,3.5866666614481346e-07,3.5866666614481346e-07,0.0,-8.881784197001252e-16
166,lp_demand_vickrey_raw_fine_wtp,10.76,10.76,10.759999282666667,10.75999928266667,7.173333322896269e-07,7.173333305132701e-07,0.0,8.881784197001252e-16
166,lp_integrated_supply_demand,10.76,10.76,10.549999993397389,10.549999993397389,0.21000000660261087,0.21000000660261087,0.0,0.0
167,equal_split_first_best,46.89,46.89,46.89,46.89,0.0,0.0,0.0,8.881784197001252e-16
167,equal_split_vickrey_majority,46.89,46.89,46.89,46.89,0.0,0.0,0.0,0.0
167,equal_split_vickrey_faltings_fair,46.89,46.89,46.89,46.89,0.0,0.0,0.0,0.0
167,equal_split_vickrey_guo_2019_asymptotic,46.89,46.89,46.89,24.190000000000005,0.0,22.699999999999996,0.0,-22.699999999999996
167,equal_split_vickrey_guo_2019_finite_n,46.89,46.89,46.89,35.54,0.0,11.350000000000001,0.0,-11.350000000000001
167,lp_demand_vickrey_raw_coarse_wtp,46.89,46.89,46.889999023125,46.889999023125,9.76875000446853e-07,9.76875000446853e-07,0.0,8.881784197001252e-16
167,lp_demand_vickrey_raw_fine_wtp,46.89,46.89,46.89,46.89,0.0,0.0,0.0,-1.7763568394002505e-15
167,lp_integrated_supply_demand,46.89,46.89,43.386298406438385,43.386298406438385,3.5037015935616154,3.5037015935616154,0.0,0.0
168,equal_split_first_best,78.25,78.25,78.25,78.25,0.0,0.0,0.0,1.7763568394002505e-15
168,equal_split_vickrey_majority,78.25,78.25,78.25,78.25,0.0,0.0,0.0,-1.7763568394002505e-15
168,equal_split_vickrey_faltings_fair,78.25,78.25,78.25,78.25,0.0,0.0,0.0,-1.7763568394002505e-15
168,equal_split_vickrey_guo_2019_asymptotic,78.25,78.25,78.25,43.28999999999999,0.0,34.96000000000001,0.0,-34.96000000000001
168,equal_split_vickrey_guo_2019_finite_n,78.25,78.25,78.25,60.76999999999997,0.0,17.480000000000032,0.0,-17.480000000000036
168,lp_demand_vickrey_raw_coarse_wtp,78.25,78.25,78.25,78.25,0.0,0.0,0.0,8.881784197001252e-16
168,lp_demand_vickrey_raw_fine_wtp,78.25,78.25,78.25,78.25,0.0,0.0,0.0,1.7763568394002505e-15
168,lp_integrated_supply_demand,78.25,78.25,77.56754037602275,77.56754037602275,0.6824596239772518,0.6824596239772518,0.0,-2.7755575615628914e-17
169,equal_split_first_best,12.9,12.9,12.9,12.9,0.0,0.0,0.0,4.440892098500626e-16
169,equal_split_vickrey_majority,12.9,12.9,12.9,12.9,0.0,0.0,0.0,4.440892098500626e-16
169,equal_split_vickrey_faltings_fair,12.9,12.9,12.9,12.9,0.0,0.0,0.0,0.0
169,equal_split_vickrey_guo_2019_asymptotic,12.9,12.9,12.9,4.14666666666667,0.0,8.75333333333333,0.0,-8.75333333333333
169,equal_split_vickrey_guo_2019_finite_n,12.9,12.9,12.9,8.815000000000001,0.0,4.084999999999999,0.0,-4.085
169,lp_demand_vickrey_raw_coarse_wtp,12.9,12.9,12.89999957,12.89999957,4.3000000005122274e-07,4.3000000005122274e-07,0.0,-4.440892098500626e-16
169,lp_demand_vickrey_raw_fine_wtp,12.9,12.9,12.89999974767622,12.89999974767622,2.523237796481226e-07,2.523237796481226e-07,0.0,-2.220446049250313e-16
169,lp_integrated_supply_demand,12.9,12.9,11.761501256446305,11.761501256446305,1.1384987435536953,1.1384987435536953,0.0,0.0
170,equal_split_first_best,20.110000000000003,20.110000000000003,20.110000000000003,20.110000000000007,0.0,-3.552713678800501e-15,0.0,1.7763568394002505e-15
170,equal_split_vickrey_majority,20.110000000000003,20.110000000000003,20.110000000000003,20.11,0.0,3.552713678800501e-15,0.0,-1.7763568394002505e-15
170,equal_split_vickrey_faltings_fair,20.110000000000003,20.110000000000003,20.110000000000003,20.110000000000003,0.0,0.0,0.0,0.0
170,equal_split_vickrey_guo_2019_asymptotic,20.110000000000003,20.110000000000003,20.110000000000003,-1.61666666666666,0.0,21.726666666666663,0.0,-21.726666666666663
170,equal_split_vickrey_guo_2019_finite_n,20.110000000000003,20.110000000000003,20.110000000000003,14.946666666666664,0.0,5.163333333333339,0.0,-5.163333333333339
170,lp_demand_vickrey_raw_coarse_wtp,20.110000000000003,20.110000000000003,20.109999329666667,20.109999329666664,6.703333355062568e-07,6.703333390589705e-07,0.0,-1.7763568394002505e-15
170,lp_demand_vickrey_raw_fine_wtp,20.110000000000003,20.110000000000003,20.110000000000003,20.11,0.0,3.552713678800501e-15,0.0,-1.7763568394002505e-15
170,lp_integrated_supply_demand,20.110000000000003,20.110000000000003,18.419999265386394,18.419999265386394,1.6900007346136086,1.6900007346136086,0.0,0.0
171,equal_split_first_best,73.16,73.16,73.16,73.16,0.0,0.0,0.0,1.7763568394002505e-15
171,equal_split_vickrey_majority,73.16,73.16,73.16,73.16,0.0,0.0,0.0,1.7763568394002505e-15
171,equal_split_vickrey_faltings_fair,73.16,73.16,73.16,73.16,0.0,0.0,0.0,1.7763568394002505e-15
171,equal_split_vickrey_guo_2019_asymptotic,73.16,73.16,73.16,42.80000000000004,0.0,30.359999999999957,0.0,-30.35999999999996
171,equal_split_vickrey_guo_2019_finite_n,73.16,73.16,73.16,57.98000000000002,0.0,15.179999999999978,0.0,-15.179999999999975
171,lp_demand_vickrey_raw_coarse_wtp,73.16,73.16,73.15999878066644,73.15999878066644,1.2193335550136908e-06,1.2193335550136908e-06,0.0,-8.881784197001252e-16
171,lp_demand_vickrey_raw_fine_wtp,73.16,73.16,73.16,73.16,0.0,0.0,0.0,0.0
171,lp_integrated_supply_demand,73.16,73.16,72.94818840441218,72.94818840441218,0.21181159558781815,0.21181159558781815,0.0,-2.7755575615628914e-17
172,equal_split_first_best,25.440000000000005,25.440000000000005,25.440000000000005,25.440000000000005,0.0,0.0,0.0,0.0
172,equal_split_vickrey_majority,25.440000000000005,25.440000000000005,25.440000000000005,25.440000000000005,0.0,0.0,0.0,0.0
172,equal_split_vickrey_faltings_fair,25.440000000000005,25.440000000000005,25.440000000000005,25.440000000000005,0.0,0.0,0.0,0.0
172,equal_split_vickrey_guo_2019_asymptotic,25.440000000000005,25.440000000000005,25.440000000000005,4.58666666666667,0.0,20.853333333333335,0.0,-20.853333333333335
172,equal_split_vickrey_guo_2019_finite_n,25.440000000000005,25.440000000000005,25.440000000000005,17.3,0.0,8.140000000000004,0.0,-8.140000000000004
172,lp_demand_vickrey_raw_coarse_wtp,25.440000000000005,25.440000000000005,25.43999929333334,25.43999929333334,7.066666647403963e-07,7.066666647403963e-07,0.0,8.881784197001252e-16
172,lp_demand_vickrey_raw_fine_wtp,25.440000000000005,25.440000000000005,25.440000000000005,25.440000000000005,0.0,0.0,0.0,-1.7763568394002505e-15
172,lp_integrated_supply_demand,25.440000000000005,25.440000000000005,22.603332431882947,22.603332431882947,2.8366675681170577,2.8366675681170577,0.0,0.0
173,equal_split_first_best,60.22999999999999,60.22999999999999,60.22999999999999,60.22999999999999,0.0,0.0,0.0,8.881784197001252e-16
173,equal_split_vickrey_majority,60.22999999999999,60.22999999999999,60.22999999999999,60.22999999999999,0.0,0.0,0.0,1.7763568394002505e-15
173,equal_split_vickrey_faltings_fair,60.22999999999999,60.22999999999999,60.22999999999999,60.22999999999999,0.0,0.0,0.0,1.7763568394002505e-15
173,equal_split_vickrey_guo_2019_asymptotic,60.22999999999999,60.22999999999999,60.22999999999999,30.82999999999998,0.0,29.40000000000001,0.0,-29.40000000000001
173,equal_split_vickrey_guo_2019_finite_n,60.22999999999999,60.22999999999999,60.22999999999999,45.52999999999997,0.0,14.700000000000017,0.0,-14.700000000000014
173,lp_demand_vickrey_raw_coarse_wtp,60.22999999999999,60.22999999999999,60.22999849424998,60.22999849424998,1.5057500064585838e-06,1.5057500064585838e-06,0.0,1.7763568394002505e-15
173,lp_demand_vickrey_raw_fine_wtp,60.22999999999999,60.22999999999999,60.22999999999999,60.22999999999999,0.0,0.0,0.0,0.0
173,lp_integrated_supply_demand,60.22999999999999,60.22999999999999,56.23677105355894,56.23677105355894,3.99322894644105,3.99322894644105,0.0,0.0
174,equal_split_first_best,9.08,9.08,9.08,9.080000000000002,0.0,-1.7763568394002505e-15,0.0,8.881784197001252e-16
174,equal_split_vickrey_majority,9.08,9.08,9.08,9.080000000000002,0.0,-1.7763568394002505e-15,0.0,8.881784197001252e-16
174,equal_split_vickrey_faltings_fair,9.08,9.08,9.08,9.080000000000002,0.0,-1.7763568394002505e-15,0.0,1.7763568394002505e-15
174,equal_split_vickrey_guo_2019_asymptotic,9.08,9.08,9.08,-1.466666666666665,0.0,10.546666666666665,0.0,-10.546666666666665
174,equal_split_vickrey_guo_2019_finite_n,9.08,9.08,9.08,6.3800000000000034,0.0,2.6999999999999966,0.0,-2.6999999999999966
174,lp_demand_vickrey_raw_coarse_wtp,9.08,9.08,0.0,0.0,9.08,9.08,0.0,0.0
174,lp_demand_vickrey_raw_fine_wtp,9.08,9.08,9.079999697333333,9.079999697333335,3.026666668404232e-07,3.0266666506406636e-07,0.0,8.881784197001252e-16
174,lp_integrated_supply_demand,9.08,9.08,5.237710369045338,5.237710369045338,3.842289630954662,3.842289630954662,0.0,0.0
175,equal_split_first_best,79.35000000000001,79.35000000000001,79.35000000000001,79.35000000000001,0.0,0.0,0.0,0.0
175,equal_split_vickrey_majority,79.35000000000001,79.35000000000001,79.35000000000001,79.35000000000001,0.0,0.0,0.0,-1.7763568394002505e-15
175,equal_split_vickrey_faltings_fair,79.35000000000001,79.35000000000001,79.35000000000001,79.35000000000001,0.0,0.0,0.0,-1.7763568394002505e-15
175,equal_split_vickrey_guo_2019_asymptotic,79.35000000000001,79.35000000000001,79.35000000000001,44.65000000000002,0.0,34.69999999999999,0.0,-34.69999999999999
175,equal_split_vickrey_guo_2019_finite_n,79.35000000000001,79.35000000000001,79.35000000000001,62.00000000000004,0.0,17.349999999999966,0.0,-17.34999999999997
175,lp_demand_vickrey_raw_coarse_wtp,79.35000000000001,79.35000000000001,79.35000000000001,79.35000000000001,0.0,0.0,0.0,8.881784197001252e-16
175,lp_demand_vickrey_raw_fine_wtp,79.35000000000001,79.35000000000001,79.35000000000001,79.35000000000001,0.0,0.0,0.0,0.0
175,lp_integrated_supply_demand,79.35000000000001,79.35000000000001,78.95287208682991,78.95287208682991,0.3971279131700953,0.3971279131700953,0.0,0.0
176,equal_split_first_best,31.450000000000003,31.450000000000003,31.450000000000003,31.450000000000003,0.0,0.0,0.0,0.0
176,equal_split_vickrey_majority,31.450000000000003,31.450000000000003,31.450000000000003,31.450000000000003,0.0,0.0,0.0,-1.7763568394002505e-15
176,equal_split_vickrey_faltings_fair,31.450000000000003,31.450000000000003,31.450000000000003,31.450000000000003,0.0,0.0,0.0,0.0
176,equal_split_vickrey_guo_2019_asymptotic,31.450000000000003,31.450000000000003,31.450000000000003,11.77000000000001,0.0,19.679999999999993,0.0,-19.679999999999993
176,equal_split_vickrey_guo_2019_finite_n,31.450000000000003,31.450000000000003,31.450000000000003,26.275000000000006,0.0,5.174999999999997,0.0,-5.174999999999998
176,lp_demand_vickrey_raw_coarse_wtp,31.450000000000003,31.450000000000003,31.449998689583335,31.44999868958334,1.310416667621439e-06,1.3104166640687254e-06,0.0,1.7763568394002505e-15
176,lp_demand_vickrey_raw_fine_wtp,31.450000000000003,31.450000000000003,31.450000000000003,31.45,0.0,3.552713678800501e-15,0.0,-2.6645352591003757e-15
176,lp_integrated_supply_demand,31.450000000000003,31.450000000000003,31.191067930787344,31.191067930787344,0.25893206921265843,0.25893206921265843,0.0,0.0
177,equal_split_first_best,43.69,43.69,43.69,43.69,0.0,0.0,0.0,1.7763568394002505e-15
177,equal_split_vickrey_majority,43.69,43.69,43.69,43.69,0.0,0.0,0.0,1.7763568394002505e-15
177,equal_split_vickrey_faltings_fair,43.69,43.69,43.69,43.69,0.0,0.0,0.0,1.7763568394002505e-15
177,equal_split_vickrey_guo_2019_asymptotic,43.69,43.69,43.69,15.523333333333326,0.0,28.16666666666667,0.0,-28.16666666666667
177,equal_split_vickrey_guo_2019_finite_n,43.69,43.69,43.69,30.82499999999998,0.0,12.865000000000016,0.0,-12.865000000000018
177,lp_demand_vickrey_raw_coarse_wtp,43.69,43.69,43.689998907749995,43.689998907749995,1.0922500024435067e-06,1.0922500024435067e-06,0.0,1.7763568394002505e-15
177,lp_demand_vickrey_raw_fine_wtp,43.69,43.69,43.69,43.69,0.0,0.0,0.0,8.881784197001252e-16
177,lp_integrated_supply_demand,43.69,43.69,41.63868726258973,41.63868726258973,2.051312737410271,2.051312737410271,0.0,0.0
178,equal_split_first_best,10.959999999999999,10.959999999999999,10.959999999999999,10.959999999999999,0.0,0.0,0.0,-2.220446049250313e-16
178,equal_split_vickrey_majority,10.959999999999999,10.959999999999999,10.959999999999999,10.959999999999999,0.0,0.0,0.0,4.440892098500626e-16
178,equal_split_vickrey_faltings_fair,10.959999999999999,10.959999999999999,10.959999999999999,10.959999999999999,0.0,0.0,0.0,4.440892098500626e-16
178,equal_split_vickrey_guo_2019_asymptotic,10.959999999999999,10.959999999999999,10.959999999999999,4.219999999999996,0.0,6.740000000000003,0.0,-6.740000000000003
178,equal_split_vickrey_guo_2019_finite_n,10.959999999999999,10.959999999999999,10.959999999999999,7.589999999999999,0.0,3.37,0.0,-3.37
178,lp_demand_vickrey_raw_coarse_wtp,10.959999999999999,10.959999999999999,0.0,0.0,10.959999999999999,10.959999999999999,0.0,0.0
178,lp_demand_vickrey_raw_fine_wtp,10.959999999999999,10.959999999999999,10.959999878222222,10.959999878222222,1.2177777719557525e-07,1.2177777719557525e-07,0.0,2.220446049250313e-16
178,lp_integrated_supply_demand,10.959999999999999,10.959999999999999,5.003726368306839,5.003726368306839,5.95627363169316,5.95627363169316,0.0,0.0
179,equal_split_first_best,58.93000000000001,58.93000000000001,58.93000000000001,58.93000000000001,0.0,0.0,0.0,-1.7763568394002505e-15
179,equal_split_vickrey_majority,58.93000000000001,58.93000000000001,58.93000000000001,58.93000000000001,0.0,0.0,0.0,-1.7763568394002505e-15
179,equal_split_vickrey_faltings_fair,58.93000000000001,58.93000000000001,58.93000000000001,58.93000000000001,0.0,0.0,0.0,-1.7763568394002505e-15
179,equal_split_vickrey_guo_2019_asymptotic,58.93000000000001,58.93000000000001,58.93000000000001,20.830000000000013,0.0,38.099999999999994,0.0,-38.099999999999994
179,equal_split_vickrey_guo_2019_finite_n,58.93000000000001,58.93000000000001,58.93000000000001,39.88000000000001,0.0,19.049999999999997,0.0,-19.049999999999994
179,lp_demand_vickrey_raw_coarse_wtp,58.93000000000001,58.93000000000001,58.93000000000001,58.93000000000001,0.0,0.0,0.0,8.881784197001252e-16
179,lp_demand_vickrey_raw_fine_wtp,58.93000000000001,58.93000000000001,58.93000000000001,58.93000000000001,0.0,0.0,0.0,-1.7763568394002505e-15
179,lp_integrated_supply_demand,58.93000000000001,58.93000000000001,56.38599248059614,56.38599248059614,2.54400751940387,2.54400751940387,0.0,0.0
180,equal_split_first_best,78.65,78.65,78.65,78.65,0.0,0.0,0.0,0.0
180,equal_split_vickrey_majority,78.65,78.65,78.65,78.65,0.0,0.0,0.0,0.0
180,equal_split_vickrey_faltings_fair,78.65,78.65,78.65,78.65,0.0,0.0,0.0,0.0
180,equal_split_vickrey_guo_2019_asymptotic,78.65,78.65,78.65,50.209999999999994,0.0,28.440000000000012,0.0,-28.440000000000012
180,equal_split_vickrey_guo_2019_finite_n,78.65,78.65,78.65,64.43,0.0,14.219999999999999,0.0,-14.219999999999992
180,lp_demand_vickrey_raw_coarse_wtp,78.65,78.65,78.649998427,78.649998427,1.5730000058056248e-06,1.5730000058056248e-06,0.0,-1.7763568394002505e-15
180,lp_demand_vickrey_raw_fine_wtp,78.65,78.65,78.65,78.65,0.0,0.0,0.0,0.0
180,lp_integrated_supply_demand,78.65,78.65,75.8308082086642,75.8308082086642,2.819191791335811,2.819191791335811,0.0,0.0
181,equal_split_first_best,22.53,22.53,22.53,22.53,0.0,0.0,0.0,1.7763568394002505e-15
181,equal_split_vickrey_majority,22.53,22.53,22.53,22.53,0.0,0.0,0.0,0.0
181,equal_split_vickrey_faltings_fair,22.53,22.53,22.53,22.53,0.0,0.0,0.0,0.0
181,equal_split_vickrey_guo_2019_asymptotic,22.53,22.53,22.53,1.1100000000000065,0.0,21.419999999999995,0.0,-21.419999999999995
181,equal_split_vickrey_guo_2019_finite_n,22.53,22.53,22.53,15.330000000000002,0.0,7.199999999999999,0.0,-7.199999999999999
181,lp_demand_vickrey_raw_coarse_wtp,22.53,22.53,22.529999374166668,22.529999374166668,6.258333336006672e-07,6.258333336006672e-07,0.0,0.0
181,lp_demand_vickrey_raw_fine_wtp,22.53,22.53,22.53,22.53,0.0,0.0,0.0,8.881784197001252e-16
181,lp_integrated_supply_demand,22.53,22.53,21.029999161296193,21.029999161296193,1.5000008387038086,1.5000008387038086,0.0,0.0
182,equal_split_first_best,16.85,16.85,16.85,16.85,0.0,0.0,0.0,0.0
182,equal_split_vickrey_majority,16.85,16.85,16.85,16.85,0.0,0.0,0.0,-1.7763568394002505e-15
182,equal_split_vickrey_faltings_fair,16.85,16.85,16.85,16.85,0.0,0.0,0.0,-1.7763568394002505e-15
182,equal_split_vickrey_guo_2019_asymptotic,16.85,16.85,16.85,-2.710000000000008,0.0,19.56000000000001,0.0,-19.56000000000001
182,equal_split_vickrey_guo_2019_finite_n,16.85,16.85,16.85,14.303333333333338,0.0,2.5466666666666633,0.0,-2.5466666666666633
182,lp_demand_vickrey_raw_coarse_wtp,16.85,16.85,16.8499991575,16.8499991575,8.425000004308458e-07,8.425000004308458e-07,0.0,8.881784197001252e-16
182,lp_demand_vickrey_raw_fine_wtp,16.85,16.85,16.85,16.85,0.0,0.0,0.0,-1.7763568394002505e-15
182,lp_integrated_supply_demand,16.85,16.85,13.296924233488879,13.296924233488879,3.553075766511123,3.553075766511123,0.0,0.0
183,equal_split_first_best,74.87,74.87,74.87,74.87,0.0,0.0,0.0,1.7763568394002505e-15
183,equal_split_vickrey_majority,74.87,74.87,74.87,74.87,0.0,0.0,0.0,0.0
183,equal_split_vickrey_faltings_fair,74.87,74.87,74.87,74.87,0.0,0.0,0.0,0.0
183,equal_split_vickrey_guo_2019_asymptotic,74.87,74.87,74.87,32.75000000000004,0.0,42.11999999999996,0.0,-42.11999999999996
183,equal_split_vickrey_guo_2019_finite_n,74.87,74.87,74.87,53.81000000000003,0.0,21.059999999999974,0.0,-21.059999999999974
183,lp_demand_vickrey_raw_coarse_wtp,74.87,74.87,74.87,74.87,0.0,0.0,0.0,0.0
183,lp_demand_vickrey_raw_fine_wtp,74.87,74.87,74.87,74.87,0.0,0.0,0.0,0.0
183,lp_integrated_supply_demand,74.87,74.87,74.50884267336892,74.50884267336892,0.361157326631087,0.361157326631087,0.0,-2.7755575615628914e-17
184,equal_split_first_best,11.999999999999998,11.999999999999998,11.999999999999998,12.0,0.0,-1.7763568394002505e-15,0.0,1.7763568394002505e-15
184,equal_split_vickrey_majority,11.999999999999998,11.999999999999998,11.999999999999998,11.999999999999998,0.0,0.0,0.0,0.0
184,equal_split_vickrey_faltings_fair,11.999999999999998,11.999999999999998,11.999999999999998,11.999999999999998,0.0,0.0,0.0,0.0
184,equal_split_vickrey_guo_2019_asymptotic,11.999999999999998,11.999999999999998,11.999999999999998,-9.753333333333336,0.0,21.753333333333334,0.0,-21.753333333333334
184,equal_split_vickrey_guo_2019_finite_n,11.999999999999998,11.999999999999998,11.999999999999998,10.47166666666666,0.0,1.5283333333333378,0.0,-1.5283333333333378
184,lp_demand_vickrey_raw_coarse_wtp,11.999999999999998,11.999999999999998,11.999998799999998,11.999998799999998,1.1999999998124622e-06,1.1999999998124622e-06,0.0,0.0
184,lp_demand_vickrey_raw_fine_wtp,11.999999999999998,11.999999999999998,11.999999999999998,11.999999999999998,0.0,0.0,0.0,0.0
184,lp_integrated_supply_demand,11.999999999999998,11.999999999999998,8.943663971502934,8.943663971502934,3.056336028497064,3.056336028497064,0.0,0.0
185,equal_split_first_best,21.45,21.45,21.45,21.450000000000003,0.0,-3.552713678800501e-15,0.0,1.7763568394002505e-15
185,equal_split_vickrey_majority,21.45,21.45,21.45,21.449999999999996,0.0,3.552713678800501e-15,0.0,-1.7763568394002505e-15
185,equal_split_vickrey_faltings_fair,21.45,21.45,21.45,21.449999999999996,0.0,3.552713678800501e-15,0.0,-1.7763568394002505e-15
185,equal_split_vickrey_guo_2019_asymptotic,21.45,21.45,21.45,0.7099999999999973,0.0,20.740000000000002,0.0,-20.740000000000002
185,equal_split_vickrey_guo_2019_finite_n,21.45,21.45,21.45,18.00500000000001,0.0,3.4449999999999896,0.0,-3.4449999999999914
185,lp_demand_vickrey_raw_coarse_wtp,21.45,21.45,21.449998927499998,21.449998927499998,1.0725000016975628e-06,1.0725000016975628e-06,0.0,-8.881784197001252e-16
185,lp_demand_vickrey_raw_fine_wtp,21.45,21.45,21.45,21.45,0.0,0.0,0.0,-8.881784197001252e-16
185,lp_integrated_supply_demand,21.45,21.45,20.654953891357348,20.654953891357348,0.7950461086426515,0.7950461086426515,0.0,0.0
186,equal_split_first_best,0.0,0.0,0.0,0.0,0.0,0.0,0.0,0.0
186,equal_split_vickrey_majority,0.0,0.0,-2.9200000000000017,-2.920000000000009,2.9200000000000017,2.920000000000009,0.0,-7.105427357601002e-15
186,equal_split_vickrey_faltings_fair,0.0,0.0,-0.9733333333333338,-0.9733333333333374,0.9733333333333338,0.9733333333333374,0.0,-3.552713678800501e-15
186,equal_split_vickrey_guo_2019_asymptotic,0.0,0.0,0.0,-121.24000000000001,0.0,121.24000000000001,0.0,-121.24000000000001
186,equal_split_vickrey_guo_2019_finite_n,0.0,0.0,0.0,-1.806666666666672,0.0,1.806666666666672,0.0,-1.806666666666672
186,lp_demand_vickrey_raw_coarse_wtp,0.0,0.0,-2.9199507022694213,-2.919950702269425,2.9199507022694213,2.919950702269425,0.0,-3.552713678800501e-15
186,lp_demand_vickrey_raw_fine_wtp,0.0,0.0,-2.9200000000000017,-2.920000000000009,2.9200000000000017,2.920000000000009,0.0,-7.105427357601002e-15
186,lp_integrated_supply_demand,0.0,0.0,-5.606020279861987,-5.606020279861987,5.606020279861987,5.606020279861987,0.0,0.0
187,equal_split_first_best,11.990000000000002,11.990000000000002,11.990000000000002,11.99,0.0,1.7763568394002505e-15,0.0,-1.7763568394002505e-15
187,equal_split_vickrey_majority,11.990000000000002,11.990000000000002,11.990000000000002,11.99,0.0,1.7763568394002505e-15,0.0,-1.7763568394002505e-15
187,equal_split_vickrey_faltings_fair,11.990000000000002,11.990000000000002,11.990000000000002,11.99,0.0,1.7763568394002505e-15,0.0,-1.7763568394002505e-15
187,equal_split_vickrey_guo_2019_asymptotic,11.990000000000002,11.990000000000002,11.990000000000002,-7.043333333333333,0.0,19.033333333333335,0.0,-19.033333333333335
187,equal_split_vickrey_guo_2019_finite_n,11.990000000000002,11.990000000000002,11.990000000000002,9.93833333333334,0.0,2.0516666666666623,0.0,-2.0516666666666623
187,lp_demand_vickrey_raw_coarse_wtp,11.990000000000002,11.990000000000002,11.989999400500002,11.9899994005,5.994999998648609e-07,5.995000016412178e-07,0.0,-1.7763568394002505e-15
187,lp_demand_vickrey_raw_fine_wtp,11.990000000000002,11.990000000000002,11.990000000000002,11.99,0.0,1.7763568394002505e-15,0.0,-1.7763568394002505e-15
187,lp_integrated_supply_demand,11.990000000000002,11.990000000000002,9.830229615970028,9.830229615970028,2.159770384029974,2.159770384029974,0.0,0.0
188,equal_split_first_best,93.56,93.56,93.56,93.56,0.0,0.0,0.0,1.7763568394002505e-15
188,equal_split_vickrey_majority,93.56,93.56,93.56,93.56,0.0,0.0,0.0,-1.7763568394002505e-15
188,equal_split_vickrey_faltings_fair,93.56,93.56,93.56,93.56,0.0,0.0,0.0,-1.7763568394002505e-15
188,equal_split_vickrey_guo_2019_asymptotic,93.56,93.56,93.56,60.64000000000003,0.0,32.91999999999997,0.0,-32.91999999999997
188,equal_split_vickrey_guo_2019_finite_n,93.56,93.56,93.56,77.10000000000002,0.0,16.45999999999998,0.0,-16.459999999999983
188,lp_demand_vickrey_raw_coarse_wtp,93.56,93.56,93.56,93.56,0.0,0.0,0.0,8.881784197001252e-16
188,lp_demand_vickrey_raw_fine_wtp,93.56,93.56,93.56,93.56,0.0,0.0,0.0,0.0
188,lp_integrated_supply_demand,93.56,93.56,90.31898483925889,90.31898483925889,3.2410151607411137,3.2410151607411137,0.0,-2.7755575615628914e-17
189,equal_split_first_best,31.07,31.07,31.07,31.07,0.0,0.0,0.0,0.0
189,equal_split_vickrey_majority,31.07,31.07,31.07,31.07,0.0,0.0,0.0,8.881784197001252e-16
189,equal_split_vickrey_faltings_fair,31.07,31.07,31.07,31.07,0.0,0.0,0.0,1.7763568394002505e-15
189,equal_split_vickrey_guo_2019_asymptotic,31.07,31.07,31.07,8.923333333333346,0.0,22.146666666666654,0.0,-22.146666666666654
189,equal_split_vickrey_guo_2019_finite_n,31.07,31.07,31.07,20.950000000000003,0.0,10.119999999999997,0.0,-10.12
189,lp_demand_vickrey_raw_coarse_wtp,31.07,31.07,31.069999136944446,31.069999136944446,8.63055554134462e-07,8.63055554134462e-07,0.0,8.881784197001252e-16
189,lp_demand_vickrey_raw_fine_wtp,31.07,31.07,31.07,31.07,0.0,0.0,0.0,-8.881784197001252e-16
189,lp_integrated_supply_demand,31.07,31.07,28.423332199773753,28.423332199773753,2.646667800226247,2.646667800226247,0.0,0.0
190,equal_split_first_best,67.38,67.38,67.38,67.38,0.0,0.0,0.0,1.7763568394002505e-15
190,equal_split_vickrey_majority,67.38,67.38,67.38,67.38,0.0,0.0,0.0,0.0
190,equal_split_vickrey_faltings_fair,67.38,67.38,67.38,67.38,0.0,0.0,0.0,0.0
190,equal_split_vickrey_guo_2019_asymptotic,67.38,67.38,67.38,40.38,0.0,26.999999999999993,0.0,-26.999999999999993
190,equal_split_vickrey_guo_2019_finite_n,67.38,67.38,67.38,53.879999999999995,0.0,13.5,0.0,-13.5
190,lp_demand_vickrey_raw_coarse_wtp,67.38,67.38,67.379998877,67.379998877,1.12299998988874e-06,1.12299998988874e-06,0.0,8.881784197001252e-16
190,lp_demand_vickrey_raw_fine_wtp,67.38,67.38,67.38,67.38,0.0,0.0,0.0,0.0
190,lp_integrated_supply_demand,67.38,67.38,64.54938117889812,64.54938117889812,2.8306188211018792,2.8306188211018792,0.0,0.0
191,equal_split_first_best,50.11,50.11,50.11,50.11,0.0,0.0,0.0,-1.7763568394002505e-15
191,equal_split_vickrey_majority,50.11,50.11,50.11,50.11,0.0,0.0,0.0,1.7763568394002505e-15
191,equal_split_vickrey_faltings_fair,50.11,50.11,50.11,50.11,0.0,0.0,0.0,3.552713678800501e-15
191,equal_split_vickrey_guo_2019_asymptotic,50.11,50.11,50.11,19.056666666666676,0.0,31.053333333333324,0.0,-31.053333333333324
191,equal_split_vickrey_guo_2019_finite_n,50.11,50.11,50.11,36.07000000000001,0.0,14.039999999999992,0.0,-14.039999999999988
191,lp_demand_vickrey_raw_coarse_wtp,50.11,50.11,50.11,50.11,0.0,0.0,0.0,0.0
191,lp_demand_vickrey_raw_fine_wtp,50.11,50.11,50.11,50.11,0.0,0.0,0.0,-1.7763568394002505e-15
191,lp_integrated_supply_demand,50.11,50.11,48.178702199732705,48.178702199732705,1.931297800267295,1.931297800267295,0.0,0.0
192,equal_split_first_best,11.58,11.58,11.58,11.58,0.0,0.0,0.0,0.0
192,equal_split_vickrey_majority,11.58,11.58,11.58,11.58,0.0,0.0,0.0,-4.440892098500626e-16
192,equal_split_vickrey_faltings_fair,11.58,11.58,11.58,11.58,0.0,0.0,0.0,-4.440892098500626e-16
192,equal_split_vickrey_guo_2019_asymptotic,11.58,11.58,11.58,4.486666666666666,0.0,7.093333333333334,0.0,-7.093333333333334
192,equal_split_vickrey_guo_2019_finite_n,11.58,11.58,11.58,8.584999999999999,0.0,2.995000000000001,0.0,-2.9950000000000006
192,lp_demand_vickrey_raw_coarse_wtp,11.58,11.58,0.0,0.0,11.58,11.58,0.0,0.0
192,lp_demand_vickrey_raw_fine_wtp,11.58,11.58,11.579999228,11.579999228,7.719999999267202e-07,7.719999999267202e-07,0.0,4.440892098500626e-16
192,lp_integrated_supply_demand,11.58,11.58,5.250330265246371,5.250330265246371,6.3296697347536295,6.3296697347536295,0.0,0.0
193,equal_split_first_best,26.33,26.33,26.33,26.33,0.0,0.0,0.0,8.881784197001252e-16
193,equal_split_vickrey_majority,26.33,26.33,26.33,26.33,0.0,0.0,0.0,-1.7763568394002505e-15
193,equal_split_vickrey_faltings_fair,26.33,26.33,26.33,26.33,0.0,0.0,0.0,-1.7763568394002505e-15
193,equal_split_vickrey_guo_2019_asymptotic,26.33,26.33,26.33,7.723333333333322,0.0,18.606666666666676,0.0,-18.606666666666676
193,equal_split_vickrey_guo_2019_finite_n,26.33,26.33,26.33,20.835,0.0,5.494999999999997,0.0,-5.494999999999998
193,lp_demand_vickrey_raw_coarse_wtp,26.33,26.33,26.329998902916664,26.329998902916664,1.097083334400395e-06,1.097083334400395e-06,0.0,-1.7763568394002505e-15
193,lp_demand_vickrey_raw_fine_wtp,26.33,26.33,26.33,26.329999999999995,0.0,3.552713678800501e-15,0.0,-2.6645352591003757e-15
193,lp_integrated_supply_demand,26.33,26.33,25.358913662916045,25.358913662916045,0.9710863370839533,0.9710863370839533,0.0,0.0
194,equal_split_first_best,92.30999999999999,92.30999999999999,92.30999999999999,92.30999999999999,0.0,0.0,0.0,-1.7763568394002505e-15
194,equal_split_vickrey_majority,92.30999999999999,92.30999999999999,92.30999999999999,92.30999999999999,0.0,0.0,0.0,0.0
194,equal_split_vickrey_faltings_fair,92.30999999999999,92.30999999999999,92.30999999999999,92.30999999999999,0.0,0.0,0.0,0.0
194,equal_split_vickrey_guo_2019_asymptotic,92.30999999999999,92.30999999999999,92.30999999999999,54.79,0.0,37.51999999999999,0.0,-37.51999999999999
194,equal_split_vickrey_guo_2019_finite_n,92.30999999999999,92.30999999999999,92.30999999999999,73.54999999999995,0.0,18.760000000000034,0.0,-18.760000000000034
194,lp_demand_vickrey_raw_coarse_wtp,92.30999999999999,92.30999999999999,92.30999999999999,92.30999999999999,0.0,0.0,0.0,0.0
194,lp_demand_vickrey_raw_fine_wtp,92.30999999999999,92.30999999999999,92.30999999999999,92.30999999999999,0.0,0.0,0.0,-8.881784197001252e-16
194,lp_integrated_supply_demand,92.30999999999999,92.30999999999999,90.19515529585604,90.19515529585604,2.114844704143948,2.114844704143948,0.0,0.0
195,equal_split_first_best,17.04,17.04,17.04,17.04,0.0,0.0,0.0,-1.7763568394002505e-15
195,equal_split_vickrey_majority,17.04,17.04,17.04,17.04,0.0,0.0,0.0,-1.7763568394002505e-15
195,equal_split_vickrey_faltings_fair,17.04,17.04,17.04,17.04,0.0,0.0,0.0,0.0
195,equal_split_vickrey_guo_2019_asymptotic,17.04,17.04,17.04,-4.673333333333336,0.0,21.713333333333335,0.0,-21.713333333333335
195,equal_split_vickrey_guo_2019_finite_n,17.04,17.04,17.04,13.726666666666665,0.0,3.3133333333333344,0.0,-3.3133333333333344
195,lp_demand_vickrey_raw_coarse_wtp,17.04,17.04,17.04,17.04,0.0,0.0,0.0,8.881784197001252e-16
195,lp_demand_vickrey_raw_fine_wtp,17.04,17.04,17.04,17.04,0.0,0.0,0.0,0.0
195,lp_integrated_supply_demand,17.04,17.04,14.396666092508838,14.396666092508838,2.6433339074911615,2.6433339074911615,0.0,0.0
196,equal_split_first_best,16.279999999999998,16.279999999999998,16.279999999999998,16.279999999999998,0.0,0.0,0.0,0.0
196,equal_split_vickrey_majority,16.279999999999998,16.279999999999998,16.279999999999998,16.279999999999998,0.0,0.0,0.0,0.0
196,equal_split_vickrey_faltings_fair,16.279999999999998,16.279999999999998,16.279999999999998,16.279999999999998,0.0,0.0,0.0,0.0
196,equal_split_vickrey_guo_2019_asymptotic,16.279999999999998,16.279999999999998,16.279999999999998,-4.9600000000000115,0.0,21.24000000000001,0.0,-21.24000000000001
196,equal_split_vickrey_guo_2019_finite_n,16.279999999999998,16.279999999999998,16.279999999999998,14.873333333333328,0.0,1.4066666666666698,0.0,-1.4066666666666698
196,lp_demand_vickrey_raw_coarse_wtp,16.279999999999998,16.279999999999998,16.279998371999998,16.279998371999998,1.6279999996982042e-06,1.6279999996982042e-06,0.0,0.0
196,lp_demand_vickrey_raw_fine_wtp,16.279999999999998,16.279999999999998,16.279999999999998,16.279999999999998,0.0,0.0,0.0,0.0
196,lp_integrated_supply_demand,16.279999999999998,16.279999999999998,11.707030451116111,11.707030451116111,4.572969548883886,4.572969548883886,0.0,0.0
197,equal_split_first_best,13.169999999999998,13.169999999999998,13.169999999999998,13.169999999999998,0.0,0.0,0.0,0.0
197,equal_split_vickrey_majority,13.169999999999998,13.169999999999998,13.169999999999998,13.169999999999998,0.0,0.0,0.0,-4.440892098500626e-16
197,equal_split_vickrey_faltings_fair,13.169999999999998,13.169999999999998,13.169999999999998,13.169999999999998,0.0,0.0,0.0,-4.440892098500626e-16
197,equal_split_vickrey_guo_2019_asymptotic,13.169999999999998,13.169999999999998,13.169999999999998,5.049999999999994,0.0,8.120000000000005,0.0,-8.120000000000005
197,equal_split_vickrey_guo_2019_finite_n,13.169999999999998,13.169999999999998,13.169999999999998,9.109999999999992,0.0,4.060000000000006,0.0,-4.060000000000005
197,lp_demand_vickrey_raw_coarse_wtp,13.169999999999998,13.169999999999998,0.0,0.0,13.169999999999998,13.169999999999998,0.0,0.0
197,lp_demand_vickrey_raw_fine_wtp,13.169999999999998,13.169999999999998,13.169999742395024,13.169999742395024,2.576049737967878e-07,2.576049737967878e-07,0.0,2.220446049250313e-16
197,lp_integrated_supply_demand,13.169999999999998,13.169999999999998,6.028465534643404,6.028465534643404,7.141534465356594,7.141534465356594,0.0,0.0
198,equal_split_first_best,81.27,81.27,81.27,81.27,0.0,0.0,0.0,-1.7763568394002505e-15
198,equal_split_vickrey_majority,81.27,81.27,81.27,81.27,0.0,0.0,0.0,1.7763568394002505e-15
198,equal_split_vickrey_faltings_fair,81.27,81.27,81.27,81.27,0.0,0.0,0.0,1.7763568394002505e-15
198,equal_split_vickrey_guo_2019_asymptotic,81.27,81.27,81.27,45.709999999999994,0.0,35.56,0.0,-35.56
198,equal_split_vickrey_guo_2019_finite_n,81.27,81.27,81.27,63.49000000000001,0.0,17.779999999999987,0.0,-17.77999999999999
198,lp_demand_vickrey_raw_coarse_wtp,81.27,81.27,81.27,81.27,0.0,0.0,0.0,8.881784197001252e-16
198,lp_demand_vickrey_raw_fine_wtp,81.27,81.27,81.27,81.27,0.0,0.0,0.0,-1.7763568394002505e-15
198,lp_integrated_supply_demand,81.27,81.27,80.8752561598933,80.8752561598933,0.39474384010669894,0.39474384010669894,0.0,0.0
199,equal_split_first_best,85.57,85.57,85.57,85.57,0.0,0.0,0.0,1.7763568394002505e-15
199,equal_split_vickrey_majority,85.57,85.57,85.57,85.57,0.0,0.0,0.0,0.0
199,equal_split_vickrey_faltings_fair,85.57,85.57,85.57,85.57,0.0,0.0,0.0,0.0
199,equal_split_vickrey_guo_2019_asymptotic,85.57,85.57,85.57,58.849999999999994,0.0,26.72,0.0,-26.72
199,equal_split_vickrey_guo_2019_finite_n,85.57,85.57,85.57,72.20999999999998,0.0,13.360000000000014,0.0,-13.360000000000014
199,lp_demand_vickrey_raw_coarse_wtp,85.57,85.57,85.56999881152778,85.56999881152778,1.1884722113109092e-06,1.1884722113109092e-06,0.0,-1.7763568394002505e-15
199,lp_demand_vickrey_raw_fine_wtp,85.57,85.57,85.57,85.57,0.0,0.0,0.0,1.7763568394002505e-15
199,lp_integrated_supply_demand,85.57,85.57,84.0274253073026,84.0274253073026,1.5425746926974,1.5425746926974,0.0,-2.7755575615628914e-17
200,equal_split_first_best,14.180000000000001,14.180000000000001,14.180000000000001,14.180000000000001,0.0,0.0,0.0,-2.220446049250313e-16
200,equal_split_vickrey_majority,14.180000000000001,14.180000000000001,14.180000000000001,14.180000000000001,0.0,0.0,0.0,-4.440892098500626e-16
200,equal_split_vickrey_faltings_fair,14.180000000000001,14.180000000000001,14.180000000000001,14.180000000000001,0.0,0.0,0.0,-4.440892098500626e-16
200,equal_split_vickrey_guo_2019_asymptotic,14.180000000000001,14.180000000000001,14.180000000000001,6.793333333333335,0.0,7.386666666666667,0.0,-7.386666666666667
200,equal_split_vickrey_guo_2019_finite_n,14.180000000000001,14.180000000000001,14.180000000000001,10.660000000000009,0.0,3.5199999999999925,0.0,-3.519999999999992
200,lp_demand_vickrey_raw_coarse_wtp,14.180000000000001,14.180000000000001,14.179999527333335,14.179999527333335,4.7266666669543156e-07,4.7266666669543156e-07,0.0,-4.440892098500626e-16
200,lp_demand_vickrey_raw_fine_wtp,14.180000000000001,14.180000000000001,14.179999638672731,14.179999638672733,3.6132727032622824e-07,3.613272685498714e-07,0.0,8.881784197001252e-16
200,lp_integrated_supply_demand,14.180000000000001,14.180000000000001,12.83413341660734,12.83413341660734,1.3458665833926613,1.3458665833926613,0.0,0.0
201,equal_split_first_best,5.840000000000003,5.840000000000003,5.840000000000003,5.840000000000007,0.0,-3.552713678800501e-15,0.0,3.552713678800501e-15
201,equal_split_vickrey_majority,5.840000000000003,5.840000000000003,0.0,0.0,5.840000000000003,5.840000000000003,0.0,0.0
201,equal_split_vickrey_faltings_fair,5.840000000000003,5.840000000000003,3.8933333333333353,3.8933333333333335,1.946666666666668,1.9466666666666699,0.0,-1.7763568394002505e-15
201,equal_split_vickrey_guo_2019_asymptotic,5.840000000000003,5.840000000000003,5.840000000000003,-74.22,0.0,80.06,0.0,-80.06
201,equal_split_vickrey_guo_2019_finite_n,5.840000000000003,5.840000000000003,5.840000000000003,0.9900000000000109,0.0,4.8499999999999925,0.0,-4.8499999999999925
201,lp_demand_vickrey_raw_coarse_wtp,5.840000000000003,5.840000000000003,5.840000000000003,5.84,0.0,3.552713678800501e-15,0.0,-3.552713678800501e-15
201,lp_demand_vickrey_raw_fine_wtp,5.840000000000003,5.840000000000003,5.840000000000003,5.840000000000007,0.0,-3.552713678800501e-15,0.0,3.552713678800501e-15
201,lp_integrated_supply_demand,5.840000000000003,5.840000000000003,-4.7241931231426895,-4.7241931231426895,10.564193123142694,10.564193123142694,0.0,0.0
202,equal_split_first_best,12.02,12.02,12.02,12.02,0.0,0.0,0.0,4.440892098500626e-16
202,equal_split_vickrey_majority,12.02,12.02,12.02,12.02,0.0,0.0,0.0,4.440892098500626e-16
202,equal_split_vickrey_faltings_fair,12.02,12.02,12.02,12.02,0.0,0.0,0.0,4.440892098500626e-16
202,equal_split_vickrey_guo_2019_asymptotic,12.02,12.02,12.02,5.179999999999999,0.0,6.840000000000001,0.0,-6.840000000000001
202,equal_split_vickrey_guo_2019_finite_n,12.02,12.02,12.02,8.600000000000001,0.0,3.419999999999998,0.0,-3.4199999999999973
202,lp_demand_vickrey_raw_coarse_wtp,12.02,12.02,12.019999799666667,12.019999799666667,2.0033333214541926e-07,2.0033333214541926e-07,0.0,0.0
202,lp_demand_vickrey_raw_fine_wtp,12.02,12.02,12.019999840427566,12.019999840427566,1.5957243348907468e-07,1.5957243348907468e-07,0.0,4.440892098500626e-16
202,lp_integrated_supply_demand,12.02,12.02,11.387113001455477,11.387113001455477,0.6328869985445227,0.6328869985445227,0.0,0.0
203,equal_split_first_best,6.240000000000002,6.240000000000002,6.240000000000002,6.239999999999995,0.0,7.105427357601002e-15,0.0,-7.105427357601002e-15
203,equal_split_vickrey_majority,6.240000000000002,6.240000000000002,0.0,0.0,6.240000000000002,6.240000000000002,0.0,0.0
203,equal_split_vickrey_faltings_fair,6.240000000000002,6.240000000000002,2.0800000000000005,2.080000000000005,4.160000000000002,4.159999999999997,0.0,4.440892098500626e-15
203,equal_split_vickrey_guo_2019_asymptotic,6.240000000000002,6.240000000000002,0.0,-122.94,6.240000000000002,129.18,0.0,-122.94
203,equal_split_vickrey_guo_2019_finite_n,6.240000000000002,6.240000000000002,0.0,-4.55000000000004,6.240000000000002,10.790000000000042,0.0,-4.55000000000004
203,lp_demand_vickrey_raw_coarse_wtp,6.240000000000002,6.240000000000002,6.240000000000002,6.240000000000009,0.0,-7.105427357601002e-15,0.0,7.105427357601002e-15
203,lp_demand_vickrey_raw_fine_wtp,6.240000000000002,6.240000000000002,6.240000000000002,6.240000000000009,0.0,-7.105427357601002e-15,0.0,7.105427357601002e-15
203,lp_integrated_supply_demand,6.240000000000002,6.240000000000002,-7.140777075965575,-7.140777075965575,13.380777075965577,13.380777075965577,0.0,0.0
204,equal_split_first_best,80.85,80.85,80.85,80.85,0.0,0.0,0.0,0.0
204,equal_split_vickrey_majority,80.85,80.85,80.85,80.85,0.0,0.0,0.0,-1.7763568394002505e-15
204,equal_split_vickrey_faltings_fair,80.85,80.85,80.85,80.85,0.0,0.0,0.0,-1.7763568394002505e-15
204,equal_split_vickrey_guo_2019_asymptotic,80.85,80.85,80.85,54.690000000000005,0.0,26.15999999999999,0.0,-26.15999999999999
204,equal_split_vickrey_guo_2019_finite_n,80.85,80.85,80.85,67.77000000000002,0.0,13.07999999999997,0.0,-13.079999999999968
204,lp_demand_vickrey_raw_coarse_wtp,80.85,80.85,80.84999887708334,80.84999887708334,1.12291665743669e-06,1.12291665743669e-06,0.0,0.0
204,lp_demand_vickrey_raw_fine_wtp,80.85,80.85,80.85,80.85,0.0,0.0,0.0,0.0
204,lp_integrated_supply_demand,80.85,80.85,78.408560080081,78.408560080081,2.4414399199189916,2.4414399199189916,0.0,-2.7755575615628914e-17
205,equal_split_first_best,47.81,47.81,47.81,47.81,0.0,0.0,0.0,0.0
205,equal_split_vickrey_majority,47.81,47.81,47.81,47.81,0.0,0.0,0.0,0.0
205,equal_split_vickrey_faltings_fair,47.81,47.81,47.81,47.81,0.0,0.0,0.0,0.0
205,equal_split_vickrey_guo_2019_asymptotic,47.81,47.81,47.81,22.943333333333342,0.0,24.86666666666666,0.0,-24.86666666666666
205,equal_split_vickrey_guo_2019_finite_n,47.81,47.81,47.81,35.53,0.0,12.280000000000001,0.0,-12.280000000000001
205,lp_demand_vickrey_raw_coarse_wtp,47.81,47.81,47.80999900395834,47.80999900395834,9.960416633703062e-07,9.960416633703062e-07,0.0,0.0
205,lp_demand_vickrey_raw_fine_wtp,47.81,47.81,47.81,47.81,0.0,0.0,0.0,-8.881784197001252e-16
205,lp_integrated_supply_demand,47.81,47.81,46.063169520328806,46.063169520328806,1.7468304796711962,1.7468304796711962,0.0,0.0
206,equal_split_first_best,20.159999999999997,20.159999999999997,20.159999999999997,20.159999999999997,0.0,0.0,0.0,-1.7763568394002505e-15
206,equal_split_vickrey_majority,20.159999999999997,20.159999999999997,20.159999999999997,20.159999999999997,0.0,0.0,0.0,0.0
206,equal_split_vickrey_faltings_fair,20.159999999999997,20.159999999999997,20.159999999999997,20.159999999999997,0.0,0.0,0.0,0.0
206,equal_split_vickrey_guo_2019_asymptotic,20.159999999999997,20.159999999999997,20.159999999999997,-0.9133333333333411,0.0,21.073333333333338,0.0,-21.073333333333338
206,equal_split_vickrey_guo_2019_finite_n,20.159999999999997,20.159999999999997,20.159999999999997,16.54499999999998,0.0,3.615000000000016,0.0,-3.615000000000016
206,lp_demand_vickrey_raw_coarse_wtp,20.159999999999997,20.159999999999997,20.159999327999994,20.159999327999998,6.720000023108241e-07,6.719999987581105e-07,0.0,1.7763568394002505e-15
206,lp_demand_vickrey_raw_fine_wtp,20.159999999999997,20.159999999999997,20.159999999999997,20.159999999999997,0.0,0.0,0.0,0.0
206,lp_integrated_supply_demand,20.159999999999997,20.159999999999997,18.263332604967793,18.263332604967793,1.8966673950322033,1.8966673950322033,0.0,0.0
207,equal_split_first_best,80.47999999999999,80.47999999999999,80.47999999999999,80.47999999999999,0.0,0.0,0.0,-8.881784197001252e-16
207,equal_split_vickrey_majority,80.47999999999999,80.47999999999999,80.47999999999999,80.47999999999999,0.0,0.0,0.0,1.7763568394002505e-15
207,equal_split_vickrey_faltings_fair,80.47999999999999,80.47999999999999,80.47999999999999,80.47999999999999,0.0,0.0,0.0,3.552713678800501e-15
207,equal_split_vickrey_guo_2019_asymptotic,80.47999999999999,80.47999999999999,80.47999999999999,50.99999999999994,0.0,29.480000000000047,0.0,-29.480000000000047
207,equal_split_vickrey_guo_2019_finite_n,80.47999999999999,80.47999999999999,80.47999999999999,65.74,0.0,14.739999999999995,0.0,-14.73999999999999
207,lp_demand_vickrey_raw_coarse_wtp,80.47999999999999,80.47999999999999,80.47999885028568,80.47999885028568,1.1497143077576766e-06,1.1497143077576766e-06,0.0,0.0
207,lp_demand_vickrey_raw_fine_wtp,80.47999999999999,80.47999999999999,80.47999999999999,80.47999999999999,0.0,0.0,0.0,1.7763568394002505e-15
207,lp_integrated_supply_demand,80.47999999999999,80.47999999999999,78.31353901092808,78.31353901092808,2.1664609890719078,2.1664609890719078,0.0,0.0
208,equal_split_first_best,66.91,66.91,66.91,66.91,0.0,0.0,0.0,-1.7763568394002505e-15
208,equal_split_vickrey_majority,66.91,66.91,66.91,66.91,0.0,0.0,0.0,-1.7763568394002505e-15
208,equal_split_vickrey_faltings_fair,66.91,66.91,66.91,66.91,0.0,0.0,0.0,0.0
208,equal_split_vickrey_guo_2019_asymptotic,66.91,66.91,66.91,37.83,0.0,29.08,0.0,-29.080000000000002
208,equal_split_vickrey_guo_2019_finite_n,66.91,66.91,66.91,52.36999999999999,0.0,14.540000000000006,0.0,-14.540000000000003
208,lp_demand_vickrey_raw_coarse_wtp,66.91,66.91,66.9099986618,66.9099986618,1.338199993483613e-06,1.338199993483613e-06,0.0,8.881784197001252e-16
208,lp_demand_vickrey_raw_fine_wtp,66.91,66.91,66.91,66.91,0.0,0.0,0.0,-2.6645352591003757e-15
208,lp_integrated_supply_demand,66.91,66.91,65.5084507783908,65.5084507783908,1.4015492216092014,1.4015492216092014,0.0,0.0
209,equal_split_first_best,88.65,88.65,88.65,88.65,0.0,0.0,0.0,0.0
209,equal_split_vickrey_majority,88.65,88.65,88.65,88.65,0.0,0.0,0.0,1.7763568394002505e-15
209,equal_split_vickrey_faltings_fair,88.65,88.65,88.65,88.65,0.0,0.0,0.0,1.7763568394002505e-15
209,equal_split_vickrey_guo_2019_asymptotic,88.65,88.65,88.65,57.39000000000001,0.0,31.259999999999998,0.0,-31.259999999999998
209,equal_split_vickrey_guo_2019_finite_n,88.65,88.65,88.65,73.02000000000002,0.0,15.629999999999981,0.0,-15.629999999999983
209,lp_demand_vickrey_raw_coarse_wtp,88.65,88.65,88.64999852249974,88.64999852249974,1.4775002625810885e-06,1.4775002625810885e-06,0.0,-8.881784197001252e-16
209,lp_demand_vickrey_raw_fine_wtp,88.65,88.65,88.65,88.65,0.0,0.0,0.0,0.0
209,lp_integrated_supply_demand,88.65,88.65,83.9102187035736,83.9102187035736,4.739781296426401,4.739781296426401,0.0,-2.7755575615628914e-17
210,equal_split_first_best,21.479999999999997,21.479999999999997,21.479999999999997,21.479999999999997,0.0,0.0,0.0,-8.881784197001252e-16
210,equal_split_vickrey_majority,21.479999999999997,21.479999999999997,21.479999999999997,21.479999999999997,0.0,0.0,0.0,-1.7763568394002505e-15
210,equal_split_vickrey_faltings_fair,21.479999999999997,21.479999999999997,21.479999999999997,21.479999999999997,0.0,0.0,0.0,-1.7763568394002505e-15
210,equal_split_vickrey_guo_2019_asymptotic,21.479999999999997,21.479999999999997,21.479999999999997,1.159999999999993,0.0,20.320000000000004,0.0,-20.320000000000004
210,equal_split_vickrey_guo_2019_finite_n,21.479999999999997,21.479999999999997,21.479999999999997,14.059999999999995,0.0,7.420000000000002,0.0,-7.420000000000003
210,lp_demand_vickrey_raw_coarse_wtp,21.479999999999997,21.479999999999997,21.47999940333333,21.47999940333333,5.966666662970965e-07,5.966666662970965e-07,0.0,0.0
210,lp_demand_vickrey_raw_fine_wtp,21.479999999999997,21.479999999999997,21.479999999999997,21.479999999999997,0.0,0.0,0.0,-8.881784197001252e-16
210,lp_integrated_supply_demand,21.479999999999997,21.479999999999997,20.159999195992924,20.159999195992924,1.3200008040070728,1.3200008040070728,0.0,0.0
211,equal_split_first_best,34.86,34.86,34.86,34.86,0.0,0.0,0.0,0.0
211,equal_split_vickrey_majority,34.86,34.86,34.86,34.86,0.0,0.0,0.0,-8.881784197001252e-16
211,equal_split_vickrey_faltings_fair,34.86,34.86,34.86,34.86,0.0,0.0,0.0,-8.881784197001252e-16
211,equal_split_vickrey_guo_2019_asymptotic,34.86,34.86,34.86,13.559999999999988,0.0,21.30000000000001,0.0,-21.30000000000001
211,equal_split_vickrey_guo_2019_finite_n,34.86,34.86,34.86,24.21,0.0,10.649999999999999,0.0,-10.65
211,lp_demand_vickrey_raw_coarse_wtp,34.86,34.86,34.85999922533333,34.85999922533333,7.746666668140278e-07,7.746666668140278e-07,0.0,-2.220446049250313e-15
211,lp_demand_vickrey_raw_fine_wtp,34.86,34.86,34.86,34.86,0.0,0.0,0.0,4.440892098500626e-16
211,lp_integrated_supply_demand,34.86,34.86,32.246665380627576,32.246665380627576,2.6133346193724236,2.6133346193724236,0.0,0.0
212,equal_split_first_best,78.82000000000001,78.82000000000001,78.82000000000001,78.82000000000001,0.0,0.0,0.0,1.7763568394002505e-15
212,equal_split_vickrey_majority,78.82000000000001,78.82000000000001,78.82000000000001,78.82000000000001,0.0,0.0,0.0,1.7763568394002505e-15
212,equal_split_vickrey_faltings_fair,78.82000000000001,78.82000000000001,78.82000000000001,78.82000000000001,0.0,0.0,0.0,3.552713678800501e-15
212,equal_split_vickrey_guo_2019_asymptotic,78.82000000000001,78.82000000000001,78.82000000000001,36.460000000000036,0.0,42.35999999999997,0.0,-42.35999999999997
212,equal_split_vickrey_guo_2019_finite_n,78.82000000000001,78.82000000000001,78.82000000000001,57.64000000000003,0.0,21.17999999999998,0.0,-21.179999999999975
212,lp_demand_vickrey_raw_coarse_wtp,78.82000000000001,78.82000000000001,78.82000000000001,78.82000000000001,0.0,0.0,0.0,-8.881784197001252e-16
212,lp_demand_vickrey_raw_fine_wtp,78.82000000000001,78.82000000000001,78.82000000000001,78.82000000000001,0.0,0.0,0.0,-2.6645352591003757e-15
212,lp_integrated_supply_demand,78.82000000000001,78.82000000000001,75.23007066467746,75.23007066467746,3.5899293353225517,3.5899293353225517,0.0,0.0
213,equal_split_first_best,53.470000000000006,53.470000000000006,53.470000000000006,53.470000000000006,0.0,0.0,0.0,-1.7763568394002505e-15
213,equal_split_vickrey_majority,53.470000000000006,53.470000000000006,53.470000000000006,53.470000000000006,0.0,0.0,0.0,0.0
213,equal_split_vickrey_faltings_fair,53.470000000000006,53.470000000000006,53.470000000000006,53.470000000000006,0.0,0.0,0.0,0.0
213,equal_split_vickrey_guo_2019_asymptotic,53.470000000000006,53.470000000000006,53.470000000000006,24.350000000000016,0.0,29.11999999999999,0.0,-29.11999999999999
213,equal_split_vickrey_guo_2019_finite_n,53.470000000000006,53.470000000000006,53.470000000000006,38.910000000000025,0.0,14.559999999999981,0.0,-14.559999999999981
213,lp_demand_vickrey_raw_coarse_wtp,53.470000000000006,53.470000000000006,53.46999866325,53.46999866325,1.3367500031336021e-06,1.3367500031336021e-06,0.0,-1.7763568394002505e-15
213,lp_demand_vickrey_raw_fine_wtp,53.470000000000006,53.470000000000006,53.470000000000006,53.470000000000006,0.0,0.0,0.0,-8.881784197001252e-16
213,lp_integrated_supply_demand,53.470000000000006,53.470000000000006,51.84737529402571,51.84737529402571,1.622624705974296,1.622624705974296,0.0,0.0
214,equal_split_first_best,53.88,53.88,53.88,53.88,0.0,0.0,0.0,1.7763568394002505e-15
214,equal_split_vickrey_majority,53.88,53.88,53.88,53.88,0.0,0.0,0.0,-1.7763568394002505e-15
214,equal_split_vickrey_faltings_fair,53.88,53.88,53.88,53.88,0.0,0.0,0.0,0.0
214,equal_split_vickrey_guo_2019_asymptotic,53.88,53.88,53.88,27.86,0.0,26.020000000000003,0.0,-26.020000000000003
214,equal_split_vickrey_guo_2019_finite_n,53.88,53.88,53.88,40.86999999999999,0.0,13.010000000000012,0.0,-13.01000000000001
214,lp_demand_vickrey_raw_coarse_wtp,53.88,53.88,53.87999887750001,53.87999887750001,1.1224999951764403e-06,1.1224999951764403e-06,0.0,0.0
214,lp_demand_vickrey_raw_fine_wtp,53.88,53.88,53.88,53.88,0.0,0.0,0.0,8.881784197001252e-16
214,lp_integrated_supply_demand,53.88,53.88,53.394998571215034,53.394998571215034,0.4850014287849689,0.4850014287849689,0.0,0.0
215,equal_split_first_best,23.799999999999997,23.799999999999997,23.799999999999997,23.799999999999997,0.0,0.0,0.0,0.0
215,equal_split_vickrey_majority,23.799999999999997,23.799999999999997,23.799999999999997,23.799999999999997,0.0,0.0,0.0,-1.7763568394002505e-15
215,equal_split_vickrey_faltings_fair,23.799999999999997,23.799999999999997,23.799999999999997,23.799999999999997,0.0,0.0,0.0,-1.7763568394002505e-15
215,equal_split_vickrey_guo_2019_asymptotic,23.799999999999997,23.799999999999997,23.799999999999997,2.573333333333327,0.0,21.22666666666667,0.0,-21.22666666666667
215,equal_split_vickrey_guo_2019_finite_n,23.799999999999997,23.799999999999997,23.799999999999997,16.25499999999999,0.0,7.545000000000009,0.0,-7.54500000000001
215,lp_demand_vickrey_raw_coarse_wtp,23.799999999999997,23.799999999999997,23.799999338888888,23.799999338888888,6.611111089682709e-07,6.611111089682709e-07,0.0,1.7763568394002505e-15
215,lp_demand_vickrey_raw_fine_wtp,23.799999999999997,23.799999999999997,23.799999999999997,23.799999999999997,0.0,0.0,0.0,0.0
215,lp_integrated_supply_demand,23.799999999999997,23.799999999999997,22.9399990851229,22.9399990851229,0.860000914877098,0.860000914877098,0.0,0.0
216,equal_split_first_best,75.22,75.22,75.22,75.22,0.0,0.0,0.0,-8.881784197001252e-16
216,equal_split_vickrey_majority,75.22,75.22,75.22,75.22,0.0,0.0,0.0,-1.7763568394002505e-15
216,equal_split_vickrey_faltings_fair,75.22,75.22,75.22,75.22,0.0,0.0,0.0,-1.7763568394002505e-15
216,equal_split_vickrey_guo_2019_asymptotic,75.22,75.22,75.22,37.56,0.0,37.66,0.0,-37.66
216,equal_split_vickrey_guo_2019_finite_n,75.22,75.22,75.22,56.39,0.0,18.83,0.0,-18.830000000000002
216,lp_demand_vickrey_raw_coarse_wtp,75.22,75.22,75.22,75.22,0.0,0.0,0.0,0.0
216,lp_demand_vickrey_raw_fine_wtp,75.22,75.22,75.22,75.22,0.0,0.0,0.0,0.0
216,lp_integrated_supply_demand,75.22,75.22,71.69948457556401,71.69948457556401,3.5205154244359846,3.5205154244359846,0.0,0.0
217,equal_split_first_best,22.53,22.53,22.53,22.53,0.0,0.0,0.0,0.0
217,equal_split_vickrey_majority,22.53,22.53,22.53,22.53,0.0,0.0,0.0,8.881784197001252e-16
217,equal_split_vickrey_faltings_fair,22.53,22.53,22.53,22.53,0.0,0.0,0.0,1.7763568394002505e-15
217,equal_split_vickrey_guo_2019_asymptotic,22.53,22.53,22.53,2.710000000000008,0.0,19.819999999999993,0.0,-19.819999999999993
217,equal_split_vickrey_guo_2019_finite_n,22.53,22.53,22.53,14.155000000000003,0.0,8.374999999999998,0.0,-8.374999999999998
217,lp_demand_vickrey_raw_coarse_wtp,22.53,22.53,22.529999499333336,22.529999499333332,5.006666654594483e-07,5.006666690121619e-07,0.0,-2.220446049250313e-15
217,lp_demand_vickrey_raw_fine_wtp,22.53,22.53,22.53,22.53,0.0,0.0,0.0,8.881784197001252e-16
217,lp_integrated_supply_demand,22.53,22.53,21.593332472163056,21.593332472163056,0.9366675278369456,0.9366675278369456,0.0,0.0
218,equal_split_first_best,45.660000000000004,45.660000000000004,45.660000000000004,45.660000000000004,0.0,0.0,0.0,-1.7763568394002505e-15
218,equal_split_vickrey_majority,45.660000000000004,45.660000000000004,45.660000000000004,45.660000000000004,0.0,0.0,0.0,-1.7763568394002505e-15
218,equal_split_vickrey_faltings_fair,45.660000000000004,45.660000000000004,45.660000000000004,45.660000000000004,0.0,0.0,0.0,0.0
218,equal_split_vickrey_guo_2019_asymptotic,45.660000000000004,45.660000000000004,45.660000000000004,10.893333333333352,0.0,34.76666666666665,0.0,-34.76666666666665
218,equal_split_vickrey_guo_2019_finite_n,45.660000000000004,45.660000000000004,45.660000000000004,33.985000000000014,0.0,11.67499999999999,0.0,-11.674999999999986
218,lp_demand_vickrey_raw_coarse_wtp,45.660000000000004,45.660000000000004,45.660000000000004,45.660000000000004,0.0,0.0,0.0,2.6645352591003757e-15
218,lp_demand_vickrey_raw_fine_wtp,45.660000000000004,45.660000000000004,45.660000000000004,45.660000000000004,0.0,0.0,0.0,0.0
218,lp_integrated_supply_demand,45.660000000000004,45.660000000000004,45.45999904531033,45.45999904531033,0.2000009546896706,0.2000009546896706,0.0,0.0
219,equal_split_first_best,62.099999999999994,62.099999999999994,62.099999999999994,62.099999999999994,0.0,0.0,0.0,-8.881784197001252e-16
219,equal_split_vickrey_majority,62.099999999999994,62.099999999999994,62.099999999999994,62.099999999999994,0.0,0.0,0.0,-1.7763568394002505e-15
219,equal_split_vickrey_faltings_fair,62.099999999999994,62.099999999999994,62.099999999999994,62.099999999999994,0.0,0.0,0.0,-1.7763568394002505e-15
219,equal_split_vickrey_guo_2019_asymptotic,62.099999999999994,62.099999999999994,62.099999999999994,37.58,0.0,24.519999999999996,0.0,-24.519999999999996
219,equal_split_vickrey_guo_2019_finite_n,62.099999999999994,62.099999999999994,62.099999999999994,49.839999999999996,0.0,12.259999999999998,0.0,-12.259999999999996
219,lp_demand_vickrey_raw_coarse_wtp,62.099999999999994,62.099999999999994,62.099998965,62.099998965,1.034999996818442e-06,1.034999996818442e-06,0.0,-8.881784197001252e-16
219,lp_demand_vickrey_raw_fine_wtp,62.099999999999994,62.099999999999994,62.099999999999994,62.099999999999994,0.0,0.0,0.0,0.0
219,lp_integrated_supply_demand,62.099999999999994,62.099999999999994,60.7151100394579,60.7151100394579,1.3848899605420968,1.3848899605420968,0.0,0.0
220,equal_split_first_best,15.29,15.29,15.29,15.29,0.0,0.0,0.0,0.0
220,equal_split_vickrey_majority,15.29,15.29,15.29,15.29,0.0,0.0,0.0,4.440892098500626e-16
220,equal_split_vickrey_faltings_fair,15.29,15.29,15.29,15.29,0.0,0.0,0.0,8.881784197001252e-16
220,equal_split_vickrey_guo_2019_asymptotic,15.29,15.29,15.29,6.796666666666674,0.0,8.493333333333325,0.0,-8.493333333333325
220,equal_split_vickrey_guo_2019_finite_n,15.29,15.29,15.29,11.850000000000005,0.0,3.439999999999994,0.0,-3.439999999999995
220,lp_demand_vickrey_raw_coarse_wtp,15.29,15.29,15.289999490333333,15.289999490333333,5.096666662041116e-07,5.096666662041116e-07,0.0,4.440892098500626e-16
220,lp_demand_vickrey_raw_fine_wtp,15.29,15.29,15.289999610388294,15.289999610388296,3.8961170467644024e-07,3.896117029000834e-07,0.0,8.881784197001252e-16
220,lp_integrated_supply_demand,15.29,15.29,13.310999514480107,13.310999514480107,1.979000485519892,1.979000485519892,0.0,0.0
221,equal_split_first_best,110.81000000000002,110.81000000000002,110.81000000000002,110.81000000000002,0.0,0.0,0.0,-1.7763568394002505e-15
221,equal_split_vickrey_majority,110.81000000000002,110.81000000000002,110.81000000000002,110.81000000000002,0.0,0.0,0.0,0.0
221,equal_split_vickrey_faltings_fair,110.81000000000002,110.81000000000002,110.81000000000002,110.81000000000002,0.0,0.0,0.0,0.0
221,equal_split_vickrey_guo_2019_asymptotic,110.81000000000002,110.81000000000002,110.81000000000002,75.23000000000003,0.0,35.579999999999984,0.0,-35.579999999999984
221,equal_split_vickrey_guo_2019_finite_n,110.81000000000002,110.81000000000002,110.81000000000002,93.02000000000007,0.0,17.78999999999995,0.0,-17.78999999999995
221,lp_demand_vickrey_raw_coarse_wtp,110.81000000000002,110.81000000000002,110.81000000000002,110.81000000000002,0.0,0.0,0.0,-8.881784197001252e-16
221,lp_demand_vickrey_raw_fine_wtp,110.81000000000002,110.81000000000002,110.81000000000002,110.81000000000002,0.0,0.0,0.0,0.0
221,lp_integrated_supply_demand,110.81000000000002,110.81000000000002,105.97884166757031,105.97884166757031,4.831158332429709,4.831158332429709,0.0,0.0
222,equal_split_first_best,8.780000000000001,8.780000000000001,8.780000000000001,8.780000000000001,0.0,0.0,0.0,-8.881784197001252e-16
222,equal_split_vickrey_majority,8.780000000000001,8.780000000000001,8.780000000000001,8.780000000000001,0.0,0.0,0.0,-8.881784197001252e-16
222,equal_split_vickrey_faltings_fair,8.780000000000001,8.780000000000001,8.780000000000001,8.780000000000001,0.0,0.0,0.0,-8.881784197001252e-16
222,equal_split_vickrey_guo_2019_asymptotic,8.780000000000001,8.780000000000001,8.780000000000001,-1.773333333333337,0.0,10.553333333333338,0.0,-10.553333333333338
222,equal_split_vickrey_guo_2019_finite_n,8.780000000000001,8.780000000000001,8.780000000000001,6.996666666666665,0.0,1.7833333333333359,0.0,-1.7833333333333359
222,lp_demand_vickrey_raw_coarse_wtp,8.780000000000001,8.780000000000001,0.0,0.0,8.780000000000001,8.780000000000001,0.0,0.0
222,lp_demand_vickrey_raw_fine_wtp,8.780000000000001,8.780000000000001,8.779999707333333,8.779999707333333,2.9266666778937633e-07,2.9266666778937633e-07,0.0,0.0
222,lp_integrated_supply_demand,8.780000000000001,8.780000000000001,5.110769799910396,5.110769799910396,3.669230200089605,3.669230200089605,0.0,0.0
223,equal_split_first_best,61.160000000000004,61.160000000000004,61.160000000000004,61.160000000000004,0.0,0.0,0.0,0.0
223,equal_split_vickrey_majority,61.160000000000004,61.160000000000004,61.160000000000004,61.160000000000004,0.0,0.0,0.0,1.7763568394002505e-15
223,equal_split_vickrey_faltings_fair,61.160000000000004,61.160000000000004,61.160000000000004,61.160000000000004,0.0,0.0,0.0,0.0
223,equal_split_vickrey_guo_2019_asymptotic,61.160000000000004,61.160000000000004,61.160000000000004,21.73333333333334,0.0,39.42666666666666,0.0,-39.42666666666666
223,equal_split_vickrey_guo_2019_finite_n,61.160000000000004,61.160000000000004,61.160000000000004,42.17999999999998,0.0,18.980000000000025,0.0,-18.98000000000002
223,lp_demand_vickrey_raw_coarse_wtp,61.160000000000004,61.160000000000004,61.160000000000004,61.160000000000004,0.0,0.0,0.0,-8.881784197001252e-16
223,lp_demand_vickrey_raw_fine_wtp,61.160000000000004,61.160000000000004,61.160000000000004,61.160000000000004,0.0,0.0,0.0,0.0
223,lp_integrated_supply_demand,61.160000000000004,61.160000000000004,59.56999907820325,59.56999907820325,1.5900009217967508,1.5900009217967508,0.0,0.0
224,equal_split_first_best,90.24000000000001,90.24000000000001,90.24000000000001,90.24000000000001,0.0,0.0,0.0,-1.7763568394002505e-15
224,equal_split_vickrey_majority,90.24000000000001,90.24000000000001,90.24000000000001,90.24000000000001,0.0,0.0,0.0,-1.7763568394002505e-15
224,equal_split_vickrey_faltings_fair,90.24000000000001,90.24000000000001,90.24000000000001,90.24000000000001,0.0,0.0,0.0,-1.7763568394002505e-15
224,equal_split_vickrey_guo_2019_asymptotic,90.24000000000001,90.24000000000001,90.24000000000001,49.42000000000003,0.0,40.81999999999998,0.0,-40.81999999999998
224,equal_split_vickrey_guo_2019_finite_n,90.24000000000001,90.24000000000001,90.24000000000001,69.83000000000006,0.0,20.409999999999954,0.0,-20.409999999999958
224,lp_demand_vickrey_raw_coarse_wtp,90.24000000000001,90.24000000000001,90.24000000000001,90.24000000000001,0.0,0.0,0.0,8.881784197001252e-16
224,lp_demand_vickrey_raw_fine_wtp,90.24000000000001,90.24000000000001,90.24000000000001,90.24000000000001,0.0,0.0,0.0,0.0
224,lp_integrated_supply_demand,90.24000000000001,90.24000000000001,85.39972418007538,85.39972418007538,4.840275819924628,4.840275819924628,0.0,0.0
225,equal_split_first_best,8.239999999999998,8.239999999999998,8.239999999999998,8.239999999999998,0.0,0.0,0.0,-4.440892098500626e-16
225,equal_split_vickrey_majority,8.239999999999998,8.239999999999998,8.239999999999998,8.239999999999998,0.0,0.0,0.0,0.0
225,equal_split_vickrey_faltings_fair,8.239999999999998,8.239999999999998,8.239999999999998,8.239999999999998,0.0,0.0,0.0,0.0
225,equal_split_vickrey_guo_2019_asymptotic,8.239999999999998,8.239999999999998,8.239999999999998,-1.9000000000000021,0.0,10.14,0.0,-10.14
225,equal_split_vickrey_guo_2019_finite_n,8.239999999999998,8.239999999999998,8.239999999999998,7.5733333333333315,0.0,0.666666666666667,0.0,-0.666666666666667
225,lp_demand_vickrey_raw_coarse_wtp,8.239999999999998,8.239999999999998,8.239999587999998,8.239999587999998,4.120000003382529e-07,4.120000003382529e-07,0.0,-4.440892098500626e-16
225,lp_demand_vickrey_raw_fine_wtp,8.239999999999998,8.239999999999998,8.239999176,8.239999176000001,8.23999998900149e-07,8.239999971237921e-07,0.0,8.881784197001252e-16
225,lp_integrated_supply_demand,8.239999999999998,8.239999999999998,7.424999995353138,7.424999995353138,0.8150000046468602,0.8150000046468602,0.0,0.0
226,equal_split_first_best,81.72,81.72,81.72,81.72,0.0,0.0,0.0,1.7763568394002505e-15
226,equal_split_vickrey_majority,81.72,81.72,81.72,81.72,0.0,0.0,0.0,0.0
226,equal_split_vickrey_faltings_fair,81.72,81.72,81.72,81.72,0.0,0.0,0.0,0.0
226,equal_split_vickrey_guo_2019_asymptotic,81.72,81.72,81.72,49.74000000000001,0.0,31.97999999999999,0.0,-31.97999999999999
226,equal_split_vickrey_guo_2019_finite_n,81.72,81.72,81.72,65.73000000000003,0.0,15.989999999999966,0.0,-15.989999999999966
226,lp_demand_vickrey_raw_coarse_wtp,81.72,81.72,81.7199988325714,81.7199988325714,1.1674285929075268e-06,1.1674285929075268e-06,0.0,0.0
226,lp_demand_vickrey_raw_fine_wtp,81.72,81.72,81.72,81.72,0.0,0.0,0.0,0.0
226,lp_integrated_supply_demand,81.72,81.72,78.92219428731259,78.92219428731259,2.7978057126874063,2.7978057126874063,0.0,0.0
227,equal_split_first_best,11.590000000000003,11.590000000000003,11.590000000000003,11.59000000000001,0.0,-7.105427357601002e-15,0.0,7.105427357601002e-15
227,equal_split_vickrey_majority,11.590000000000003,11.590000000000003,0.0,0.0,11.590000000000003,11.590000000000003,0.0,0.0
227,equal_split_vickrey_faltings_fair,11.590000000000003,11.590000000000003,3.863333333333334,3.863333333333334,7.726666666666669,7.726666666666669,0.0,0.0
227,equal_split_vickrey_guo_2019_asymptotic,11.590000000000003,11.590000000000003,0.0,-151.66,11.590000000000003,163.25,0.0,-151.66
227,equal_split_vickrey_guo_2019_finite_n,11.590000000000003,11.590000000000003,0.0,-2.7666666666666444,11.590000000000003,14.356666666666648,0.0,-2.7666666666666444
227,lp_demand_vickrey_raw_coarse_wtp,11.590000000000003,11.590000000000003,11.590000000000003,11.589999999999996,0.0,7.105427357601002e-15,0.0,-7.105427357601002e-15
227,lp_demand_vickrey_raw_fine_wtp,11.590000000000003,11.590000000000003,11.590000000000003,11.589999999999996,0.0,7.105427357601002e-15,0.0,-7.105427357601002e-15
227,lp_integrated_supply_demand,11.590000000000003,11.590000000000003,-2.1825257191489245,-2.1825257191489245,13.772525719148927,13.772525719148927,0.0,0.0
228,equal_split_first_best,8.689999999999998,8.689999999999998,8.689999999999998,8.68999999999999,0.0,7.105427357601002e-15,0.0,-7.105427357601002e-15
228,equal_split_vickrey_majority,8.689999999999998,8.689999999999998,0.0,0.0,8.689999999999998,8.689999999999998,0.0,0.0
228,equal_split_vickrey_faltings_fair,8.689999999999998,8.689999999999998,2.8966666666666656,2.896666666666671,5.793333333333332,5.793333333333327,0.0,5.329070518200751e-15
228,equal_split_vickrey_guo_2019_asymptotic,8.689999999999998,8.689999999999998,0.0,-134.84,8.689999999999998,143.53,0.0,-134.84
228,equal_split_vickrey_guo_2019_finite_n,8.689999999999998,8.689999999999998,0.0,-0.19333333333334934,8.689999999999998,8.883333333333347,0.0,-0.19333333333334934
228,lp_demand_vickrey_raw_coarse_wtp,8.689999999999998,8.689999999999998,8.689999999999998,8.690000000000005,0.0,-7.105427357601002e-15,0.0,7.105427357601002e-15
228,lp_demand_vickrey_raw_fine_wtp,8.689999999999998,8.689999999999998,8.689999999999998,8.690000000000005,0.0,-7.105427357601002e-15,0.0,7.105427357601002e-15
228,lp_integrated_supply_demand,8.689999999999998,8.689999999999998,-1.7730009067162336,-1.7730009067162336,10.463000906716232,10.463000906716232,0.0,0.0
229,equal_split_first_best,46.44,46.44,46.44,46.44,0.0,0.0,0.0,-1.7763568394002505e-15
229,equal_split_vickrey_majority,46.44,46.44,46.44,46.44,0.0,0.0,0.0,-1.7763568394002505e-15
229,equal_split_vickrey_faltings_fair,46.44,46.44,46.44,46.44,0.0,0.0,0.0,0.0
229,equal_split_vickrey_guo_2019_asymptotic,46.44,46.44,46.44,8.053333333333327,0.0,38.38666666666667,0.0,-38.38666666666667
229,equal_split_vickrey_guo_2019_finite_n,46.44,46.44,46.44,29.119999999999965,0.0,17.320000000000032,0.0,-17.320000000000032
229,lp_demand_vickrey_raw_coarse_wtp,46.44,46.44,46.44,46.44,0.0,0.0,0.0,0.0
229,lp_demand_vickrey_raw_fine_wtp,46.44,46.44,46.44,46.44,0.0,0.0,0.0,8.881784197001252e-16
229,lp_integrated_supply_demand,46.44,46.44,44.0301209375766,44.0301209375766,2.4098790624234,2.4098790624234,0.0,0.0
230,equal_split_first_best,6.030000000000001,6.030000000000001,6.030000000000001,6.029999999999994,0.0,7.105427357601002e-15,0.0,-7.105427357601002e-15
230,equal_split_vickrey_majority,6.030000000000001,6.030000000000001,0.0,0.0,6.030000000000001,6.030000000000001,0.0,0.0
230,equal_split_vickrey_faltings_fair,6.030000000000001,6.030000000000001,0.0,0.0,6.030000000000001,6.030000000000001,0.0,0.0
230,equal_split_vickrey_guo_2019_asymptotic,6.030000000000001,6.030000000000001,0.0,-164.62,6.030000000000001,170.65,0.0,-164.62
230,equal_split_vickrey_guo_2019_finite_n,6.030000000000001,6.030000000000001,0.0,0.0,6.030000000000001,6.030000000000001,0.0,0.0
230,lp_demand_vickrey_raw_coarse_wtp,6.030000000000001,6.030000000000001,6.030000000000001,6.030000000000001,0.0,0.0,0.0,0.0
230,lp_demand_vickrey_raw_fine_wtp,6.030000000000001,6.030000000000001,6.030000000000001,6.030000000000008,0.0,-7.105427357601002e-15,0.0,7.105427357601002e-15
230,lp_integrated_supply_demand,6.030000000000001,6.030000000000001,-13.400006626020673,-13.400006626020673,19.430006626020674,19.430006626020674,0.0,0.0
231,equal_split_first_best,26.130000000000003,26.130000000000003,26.130000000000003,26.130000000000003,0.0,0.0,0.0,0.0
231,equal_split_vickrey_majority,26.130000000000003,26.130000000000003,26.130000000000003,26.130000000000003,0.0,0.0,0.0,-8.881784197001252e-16
231,equal_split_vickrey_faltings_fair,26.130000000000003,26.130000000000003,26.130000000000003,26.130000000000003,0.0,0.0,0.0,-8.881784197001252e-16
231,equal_split_vickrey_guo_2019_asymptotic,26.130000000000003,26.130000000000003,26.130000000000003,5.01666666666668,0.0,21.113333333333323,0.0,-21.113333333333323
231,equal_split_vickrey_guo_2019_finite_n,26.130000000000003,26.130000000000003,26.130000000000003,16.930000000000007,0.0,9.199999999999996,0.0,-9.199999999999994
231,lp_demand_vickrey_raw_coarse_wtp,26.130000000000003,26.130000000000003,26.12999927416667,26.12999927416667,7.258333312165632e-07,7.258333312165632e-07,0.0,8.881784197001252e-16
231,lp_demand_vickrey_raw_fine_wtp,26.130000000000003,26.130000000000003,26.130000000000003,26.130000000000003,0.0,0.0,0.0,-8.881784197001252e-16
231,lp_integrated_supply_demand,26.130000000000003,26.130000000000003,24.269999032080772,24.269999032080772,1.8600009679192304,1.8600009679192304,0.0,0.0
232,equal_split_first_best,31.34,31.34,31.34,31.34,0.0,0.0,0.0,8.881784197001252e-16
232,equal_split_vickrey_majority,31.34,31.34,31.34,31.34,0.0,0.0,0.0,0.0
232,equal_split_vickrey_faltings_fair,31.34,31.34,31.34,31.34,0.0,0.0,0.0,0.0
232,equal_split_vickrey_guo_2019_asymptotic,31.34,31.34,31.34,10.113333333333323,0.0,21.226666666666677,0.0,-21.226666666666677
232,equal_split_vickrey_guo_2019_finite_n,31.34,31.34,31.34,24.38999999999999,0.0,6.95000000000001,0.0,-6.95000000000001
232,lp_demand_vickrey_raw_coarse_wtp,31.34,31.34,31.339999129444447,31.339999129444447,8.705555529786579e-07,8.705555529786579e-07,0.0,0.0
232,lp_demand_vickrey_raw_fine_wtp,31.34,31.34,31.34,31.34,0.0,0.0,0.0,-8.881784197001252e-16
232,lp_integrated_supply_demand,31.34,31.34,28.016665549325484,28.016665549325484,3.3233344506745155,3.3233344506745155,0.0,0.0
233,equal_split_first_best,13.34,13.34,13.34,13.34,0.0,0.0,0.0,0.0
233,equal_split_vickrey_majority,13.34,13.34,13.34,13.34,0.0,0.0,0.0,-8.881784197001252e-16
233,equal_split_vickrey_faltings_fair,13.34,13.34,13.34,13.34,0.0,0.0,0.0,-8.881784197001252e-16
233,equal_split_vickrey_guo_2019_asymptotic,13.34,13.34,13.34,3.5866666666666642,0.0,9.753333333333336,0.0,-9.753333333333336
233,equal_split_vickrey_guo_2019_finite_n,13.34,13.34,13.34,11.069999999999997,0.0,2.270000000000003,0.0,-2.2700000000000036
233,lp_demand_vickrey_raw_coarse_wtp,13.34,13.34,13.339999333,13.339999333,6.670000001207654e-07,6.670000001207654e-07,0.0,-4.440892098500626e-16
233,lp_demand_vickrey_raw_fine_wtp,13.34,13.34,13.339999518117041,13.339999518117043,4.818829584252171e-07,4.818829566488603e-07,0.0,8.881784197001252e-16
233,lp_integrated_supply_demand,13.34,13.34,11.51692385783261,11.51692385783261,1.8230761421673893,1.8230761421673893,0.0,0.0
234,equal_split_first_best,26.560000000000002,26.560000000000002,26.560000000000002,26.560000000000002,0.0,0.0,0.0,-8.881784197001252e-16
234,equal_split_vickrey_majority,26.560000000000002,26.560000000000002,26.560000000000002,26.560000000000002,0.0,0.0,0.0,-8.881784197001252e-16
234,equal_split_vickrey_faltings_fair,26.560000000000002,26.560000000000002,26.560000000000002,26.560000000000002,0.0,0.0,0.0,-8.881784197001252e-16
234,equal_split_vickrey_guo_2019_asymptotic,26.560000000000002,26.560000000000002,26.560000000000002,7.0333333333333385,0.0,19.526666666666664,0.0,-19.526666666666664
234,equal_split_vickrey_guo_2019_finite_n,26.560000000000002,26.560000000000002,26.560000000000002,19.000000000000007,0.0,7.559999999999995,0.0,-7.559999999999993
234,lp_demand_vickrey_raw_coarse_wtp,26.560000000000002,26.560000000000002,26.55999940977778,26.55999940977778,5.902222213194364e-07,5.902222213194364e-07,0.0,-4.440892098500626e-16
234,lp_demand_vickrey_raw_fine_wtp,26.560000000000002,26.560000000000002,26.560000000000002,26.560000000000002,0.0,0.0,0.0,8.881784197001252e-16
234,lp_integrated_supply_demand,26.560000000000002,26.560000000000002,23.956665711243577,23.956665711243577,2.6033342887564253,2.6033342887564253,0.0,0.0
235,equal_split_first_best,1.1599999999999966,1.1599999999999966,1.1599999999999966,1.1599999999999966,0.0,0.0,0.0,0.0
235,equal_split_vickrey_majority,1.1599999999999966,1.1599999999999966,0.0,0.0,1.1599999999999966,1.1599999999999966,0.0,0.0
235,equal_split_vickrey_faltings_fair,1.1599999999999966,1.1599999999999966,0.773333333333331,0.7733333333333274,0.3866666666666656,0.38666666666666916,0.0,-3.552713678800501e-15
235,equal_split_vickrey_guo_2019_asymptotic,1.1599999999999966,1.1599999999999966,0.0,-123.16,1.1599999999999966,124.32,0.0,-123.16
235,equal_split_vickrey_guo_2019_finite_n,1.1599999999999966,1.1599999999999966,0.0,-2.733333333333327,1.1599999999999966,3.8933333333333238,0.0,-2.733333333333327
235,lp_demand_vickrey_raw_coarse_wtp,1.1599999999999966,1.1599999999999966,1.1599999999999966,1.1599999999999895,0.0,7.105427357601002e-15,0.0,-7.105427357601002e-15
235,lp_demand_vickrey_raw_fine_wtp,1.1599999999999966,1.1599999999999966,1.1599999999999966,1.1599999999999966,0.0,0.0,0.0,0.0
235,lp_integrated_supply_demand,1.1599999999999966,1.1599999999999966,-5.2314306376663815,-5.2314306376663815,6.391430637666378,6.391430637666378,0.0,0.0
236,equal_split_first_best,14.790000000000001,14.790000000000001,14.790000000000001,14.790000000000003,0.0,-1.7763568394002505e-15,0.0,1.7763568394002505e-15
236,equal_split_vickrey_majority,14.790000000000001,14.790000000000001,14.790000000000001,14.790000000000001,0.0,0.0,0.0,0.0
236,equal_split_vickrey_faltings_fair,14.790000000000001,14.790000000000001,14.790000000000001,14.790000000000001,0.0,0.0,0.0,0.0
236,equal_split_vickrey_guo_2019_asymptotic,14.790000000000001,14.790000000000001,14.790000000000001,-3.3966666666666665,0.0,18.186666666666667,0.0,-18.186666666666667
236,equal_split_vickrey_guo_2019_finite_n,14.790000000000001,14.790000000000001,14.790000000000001,10.678333333333333,0.0,4.111666666666668,0.0,-4.111666666666668
236,lp_demand_vickrey_raw_coarse_wtp,14.790000000000001,14.790000000000001,14.789999507,14.789999507000001,4.930000017111524e-07,4.929999999347956e-07,0.0,1.7763568394002505e-15
236,lp_demand_vickrey_raw_fine_wtp,14.790000000000001,14.790000000000001,14.790000000000001,14.790000000000001,0.0,0.0,0.0,0.0
236,lp_integrated_supply_demand,14.790000000000001,14.790000000000001,11.996666188223966,11.996666188223966,2.7933338117760353,2.7933338117760353,0.0,0.0
237,equal_split_first_best,89.78999999999999,89.78999999999999,89.78999999999999,89.78999999999999,0.0,0.0,0.0,1.7763568394002505e-15
237,equal_split_vickrey_majority,89.78999999999999,89.78999999999999,89.78999999999999,89.78999999999999,0.0,0.0,0.0,1.7763568394002505e-15
237,equal_split_vickrey_faltings_fair,89.78999999999999,89.78999999999999,89.78999999999999,89.78999999999999,0.0,0.0,0.0,1.7763568394002505e-15
237,equal_split_vickrey_guo_2019_asymptotic,89.78999999999999,89.78999999999999,89.78999999999999,55.729999999999976,0.0,34.06000000000002,0.0,-34.06000000000002
237,equal_split_vickrey_guo_2019_finite_n,89.78999999999999,89.78999999999999,89.78999999999999,72.75999999999998,0.0,17.030000000000015,0.0,-17.030000000000012
237,lp_demand_vickrey_raw_coarse_wtp,89.78999999999999,89.78999999999999,89.78999999999999,89.78999999999999,0.0,0.0,0.0,-8.881784197001252e-16
237,lp_demand_vickrey_raw_fine_wtp,89.78999999999999,89.78999999999999,89.78999999999999,89.78999999999999,0.0,0.0,0.0,0.0
237,lp_integrated_supply_demand,89.78999999999999,89.78999999999999,88.26227901033423,88.26227901033423,1.5277209896657666,1.5277209896657666,0.0,-2.7755575615628914e-17
238,equal_split_first_best,50.27,50.27,50.27,50.27,0.0,0.0,0.0,-1.7763568394002505e-15
238,equal_split_vickrey_majority,50.27,50.27,50.27,50.27,0.0,0.0,0.0,0.0
238,equal_split_vickrey_faltings_fair,50.27,50.27,50.27,50.27,0.0,0.0,0.0,0.0
238,equal_split_vickrey_guo_2019_asymptotic,50.27,50.27,50.27,19.39,0.0,30.880000000000003,0.0,-30.880000000000003
238,equal_split_vickrey_guo_2019_finite_n,50.27,50.27,50.27,34.830000000000005,0.0,15.439999999999998,0.0,-15.439999999999998
238,lp_demand_vickrey_raw_coarse_wtp,50.27,50.27,50.26999874325,50.26999874325,1.2567500036197998e-06,1.2567500036197998e-06,0.0,1.7763568394002505e-15
238,lp_demand_vickrey_raw_fine_wtp,50.27,50.27,50.27,50.27,0.0,0.0,0.0,8.881784197001252e-16
238,lp_integrated_supply_demand,50.27,50.27,49.18078186830559,49.18078186830559,1.089218131694416,1.089218131694416,0.0,0.0
239,equal_split_first_best,78.13,78.13,78.13,78.13,0.0,0.0,0.0,1.7763568394002505e-15
239,equal_split_vickrey_majority,78.13,78.13,78.13,78.13,0.0,0.0,0.0,-1.7763568394002505e-15
239,equal_split_vickrey_faltings_fair,78.13,78.13,78.13,78.13,0.0,0.0,0.0,0.0
239,equal_split_vickrey_guo_2019_asymptotic,78.13,78.13,78.13,45.36999999999999,0.0,32.760000000000005,0.0,-32.760000000000005
239,equal_split_vickrey_guo_2019_finite_n,78.13,78.13,78.13,61.749999999999986,0.0,16.38000000000001,0.0,-16.380000000000006
239,lp_demand_vickrey_raw_coarse_wtp,78.13,78.13,78.13,78.13,0.0,0.0,0.0,1.7763568394002505e-15
239,lp_demand_vickrey_raw_fine_wtp,78.13,78.13,78.13,78.13,0.0,0.0,0.0,1.7763568394002505e-15
239,lp_integrated_supply_demand,78.13,78.13,74.66905309102327,74.66905309102327,3.460946908976723,3.460946908976723,0.0,0.0
240,equal_split_first_best,90.19,90.19,90.19,90.19,0.0,0.0,0.0,0.0
240,equal_split_vickrey_majority,90.19,90.19,90.19,90.19,0.0,0.0,0.0,1.7763568394002505e-15
240,equal_split_vickrey_faltings_fair,90.19,90.19,90.19,90.19,0.0,0.0,0.0,3.552713678800501e-15
240,equal_split_vickrey_guo_2019_asymptotic,90.19,90.19,90.19,63.77000000000001,0.0,26.419999999999987,0.0,-26.41999999999999
240,equal_split_vickrey_guo_2019_finite_n,90.19,90.19,90.19,76.98,0.0,13.209999999999994,0.0,-13.209999999999997
240,lp_demand_vickrey_raw_coarse_wtp,90.19,90.19,90.18999874736112,90.18999874736112,1.2526388815103928e-06,1.2526388815103928e-06,0.0,0.0
240,lp_demand_vickrey_raw_fine_wtp,90.19,90.19,90.19,90.19,0.0,0.0,0.0,0.0
240,lp_integrated_supply_demand,90.19,90.19,87.41279247312792,87.41279247312792,2.7772075268720755,2.7772075268720755,0.0,-2.7755575615628914e-17
241,equal_split_first_best,80.88999999999999,80.88999999999999,80.88999999999999,80.88999999999999,0.0,0.0,0.0,0.0
241,equal_split_vickrey_majority,80.88999999999999,80.88999999999999,80.88999999999999,80.88999999999999,0.0,0.0,0.0,1.7763568394002505e-15
241,equal_split_vickrey_faltings_fair,80.88999999999999,80.88999999999999,80.88999999999999,80.88999999999999,0.0,0.0,0.0,0.0
241,equal_split_vickrey_guo_2019_asymptotic,80.88999999999999,80.88999999999999,80.88999999999999,43.96999999999997,0.0,36.920000000000016,0.0,-36.920000000000016
241,equal_split_vickrey_guo_2019_finite_n,80.88999999999999,80.88999999999999,80.88999999999999,62.429999999999964,0.0,18.460000000000022,0.0,-18.46000000000002
241,lp_demand_vickrey_raw_coarse_wtp,80.88999999999999,80.88999999999999,80.88999999999999,80.88999999999999,0.0,0.0,0.0,0.0
241,lp_demand_vickrey_raw_fine_wtp,80.88999999999999,80.88999999999999,80.88999999999999,80.88999999999999,0.0,0.0,0.0,0.0
241,lp_integrated_supply_demand,80.88999999999999,80.88999999999999,74.75382272508699,74.75382272508699,6.1361772749129955,6.1361772749129955,0.0,-2.7755575615628914e-17
242,equal_split_first_best,70.93,70.93,70.93,70.93,0.0,0.0,0.0,0.0
242,equal_split_vickrey_majority,70.93,70.93,70.93,70.93,0.0,0.0,0.0,0.0
242,equal_split_vickrey_faltings_fair,70.93,70.93,70.93,70.93,0.0,0.0,0.0,0.0
242,equal_split_vickrey_guo_2019_asymptotic,70.93,70.93,70.93,27.69000000000002,0.0,43.23999999999999,0.0,-43.23999999999999
242,equal_split_vickrey_guo_2019_finite_n,70.93,70.93,70.93,49.31000000000006,0.0,21.619999999999948,0.0,-21.619999999999948
242,lp_demand_vickrey_raw_coarse_wtp,70.93,70.93,70.93,70.93,0.0,0.0,0.0,0.0
242,lp_demand_vickrey_raw_fine_wtp,70.93,70.93,70.93,70.93,0.0,0.0,0.0,8.881784197001252e-16
242,lp_integrated_supply_demand,70.93,70.93,67.61999929844086,67.61999929844086,3.3100007015591473,3.3100007015591473,0.0,0.0
243,equal_split_first_best,59.379999999999995,59.379999999999995,59.379999999999995,59.379999999999995,0.0,0.0,0.0,-1.7763568394002505e-15
243,equal_split_vickrey_majority,59.379999999999995,59.379999999999995,59.379999999999995,59.379999999999995,0.0,0.0,0.0,-1.7763568394002505e-15
243,equal_split_vickrey_faltings_fair,59.379999999999995,59.379999999999995,59.379999999999995,59.379999999999995,0.0,0.0,0.0,-1.7763568394002505e-15
243,equal_split_vickrey_guo_2019_asymptotic,59.379999999999995,59.379999999999995,59.379999999999995,25.639999999999986,0.0,33.74000000000001,0.0,-33.74000000000001
243,equal_split_vickrey_guo_2019_finite_n,59.379999999999995,59.379999999999995,59.379999999999995,42.50999999999999,0.0,16.870000000000005,0.0,-16.870000000000008
243,lp_demand_vickrey_raw_coarse_wtp,59.379999999999995,59.379999999999995,59.379999999999995,59.379999999999995,0.0,0.0,0.0,0.0
243,lp_demand_vickrey_raw_fine_wtp,59.379999999999995,59.379999999999995,59.379999999999995,59.379999999999995,0.0,0.0,0.0,0.0
243,lp_integrated_supply_demand,59.379999999999995,59.379999999999995,56.157964342877335,56.157964342877335,3.2220356571226603,3.2220356571226603,0.0,0.0
244,equal_split_first_best,80.91,80.91,80.91,80.91,0.0,0.0,0.0,8.881784197001252e-16
244,equal_split_vickrey_majority,80.91,80.91,80.91,80.91,0.0,0.0,0.0,-1.7763568394002505e-15
244,equal_split_vickrey_faltings_fair,80.91,80.91,80.91,80.91,0.0,0.0,0.0,-1.7763568394002505e-15
244,equal_split_vickrey_guo_2019_asymptotic,80.91,80.91,80.91,51.55,0.0,29.36,0.0,-29.360000000000003
244,equal_split_vickrey_guo_2019_finite_n,80.91,80.91,80.91,66.22999999999999,0.0,14.680000000000007,0.0,-14.68000000000001
244,lp_demand_vickrey_raw_coarse_wtp,80.91,80.91,80.9099983818,80.9099983818,1.6182000024400622e-06,1.6182000024400622e-06,0.0,8.881784197001252e-16
244,lp_demand_vickrey_raw_fine_wtp,80.91,80.91,80.91,80.91,0.0,0.0,0.0,-8.881784197001252e-16
244,lp_integrated_supply_demand,80.91,80.91,79.25999894249037,79.25999894249037,1.650001057509627,1.650001057509627,0.0,0.0
245,equal_split_first_best,9.759999999999998,9.759999999999998,9.759999999999998,9.759999999999998,0.0,0.0,0.0,8.881784197001252e-16
245,equal_split_vickrey_majority,9.759999999999998,9.759999999999998,9.759999999999998,9.759999999999998,0.0,0.0,0.0,-8.881784197001252e-16
245,equal_split_vickrey_faltings_fair,9.759999999999998,9.759999999999998,9.759999999999998,9.759999999999998,0.0,0.0,0.0,-8.881784197001252e-16
245,equal_split_vickrey_guo_2019_asymptotic,9.759999999999998,9.759999999999998,9.759999999999998,-1.4000000000000075,0.0,11.160000000000005,0.0,-11.160000000000005
245,equal_split_vickrey_guo_2019_finite_n,9.759999999999998,9.759999999999998,9.759999999999998,7.90666666666666,0.0,1.853333333333338,0.0,-1.853333333333338
245,lp_demand_vickrey_raw_coarse_wtp,9.759999999999998,9.759999999999998,9.759999511999998,9.759999511999998,4.879999995210937e-07,4.879999995210937e-07,0.0,-4.440892098500626e-16
245,lp_demand_vickrey_raw_fine_wtp,9.759999999999998,9.759999999999998,9.759999674666664,9.759999674666664,3.2533333360618144e-07,3.2533333360618144e-07,0.0,0.0
245,lp_integrated_supply_demand,9.759999999999998,9.759999999999998,9.632058470031222,9.632058470031222,0.12794152996877628,0.12794152996877628,0.0,0.0
246,equal_split_first_best,94.33000000000001,94.33000000000001,94.33000000000001,94.33000000000001,0.0,0.0,0.0,1.7763568394002505e-15
246,equal_split_vickrey_majority,94.33000000000001,94.33000000000001,94.33000000000001,94.33000000000001,0.0,0.0,0.0,1.7763568394002505e-15
246,equal_split_vickrey_faltings_fair,94.33000000000001,94.33000000000001,94.33000000000001,94.33000000000001,0.0,0.0,0.0,3.552713678800501e-15
246,equal_split_vickrey_guo_2019_asymptotic,94.33000000000001,94.33000000000001,94.33000000000001,49.390000000000015,0.0,44.94,0.0,-44.94
246,equal_split_vickrey_guo_2019_finite_n,94.33000000000001,94.33000000000001,94.33000000000001,71.86000000000004,0.0,22.46999999999997,0.0,-22.469999999999967
246,lp_demand_vickrey_raw_coarse_wtp,94.33000000000001,94.33000000000001,94.33000000000001,94.33000000000001,0.0,0.0,0.0,1.7763568394002505e-15
246,lp_demand_vickrey_raw_fine_wtp,94.33000000000001,94.33000000000001,94.33000000000001,94.33000000000001,0.0,0.0,0.0,1.7763568394002505e-15
246,lp_integrated_supply_demand,94.33000000000001,94.33000000000001,91.70215461889694,91.70215461889694,2.6278453811030715,2.6278453811030715,0.0,4.440892098500626e-16
247,equal_split_first_best,46.7,46.7,46.7,46.7,0.0,0.0,0.0,0.0
247,equal_split_vickrey_majority,46.7,46.7,46.7,46.7,0.0,0.0,0.0,1.7763568394002505e-15
247,equal_split_vickrey_faltings_fair,46.7,46.7,46.7,46.7,0.0,0.0,0.0,3.552713678800501e-15
247,equal_split_vickrey_guo_2019_asymptotic,46.7,46.7,46.7,18.24000000000001,0.0,28.459999999999994,0.0,-28.459999999999994
247,equal_split_vickrey_guo_2019_finite_n,46.7,46.7,46.7,34.09000000000002,0.0,12.609999999999985,0.0,-12.609999999999985
247,lp_demand_vickrey_raw_coarse_wtp,46.7,46.7,46.6999988325,46.6999988325,1.1675000024524707e-06,1.1675000024524707e-06,0.0,1.7763568394002505e-15
247,lp_demand_vickrey_raw_fine_wtp,46.7,46.7,46.7,46.7,0.0,0.0,0.0,8.881784197001252e-16
247,lp_integrated_supply_demand,46.7,46.7,43.56661445208483,43.56661445208483,3.133385547915175,3.133385547915175,0.0,0.0
248,equal_split_first_best,60.24999999999999,60.24999999999999,60.24999999999999,60.24999999999999,0.0,0.0,0.0,0.0
248,equal_split_vickrey_majority,60.24999999999999,60.24999999999999,60.24999999999999,60.24999999999999,0.0,0.0,0.0,0.0
248,equal_split_vickrey_faltings_fair,60.24999999999999,60.24999999999999,60.24999999999999,60.24999999999999,0.0,0.0,0.0,0.0
248,equal_split_vickrey_guo_2019_asymptotic,60.24999999999999,60.24999999999999,60.24999999999999,31.00999999999997,0.0,29.240000000000023,0.0,-29.240000000000023
248,equal_split_vickrey_guo_2019_finite_n,60.24999999999999,60.24999999999999,60.24999999999999,45.62999999999998,0.0,14.620000000000012,0.0,-14.620000000000012
248,lp_demand_vickrey_raw_coarse_wtp,60.24999999999999,60.24999999999999,60.24999849374999,60.24999849374999,1.5062500011708835e-06,1.5062500011708835e-06,0.0,-1.7763568394002505e-15
248,lp_demand_vickrey_raw_fine_wtp,60.24999999999999,60.24999999999999,60.24999999999999,60.24999999999999,0.0,0.0,0.0,0.0
248,lp_integrated_supply_demand,60.24999999999999,60.24999999999999,56.12372811594021,56.12372811594021,4.126271884059783,4.126271884059783,0.0,0.0
249,equal_split_first_best,18.03,18.03,18.03,18.03,0.0,0.0,0.0,-8.881784197001252e-16
249,equal_split_vickrey_majority,18.03,18.03,18.03,18.03,0.0,0.0,0.0,0.0
249,equal_split_vickrey_faltings_fair,18.03,18.03,18.03,18.03,0.0,0.0,0.0,0.0
249,equal_split_vickrey_guo_2019_asymptotic,18.03,18.03,18.03,-1.5166666666666657,0.0,19.546666666666667,0.0,-19.546666666666667
249,equal_split_vickrey_guo_2019_finite_n,18.03,18.03,18.03,15.545,0.0,2.485000000000001,0.0,-2.485000000000001
249,lp_demand_vickrey_raw_coarse_wtp,18.03,18.03,18.0299990985,18.0299990985,9.01500001759814e-07,9.01500001759814e-07,0.0,-1.7763568394002505e-15
249,lp_demand_vickrey_raw_fine_wtp,18.03,18.03,18.03,18.03,0.0,0.0,0.0,0.0
249,lp_integrated_supply_demand,18.03,18.03,15.5714339782613,15.5714339782613,2.458566021738701,2.458566021738701,0.0,0.0
250,equal_split_first_best,65.25999999999999,65.25999999999999,65.25999999999999,65.25999999999999,0.0,0.0,0.0,8.881784197001252e-16
250,equal_split_vickrey_majority,65.25999999999999,65.25999999999999,65.25999999999999,65.25999999999999,0.0,0.0,0.0,0.0
250,equal_split_vickrey_faltings_fair,65.25999999999999,65.25999999999999,65.25999999999999,65.25999999999999,0.0,0.0,0.0,0.0
250,equal_split_vickrey_guo_2019_asymptotic,65.25999999999999,65.25999999999999,65.25999999999999,30.89999999999997,0.0,34.36000000000002,0.0,-34.36000000000002
250,equal_split_vickrey_guo_2019_finite_n,65.25999999999999,65.25999999999999,65.25999999999999,48.07999999999997,0.0,17.18000000000002,0.0,-17.18000000000002
250,lp_demand_vickrey_raw_coarse_wtp,65.25999999999999,65.25999999999999,65.25999999999999,65.25999999999999,0.0,0.0,0.0,0.0
250,lp_demand_vickrey_raw_fine_wtp,65.25999999999999,65.25999999999999,65.25999999999999,65.25999999999999,0.0,0.0,0.0,-8.881784197001252e-16
250,lp_integrated_supply_demand,65.25999999999999,65.25999999999999,60.536918454756744,60.536918454756744,4.723081545243247,4.723081545243247,0.0,0.0
251,equal_split_first_best,12.18,12.18,12.18,12.18,0.0,0.0,0.0,-4.440892098500626e-16
251,equal_split_vickrey_majority,12.18,12.18,12.18,12.18,0.0,0.0,0.0,0.0
251,equal_split_vickrey_faltings_fair,12.18,12.18,12.18,12.18,0.0,0.0,0.0,0.0
251,equal_split_vickrey_guo_2019_asymptotic,12.18,12.18,12.18,5.33333333333333,0.0,6.846666666666669,0.0,-6.846666666666669
251,equal_split_vickrey_guo_2019_finite_n,12.18,12.18,12.18,9.754999999999999,0.0,2.4250000000000007,0.0,-2.4250000000000007
251,lp_demand_vickrey_raw_coarse_wtp,12.18,12.18,12.179999594,12.179999594,4.059999998418107e-07,4.059999998418107e-07,0.0,-4.440892098500626e-16
251,lp_demand_vickrey_raw_fine_wtp,12.18,12.18,12.179999188,12.179999188,8.119999996836214e-07,8.119999996836214e-07,0.0,4.440892098500626e-16
251,lp_integrated_supply_demand,12.18,12.18,11.27159780960531,11.27159780960531,0.9084021903946891,0.9084021903946891,0.0,0.0
252,equal_split_first_best,9.629999999999999,9.629999999999999,9.629999999999999,9.629999999999999,0.0,0.0,0.0,4.440892098500626e-16
252,equal_split_vickrey_majority,9.629999999999999,9.629999999999999,9.629999999999999,9.629999999999999,0.0,0.0,0.0,-8.881784197001252e-16
252,equal_split_vickrey_faltings_fair,9.629999999999999,9.629999999999999,9.629999999999999,9.629999999999999,0.0,0.0,0.0,-8.881784197001252e-16
252,equal_split_vickrey_guo_2019_asymptotic,9.629999999999999,9.629999999999999,9.629999999999999,-0.2366666666666717,0.0,9.86666666666667,0.0,-9.86666666666667
252,equal_split_vickrey_guo_2019_finite_n,9.629999999999999,9.629999999999999,9.629999999999999,8.944999999999999,0.0,0.6850000000000005,0.0,-0.6850000000000005
252,lp_demand_vickrey_raw_coarse_wtp,9.629999999999999,9.629999999999999,9.629999518499998,9.629999518499998,4.815000007596382e-07,4.815000007596382e-07,0.0,-4.440892098500626e-16
252,lp_demand_vickrey_raw_fine_wtp,9.629999999999999,9.629999999999999,9.629999037,9.629999037000001,9.629999997429195e-07,9.629999979665627e-07,0.0,8.881784197001252e-16
252,lp_integrated_supply_demand,9.629999999999999,9.629999999999999,8.394999994746074,8.394999994746074,1.2350000052539247,1.2350000052539247,0.0,0.0
253,equal_split_first_best,14.54,14.54,14.54,14.539999999999997,0.0,1.7763568394002505e-15,0.0,-1.7763568394002505e-15
253,equal_split_vickrey_majority,14.54,14.54,14.54,14.539999999999997,0.0,1.7763568394002505e-15,0.0,-1.7763568394002505e-15
253,equal_split_vickrey_faltings_fair,14.54,14.54,14.54,14.54,0.0,0.0,0.0,0.0
253,equal_split_vickrey_guo_2019_asymptotic,14.54,14.54,14.54,-3.353333333333339,0.0,17.893333333333338,0.0,-17.893333333333338
253,equal_split_vickrey_guo_2019_finite_n,14.54,14.54,14.54,11.373333333333335,0.0,3.1666666666666643,0.0,-3.1666666666666634
253,lp_demand_vickrey_raw_coarse_wtp,14.54,14.54,14.539999273,14.539999273,7.269999997561172e-07,7.269999997561172e-07,0.0,0.0
253,lp_demand_vickrey_raw_fine_wtp,14.54,14.54,14.54,14.539999999999997,0.0,1.7763568394002505e-15,0.0,-1.7763568394002505e-15
253,lp_integrated_supply_demand,14.54,14.54,10.64591830228284,10.64591830228284,3.8940816977171586,3.8940816977171586,0.0,0.0
254,equal_split_first_best,51.32000000000001,51.32000000000001,51.32000000000001,51.32000000000001,0.0,0.0,0.0,1.7763568394002505e-15
254,equal_split_vickrey_majority,51.32000000000001,51.32000000000001,51.32000000000001,51.32000000000001,0.0,0.0,0.0,1.7763568394002505e-15
254,equal_split_vickrey_faltings_fair,51.32000000000001,51.32000000000001,51.32000000000001,51.32000000000001,0.0,0.0,0.0,3.552713678800501e-15
254,equal_split_vickrey_guo_2019_asymptotic,51.32000000000001,51.32000000000001,51.32000000000001,21.64666666666667,0.0,29.67333333333334,0.0,-29.67333333333334
254,equal_split_vickrey_guo_2019_finite_n,51.32000000000001,51.32000000000001,51.32000000000001,37.51000000000001,0.0,13.809999999999995,0.0,-13.809999999999997
254,lp_demand_vickrey_raw_coarse_wtp,51.32000000000001,51.32000000000001,51.319998717000004,51.319998717000004,1.2830000031271993e-06,1.2830000031271993e-06,0.0,0.0
254,lp_demand_vickrey_raw_fine_wtp,51.32000000000001,51.32000000000001,51.32000000000001,51.32000000000001,0.0,0.0,0.0,8.881784197001252e-16
254,lp_integrated_supply_demand,51.32000000000001,51.32000000000001,49.19926448135329,49.19926448135329,2.1207355186467183,2.1207355186467183,0.0,0.0
255,equal_split_first_best,39.94,39.94,39.94,39.94,0.0,0.0,0.0,-8.881784197001252e-16
255,equal_split_vickrey_majority,39.94,39.94,39.94,39.94,0.0,0.0,0.0,1.7763568394002505e-15
255,equal_split_vickrey_faltings_fair,39.94,39.94,39.94,39.94,0.0,0.0,0.0,1.7763568394002505e-15
255,equal_split_vickrey_guo_2019_asymptotic,39.94,39.94,39.94,17.213333333333324,0.0,22.726666666666674,0.0,-22.726666666666674
255,equal_split_vickrey_guo_2019_finite_n,39.94,39.94,39.94,30.87,0.0,9.069999999999997,0.0,-9.069999999999997
255,lp_demand_vickrey_raw_coarse_wtp,39.94,39.94,39.93999916791667,39.93999916791667,8.32083330237765e-07,8.32083330237765e-07,0.0,0.0
255,lp_demand_vickrey_raw_fine_wtp,39.94,39.94,39.94,39.94,0.0,0.0,0.0,8.881784197001252e-16
255,lp_integrated_supply_demand,39.94,39.94,36.98584663881607,36.98584663881607,2.954153361183927,2.954153361183927,0.0,0.0
256,equal_split_first_best,70.6,70.6,70.6,70.6,0.0,0.0,0.0,0.0
256,equal_split_vickrey_majority,70.6,70.6,70.6,70.6,0.0,0.0,0.0,1.7763568394002505e-15
256,equal_split_vickrey_faltings_fair,70.6,70.6,70.6,70.6,0.0,0.0,0.0,1.7763568394002505e-15
256,equal_split_vickrey_guo_2019_asymptotic,70.6,70.6,70.6,40.77999999999999,0.0,29.820000000000007,0.0,-29.820000000000004
256,equal_split_vickrey_guo_2019_finite_n,70.6,70.6,70.6,55.69,0.0,14.909999999999997,0.0,-14.909999999999993
256,lp_demand_vickrey_raw_coarse_wtp,70.6,70.6,70.59999858799999,70.59999858799999,1.4120000031425661e-06,1.4120000031425661e-06,0.0,1.7763568394002505e-15
256,lp_demand_vickrey_raw_fine_wtp,70.6,70.6,70.6,70.6,0.0,0.0,0.0,0.0
256,lp_integrated_supply_demand,70.6,70.6,69.00080773222386,69.00080773222386,1.5991922677761323,1.5991922677761323,0.0,0.0
257,equal_split_first_best,42.76,42.76,42.76,42.76,0.0,0.0,0.0,1.7763568394002505e-15
257,equal_split_vickrey_majority,42.76,42.76,42.76,42.76,0.0,0.0,0.0,0.0
257,equal_split_vickrey_faltings_fair,42.76,42.76,42.76,42.76,0.0,0.0,0.0,0.0
257,equal_split_vickrey_guo_2019_asymptotic,42.76,42.76,42.76,13.579999999999998,0.0,29.18,0.0,-29.18
257,equal_split_vickrey_guo_2019_finite_n,42.76,42.76,42.76,28.169999999999987,0.0,14.59000000000001,0.0,-14.59000000000001
257,lp_demand_vickrey_raw_coarse_wtp,42.76,42.76,42.759998931,42.759998931,1.0689999996316146e-06,1.0689999996316146e-06,0.0,0.0
257,lp_demand_vickrey_raw_fine_wtp,42.76,42.76,42.76,42.76,0.0,0.0,0.0,0.0
257,lp_integrated_supply_demand,42.76,42.76,41.73430710928989,41.73430710928989,1.0256928907101113,1.0256928907101113,0.0,0.0
258,equal_split_first_best,61.16,61.16,61.16,61.16,0.0,0.0,0.0,-8.881784197001252e-16
258,equal_split_vickrey_majority,61.16,61.16,61.16,61.16,0.0,0.0,0.0,-1.7763568394002505e-15
258,equal_split_vickrey_faltings_fair,61.16,61.16,61.16,61.16,0.0,0.0,0.0,-1.7763568394002505e-15
258,equal_split_vickrey_guo_2019_asymptotic,61.16,61.16,61.16,34.18666666666667,0.0,26.97333333333333,0.0,-26.973333333333333
258,equal_split_vickrey_guo_2019_finite_n,61.16,61.16,61.16,48.42,0.0,12.739999999999995,0.0,-12.739999999999998
258,lp_demand_vickrey_raw_coarse_wtp,61.16,61.16,61.159998776799995,61.159998776799995,1.2232000017320388e-06,1.2232000017320388e-06,0.0,-8.881784197001252e-16
258,lp_demand_vickrey_raw_fine_wtp,61.16,61.16,61.16,61.16,0.0,0.0,0.0,-8.881784197001252e-16
258,lp_integrated_supply_demand,61.16,61.16,58.814883678050904,58.814883678050904,2.3451163219490923,2.3451163219490923,0.0,0.0
259,equal_split_first_best,12.099999999999998,12.099999999999998,12.099999999999998,12.099999999999998,0.0,0.0,0.0,-2.220446049250313e-16
259,equal_split_vickrey_majority,12.099999999999998,12.099999999999998,12.099999999999998,12.099999999999998,0.0,0.0,0.0,-2.220446049250313e-16
259,equal_split_vickrey_faltings_fair,12.099999999999998,12.099999999999998,12.099999999999998,12.099999999999998,0.0,0.0,0.0,-2.220446049250313e-16
259,equal_split_vickrey_guo_2019_asymptotic,12.099999999999998,12.099999999999998,12.099999999999998,6.419999999999998,0.0,5.68,0.0,-5.68
259,equal_split_vickrey_guo_2019_finite_n,12.099999999999998,12.099999999999998,12.099999999999998,9.259999999999994,0.0,2.8400000000000034,0.0,-2.840000000000003
259,lp_demand_vickrey_raw_coarse_wtp,12.099999999999998,12.099999999999998,0.0,0.0,12.099999999999998,12.099999999999998,0.0,0.0
259,lp_demand_vickrey_raw_fine_wtp,12.099999999999998,12.099999999999998,12.099999839365518,12.099999839365518,1.6063447993985847e-07,1.6063447993985847e-07,0.0,0.0
259,lp_integrated_supply_demand,12.099999999999998,12.099999999999998,5.896832373439194,5.896832373439194,6.203167626560804,6.203167626560804,0.0,0.0
260,equal_split_first_best,52.91999999999999,52.91999999999999,52.91999999999999,52.91999999999999,0.0,0.0,0.0,0.0
260,equal_split_vickrey_majority,52.91999999999999,52.91999999999999,52.91999999999999,52.91999999999999,0.0,0.0,0.0,-1.7763568394002505e-15
260,equal_split_vickrey_faltings_fair,52.91999999999999,52.91999999999999,52.91999999999999,52.91999999999999,0.0,0.0,0.0,-1.7763568394002505e-15
260,equal_split_vickrey_guo_2019_asymptotic,52.91999999999999,52.91999999999999,52.91999999999999,23.746666666666627,0.0,29.17333333333336,0.0,-29.17333333333336
260,equal_split_vickrey_guo_2019_finite_n,52.91999999999999,52.91999999999999,52.91999999999999,38.71999999999995,0.0,14.200000000000038,0.0,-14.200000000000037
260,lp_demand_vickrey_raw_coarse_wtp,52.91999999999999,52.91999999999999,52.91999867699998,52.91999867699998,1.3230000064368141e-06,1.3230000064368141e-06,0.0,0.0
260,lp_demand_vickrey_raw_fine_wtp,52.91999999999999,52.91999999999999,52.91999999999999,52.91999999999999,0.0,0.0,0.0,-1.7763568394002505e-15
260,lp_integrated_supply_demand,52.91999999999999,52.91999999999999,51.02769829387648,51.02769829387648,1.8923017061235043,1.8923017061235043,0.0,0.0
261,equal_split_first_best,96.83000000000001,96.83000000000001,96.83000000000001,96.83000000000001,0.0,0.0,0.0,0.0
261,equal_split_vickrey_majority,96.83000000000001,96.83000000000001,96.83000000000001,96.83000000000001,0.0,0.0,0.0,0.0
261,equal_split_vickrey_faltings_fair,96.83000000000001,96.83000000000001,96.83000000000001,96.83000000000001,0.0,0.0,0.0,0.0
261,equal_split_vickrey_guo_2019_asymptotic,96.83000000000001,96.83000000000001,96.83000000000001,63.850000000000016,0.0,32.98,0.0,-32.98
261,equal_split_vickrey_guo_2019_finite_n,96.83000000000001,96.83000000000001,96.83000000000001,80.34000000000006,0.0,16.489999999999952,0.0,-16.48999999999996
261,lp_demand_vickrey_raw_coarse_wtp,96.83000000000001,96.83000000000001,96.83000000000001,96.83000000000001,0.0,0.0,0.0,-8.881784197001252e-16
261,lp_demand_vickrey_raw_fine_wtp,96.83000000000001,96.83000000000001,96.83000000000001,96.83000000000001,0.0,0.0,0.0,-1.7763568394002505e-15
261,lp_integrated_supply_demand,96.83000000000001,96.83000000000001,96.55022609800345,96.55022609800345,0.27977390199656327,0.27977390199656327,0.0,0.0
262,equal_split_first_best,25.080000000000002,25.080000000000002,25.080000000000002,25.080000000000002,0.0,0.0,0.0,0.0
262,equal_split_vickrey_majority,25.080000000000002,25.080000000000002,25.080000000000002,25.08,0.0,3.552713678800501e-15,0.0,-1.7763568394002505e-15
262,equal_split_vickrey_faltings_fair,25.080000000000002,25.080000000000002,25.080000000000002,25.08,0.0,3.552713678800501e-15,0.0,-1.7763568394002505e-15
262,equal_split_vickrey_guo_2019_asymptotic,25.080000000000002,25.080000000000002,25.080000000000002,3.913333333333341,0.0,21.16666666666666,0.0,-21.16666666666666
262,equal_split_vickrey_guo_2019_finite_n,25.080000000000002,25.080000000000002,25.080000000000002,16.909999999999993,0.0,8.170000000000009,0.0,-8.170000000000009
262,lp_demand_vickrey_raw_coarse_wtp,25.080000000000002,25.080000000000002,25.079999303333334,25.079999303333334,6.966666674657063e-07,6.966666674657063e-07,0.0,0.0
262,lp_demand_vickrey_raw_fine_wtp,25.080000000000002,25.080000000000002,25.080000000000002,25.080000000000002,0.0,0.0,0.0,0.0
262,lp_integrated_supply_demand,25.080000000000002,25.080000000000002,22.58999909908136,22.58999909908136,2.4900009009186412,2.4900009009186412,0.0,0.0
263,equal_split_first_best,27.909999999999997,27.909999999999997,27.909999999999997,27.909999999999997,0.0,0.0,0.0,0.0
263,equal_split_vickrey_majority,27.909999999999997,27.909999999999997,27.909999999999997,27.909999999999997,0.0,0.0,0.0,8.881784197001252e-16
263,equal_split_vickrey_faltings_fair,27.909999999999997,27.909999999999997,27.909999999999997,27.909999999999997,0.0,0.0,0.0,1.7763568394002505e-15
263,equal_split_vickrey_guo_2019_asymptotic,27.909999999999997,27.909999999999997,27.909999999999997,8.169999999999995,0.0,19.740000000000002,0.0,-19.740000000000002
263,equal_split_vickrey_guo_2019_finite_n,27.909999999999997,27.909999999999997,27.909999999999997,18.04,0.0,9.869999999999997,0.0,-9.869999999999996
263,lp_demand_vickrey_raw_coarse_wtp,27.909999999999997,27.909999999999997,27.909999379777776,27.909999379777773,6.202222202489338e-07,6.202222238016475e-07,0.0,-1.7763568394002505e-15
263,lp_demand_vickrey_raw_fine_wtp,27.909999999999997,27.909999999999997,27.909999999999997,27.909999999999997,0.0,0.0,0.0,8.881784197001252e-16
263,lp_integrated_supply_demand,27.909999999999997,27.909999999999997,27.086665586415094,27.086665586415094,0.8233344135849023,0.8233344135849023,0.0,0.0
264,equal_split_first_best,23.360000000000003,23.360000000000003,23.360000000000003,23.360000000000003,0.0,0.0,0.0,0.0
264,equal_split_vickrey_majority,23.360000000000003,23.360000000000003,23.360000000000003,23.360000000000003,0.0,0.0,0.0,0.0
264,equal_split_vickrey_faltings_fair,23.360000000000003,23.360000000000003,23.360000000000003,23.360000000000003,0.0,0.0,0.0,0.0
264,equal_split_vickrey_guo_2019_asymptotic,23.360000000000003,23.360000000000003,23.360000000000003,2.026666666666685,0.0,21.333333333333318,0.0,-21.333333333333318
264,equal_split_vickrey_guo_2019_finite_n,23.360000000000003,23.360000000000003,23.360000000000003,15.825000000000014,0.0,7.5349999999999895,0.0,-7.5349999999999895
264,lp_demand_vickrey_raw_coarse_wtp,23.360000000000003,23.360000000000003,23.359999351111114,23.359999351111114,6.488888892874911e-07,6.488888892874911e-07,0.0,0.0
264,lp_demand_vickrey_raw_fine_wtp,23.360000000000003,23.360000000000003,23.360000000000003,23.360000000000003,0.0,0.0,0.0,8.881784197001252e-16
264,lp_integrated_supply_demand,23.360000000000003,23.360000000000003,20.97999916329026,20.97999916329026,2.380000836709744,2.380000836709744,0.0,0.0
265,equal_split_first_best,14.410000000000002,14.410000000000002,14.410000000000002,14.410000000000002,0.0,0.0,0.0,0.0
265,equal_split_vickrey_majority,14.410000000000002,14.410000000000002,14.410000000000002,14.410000000000004,0.0,-1.7763568394002505e-15,0.0,1.7763568394002505e-15
265,equal_split_vickrey_faltings_fair,14.410000000000002,14.410000000000002,14.410000000000002,14.410000000000004,0.0,-1.7763568394002505e-15,0.0,1.7763568394002505e-15
265,equal_split_vickrey_guo_2019_asymptotic,14.410000000000002,14.410000000000002,14.410000000000002,-5.636666666666658,0.0,20.04666666666666,0.0,-20.04666666666666
265,equal_split_vickrey_guo_2019_finite_n,14.410000000000002,14.410000000000002,14.410000000000002,11.831666666666678,0.0,2.5783333333333243,0.0,-2.5783333333333243
265,lp_demand_vickrey_raw_coarse_wtp,14.410000000000002,14.410000000000002,14.410000000000002,14.410000000000002,0.0,0.0,0.0,0.0
265,lp_demand_vickrey_raw_fine_wtp,14.410000000000002,14.410000000000002,14.410000000000002,14.410000000000002,0.0,0.0,0.0,0.0
265,lp_integrated_supply_demand,14.410000000000002,14.410000000000002,13.23378515170911,13.23378515170911,1.1762148482908916,1.1762148482908916,0.0,0.0
266,equal_split_first_best,56.42,56.42,56.42,56.42,0.0,0.0,0.0,-1.7763568394002505e-15
266,equal_split_vickrey_majority,56.42,56.42,56.42,56.42,0.0,0.0,0.0,0.0
266,equal_split_vickrey_faltings_fair,56.42,56.42,56.42,56.42,0.0,0.0,0.0,0.0
266,equal_split_vickrey_guo_2019_asymptotic,56.42,56.42,56.42,28.680000000000007,0.0,27.739999999999995,0.0,-27.739999999999995
266,equal_split_vickrey_guo_2019_finite_n,56.42,56.42,56.42,42.55,0.0,13.870000000000005,0.0,-13.870000000000005
266,lp_demand_vickrey_raw_coarse_wtp,56.42,56.42,56.4199985895,56.4199985895,1.4105000047948124e-06,1.4105000047948124e-06,0.0,1.7763568394002505e-15
266,lp_demand_vickrey_raw_fine_wtp,56.42,56.42,56.42,56.42,0.0,0.0,0.0,0.0
266,lp_integrated_supply_demand,56.42,56.42,54.006811696974104,54.006811696974104,2.4131883030258976,2.4131883030258976,0.0,0.0
267,equal_split_first_best,16.110000000000003,16.110000000000003,16.110000000000003,16.110000000000003,0.0,0.0,0.0,0.0
267,equal_split_vickrey_majority,16.110000000000003,16.110000000000003,16.110000000000003,16.110000000000003,0.0,0.0,0.0,0.0
267,equal_split_vickrey_faltings_fair,16.110000000000003,16.110000000000003,16.110000000000003,16.110000000000003,0.0,0.0,0.0,0.0
267,equal_split_vickrey_guo_2019_asymptotic,16.110000000000003,16.110000000000003,16.110000000000003,-5.896666666666672,0.0,22.006666666666675,0.0,-22.006666666666675
267,equal_split_vickrey_guo_2019_finite_n,16.110000000000003,16.110000000000003,16.110000000000003,14.765,0.0,1.3450000000000024,0.0,-1.3450000000000024
267,lp_demand_vickrey_raw_coarse_wtp,16.110000000000003,16.110000000000003,16.110000000000003,16.110000000000003,0.0,0.0,0.0,0.0
267,lp_demand_vickrey_raw_fine_wtp,16.110000000000003,16.110000000000003,16.110000000000003,16.110000000000003,0.0,0.0,0.0,8.881784197001252e-16
267,lp_integrated_supply_demand,16.110000000000003,16.110000000000003,10.929799824650217,10.929799824650217,5.1802001753497855,5.1802001753497855,0.0,0.0
268,equal_split_first_best,11.839999999999998,11.839999999999998,11.839999999999998,11.84,0.0,-1.7763568394002505e-15,0.0,1.7763568394002505e-15
268,equal_split_vickrey_majority,11.839999999999998,11.839999999999998,11.839999999999998,11.839999999999998,0.0,0.0,0.0,0.0
268,equal_split_vickrey_faltings_fair,11.839999999999998,11.839999999999998,11.839999999999998,11.839999999999998,0.0,0.0,0.0,0.0
268,equal_split_vickrey_guo_2019_asymptotic,11.839999999999998,11.839999999999998,11.839999999999998,-4.926666666666675,0.0,16.766666666666673,0.0,-16.766666666666673
268,equal_split_vickrey_guo_2019_finite_n,11.839999999999998,11.839999999999998,11.839999999999998,9.503333333333332,0.0,2.336666666666666,0.0,-2.336666666666666
268,lp_demand_vickrey_raw_coarse_wtp,11.839999999999998,11.839999999999998,11.839999013333331,11.839999013333331,9.866666665914181e-07,9.866666665914181e-07,0.0,0.0
268,lp_demand_vickrey_raw_fine_wtp,11.839999999999998,11.839999999999998,11.839999999999998,11.839999999999998,0.0,0.0,0.0,0.0
268,lp_integrated_supply_demand,11.839999999999998,11.839999999999998,8.567390052254769,8.567390052254769,3.272609947745229,3.272609947745229,0.0,0.0
269,equal_split_first_best,25.870000000000005,25.870000000000005,25.870000000000005,25.870000000000005,0.0,0.0,0.0,-1.7763568394002505e-15
269,equal_split_vickrey_majority,25.870000000000005,25.870000000000005,25.870000000000005,25.870000000000005,0.0,0.0,0.0,-1.7763568394002505e-15
269,equal_split_vickrey_faltings_fair,25.870000000000005,25.870000000000005,25.870000000000005,25.870000000000005,0.0,0.0,0.0,-1.7763568394002505e-15
269,equal_split_vickrey_guo_2019_asymptotic,25.870000000000005,25.870000000000005,25.870000000000005,3.5233333333333405,0.0,22.346666666666664,0.0,-22.346666666666664
269,equal_split_vickrey_guo_2019_finite_n,25.870000000000005,25.870000000000005,25.870000000000005,21.775000000000006,0.0,4.094999999999999,0.0,-4.095000000000001
269,lp_demand_vickrey_raw_coarse_wtp,25.870000000000005,25.870000000000005,25.869998706500002,25.869998706500002,1.2935000022196164e-06,1.2935000022196164e-06,0.0,8.881784197001252e-16
269,lp_demand_vickrey_raw_fine_wtp,25.870000000000005,25.870000000000005,25.870000000000005,25.870000000000005,0.0,0.0,0.0,0.0
269,lp_integrated_supply_demand,25.870000000000005,25.870000000000005,24.089877736442954,24.089877736442954,1.7801222635570504,1.7801222635570504,0.0,0.0
270,equal_split_first_best,49.88,49.88,49.88,49.88,0.0,0.0,0.0,0.0
270,equal_split_vickrey_majority,49.88,49.88,49.88,49.88,0.0,0.0,0.0,-1.7763568394002505e-15
270,equal_split_vickrey_faltings_fair,49.88,49.88,49.88,49.88,0.0,0.0,0.0,-1.7763568394002505e-15
270,equal_split_vickrey_guo_2019_asymptotic,49.88,49.88,49.88,16.093333333333327,0.0,33.786666666666676,0.0,-33.786666666666676
270,equal_split_vickrey_guo_2019_finite_n,49.88,49.88,49.88,35.120000000000005,0.0,14.759999999999998,0.0,-14.759999999999994
270,lp_demand_vickrey_raw_coarse_wtp,49.88,49.88,49.88,49.88,0.0,0.0,0.0,1.7763568394002505e-15
270,lp_demand_vickrey_raw_fine_wtp,49.88,49.88,49.88,49.88,0.0,0.0,0.0,0.0
270,lp_integrated_supply_demand,49.88,49.88,46.57105962056679,46.57105962056679,3.30894037943321,3.30894037943321,0.0,0.0
271,equal_split_first_best,79.67,79.67,79.67,79.67,0.0,0.0,0.0,1.7763568394002505e-15
271,equal_split_vickrey_majority,79.67,79.67,79.67,79.67,0.0,0.0,0.0,0.0
271,equal_split_vickrey_faltings_fair,79.67,79.67,79.67,79.67,0.0,0.0,0.0,0.0
271,equal_split_vickrey_guo_2019_asymptotic,79.67,79.67,79.67,45.84999999999998,0.0,33.82000000000002,0.0,-33.82000000000002
271,equal_split_vickrey_guo_2019_finite_n,79.67,79.67,79.67,62.75999999999999,0.0,16.91000000000001,0.0,-16.91000000000001
271,lp_demand_vickrey_raw_coarse_wtp,79.67,79.67,79.67,79.67,0.0,0.0,0.0,0.0
271,lp_demand_vickrey_raw_fine_wtp,79.67,79.67,79.67,79.67,0.0,0.0,0.0,-1.7763568394002505e-15
271,lp_integrated_supply_demand,79.67,79.67,74.9345049170814,74.9345049170814,4.735495082918604,4.735495082918604,0.0,0.0
272,equal_split_first_best,72.49,72.49,72.49,72.49,0.0,0.0,0.0,-1.7763568394002505e-15
272,equal_split_vickrey_majority,72.49,72.49,72.49,72.49,0.0,0.0,0.0,0.0
272,equal_split_vickrey_faltings_fair,72.49,72.49,72.49,72.49,0.0,0.0,0.0,0.0
272,equal_split_vickrey_guo_2019_asymptotic,72.49,72.49,72.49,43.64999999999996,0.0,28.840000000000032,0.0,-28.840000000000032
272,equal_split_vickrey_guo_2019_finite_n,72.49,72.49,72.49,58.06999999999996,0.0,14.420000000000037,0.0,-14.420000000000037
272,lp_demand_vickrey_raw_coarse_wtp,72.49,72.49,72.4899985502,72.4899985502,1.4497999956120111e-06,1.4497999956120111e-06,0.0,0.0
272,lp_demand_vickrey_raw_fine_wtp,72.49,72.49,72.49,72.49,0.0,0.0,0.0,0.0
272,lp_integrated_supply_demand,72.49,72.49,71.42706242757458,71.42706242757458,1.0629375724254118,1.0629375724254118,0.0,0.0
273,equal_split_first_best,25.82,25.82,25.82,25.82,0.0,0.0,0.0,-8.881784197001252e-16
273,equal_split_vickrey_majority,25.82,25.82,25.82,25.82,0.0,0.0,0.0,1.7763568394002505e-15
273,equal_split_vickrey_faltings_fair,25.82,25.82,25.82,25.820000000000004,0.0,-3.552713678800501e-15,0.0,3.552713678800501e-15
273,equal_split_vickrey_guo_2019_asymptotic,25.82,25.82,25.82,4.293333333333333,0.0,21.526666666666667,0.0,-21.526666666666667
273,equal_split_vickrey_guo_2019_finite_n,25.82,25.82,25.82,21.488333333333333,0.0,4.331666666666667,0.0,-4.331666666666666
273,lp_demand_vickrey_raw_coarse_wtp,25.82,25.82,25.819998709,25.819998708999996,1.2910000002364086e-06,1.2910000037891223e-06,0.0,-1.7763568394002505e-15
273,lp_demand_vickrey_raw_fine_wtp,25.82,25.82,25.82,25.82,0.0,0.0,0.0,1.7763568394002505e-15
273,lp_integrated_supply_demand,25.82,25.82,20.720993419688543,20.720993419688543,5.099006580311457,5.099006580311457,0.0,0.0
274,equal_split_first_best,59.46,59.46,59.46,59.46,0.0,0.0,0.0,0.0
274,equal_split_vickrey_majority,59.46,59.46,59.46,59.46,0.0,0.0,0.0,1.7763568394002505e-15
274,equal_split_vickrey_faltings_fair,59.46,59.46,59.46,59.46000000000001,0.0,-7.105427357601002e-15,0.0,3.552713678800501e-15
274,equal_split_vickrey_guo_2019_asymptotic,59.46,59.46,59.46,33.66,0.0,25.800000000000004,0.0,-25.800000000000004
274,equal_split_vickrey_guo_2019_finite_n,59.46,59.46,59.46,46.56,0.0,12.899999999999999,0.0,-12.9
274,lp_demand_vickrey_raw_coarse_wtp,59.46,59.46,59.459998761250006,59.459998761250006,1.2387499950250458e-06,1.2387499950250458e-06,0.0,0.0
274,lp_demand_vickrey_raw_fine_wtp,59.46,59.46,59.46,59.46,0.0,0.0,0.0,0.0
274,lp_integrated_supply_demand,59.46,59.46,57.530868781929065,57.530868781929065,1.9291312180709355,1.9291312180709355,0.0,0.0
275,equal_split_first_best,57.27,57.27,57.27,57.27,0.0,0.0,0.0,0.0
275,equal_split_vickrey_majority,57.27,57.27,57.27,57.27,0.0,0.0,0.0,1.7763568394002505e-15
275,equal_split_vickrey_faltings_fair,57.27,57.27,57.27,57.27,0.0,0.0,0.0,1.7763568394002505e-15
275,equal_split_vickrey_guo_2019_asymptotic,57.27,57.27,57.27,26.289999999999985,0.0,30.980000000000018,0.0,-30.980000000000018
275,equal_split_vickrey_guo_2019_finite_n,57.27,57.27,57.27,41.77999999999999,0.0,15.490000000000016,0.0,-15.490000000000018
275,lp_demand_vickrey_raw_coarse_wtp,57.27,57.27,57.269998568249996,57.269998568249996,1.4317500074412237e-06,1.4317500074412237e-06,0.0,0.0
275,lp_demand_vickrey_raw_fine_wtp,57.27,57.27,57.27,57.27,0.0,0.0,0.0,1.7763568394002505e-15
275,lp_integrated_supply_demand,57.27,57.27,55.368032799756975,55.368032799756975,1.9019672002430283,1.9019672002430283,0.0,0.0
276,equal_split_first_best,27.919999999999998,27.919999999999998,27.919999999999998,27.92,0.0,-3.552713678800501e-15,0.0,1.7763568394002505e-15
276,equal_split_vickrey_majority,27.919999999999998,27.919999999999998,27.919999999999998,27.919999999999998,0.0,0.0,0.0,0.0
276,equal_split_vickrey_faltings_fair,27.919999999999998,27.919999999999998,27.919999999999998,27.919999999999998,0.0,0.0,0.0,0.0
276,equal_split_vickrey_guo_2019_asymptotic,27.919999999999998,27.919999999999998,27.919999999999998,5.180000000000007,0.0,22.73999999999999,0.0,-22.73999999999999
276,equal_split_vickrey_guo_2019_finite_n,27.919999999999998,27.919999999999998,27.919999999999998,19.259999999999994,0.0,8.660000000000004,0.0,-8.660000000000004
276,lp_demand_vickrey_raw_coarse_wtp,27.919999999999998,27.919999999999998,27.919999224444442,27.919999224444446,7.755555557764637e-07,7.755555522237501e-07,0.0,1.7763568394002505e-15
276,lp_demand_vickrey_raw_fine_wtp,27.919999999999998,27.919999999999998,27.919999999999998,27.919999999999998,0.0,0.0,0.0,-8.881784197001252e-16
276,lp_integrated_supply_demand,27.919999999999998,27.919999999999998,25.596665645838236,25.596665645838236,2.323334354161762,2.323334354161762,0.0,0.0
277,equal_split_first_best,43.14,43.14,43.14,43.14,0.0,0.0,0.0,0.0
277,equal_split_vickrey_majority,43.14,43.14,43.14,43.14,0.0,0.0,0.0,-1.7763568394002505e-15
277,equal_split_vickrey_faltings_fair,43.14,43.14,43.14,43.14,0.0,0.0,0.0,0.0
277,equal_split_vickrey_guo_2019_asymptotic,43.14,43.14,43.14,17.61333333333333,0.0,25.52666666666667,0.0,-25.52666666666667
277,equal_split_vickrey_guo_2019_finite_n,43.14,43.14,43.14,31.289999999999992,0.0,11.850000000000009,0.0,-11.85000000000001
277,lp_demand_vickrey_raw_coarse_wtp,43.14,43.14,43.139999101250005,43.139999101250005,8.987499953150291e-07,8.987499953150291e-07,0.0,1.7763568394002505e-15
277,lp_demand_vickrey_raw_fine_wtp,43.14,43.14,43.14,43.14,0.0,0.0,0.0,-8.881784197001252e-16
277,lp_integrated_supply_demand,43.14,43.14,40.50564088505133,40.50564088505133,2.6343591149486727,2.6343591149486727,0.0,0.0
278,equal_split_first_best,48.900000000000006,48.900000000000006,48.900000000000006,48.900000000000006,0.0,0.0,0.0,-1.7763568394002505e-15
278,equal_split_vickrey_majority,48.900000000000006,48.900000000000006,48.900000000000006,48.900000000000006,0.0,0.0,0.0,1.7763568394002505e-15
278,equal_split_vickrey_faltings_fair,48.900000000000006,48.900000000000006,48.900000000000006,48.900000000000006,0.0,0.0,0.0,1.7763568394002505e-15
278,equal_split_vickrey_guo_2019_asymptotic,48.900000000000006,48.900000000000006,48.900000000000006,16.220000000000013,0.0,32.67999999999999,0.0,-32.67999999999999
278,equal_split_vickrey_guo_2019_finite_n,48.900000000000006,48.900000000000006,48.900000000000006,32.56,0.0,16.340000000000003,0.0,-16.34
278,lp_demand_vickrey_raw_coarse_wtp,48.900000000000006,48.900000000000006,48.900000000000006,48.900000000000006,0.0,0.0,0.0,1.7763568394002505e-15
278,lp_demand_vickrey_raw_fine_wtp,48.900000000000006,48.900000000000006,48.900000000000006,48.900000000000006,0.0,0.0,0.0,-1.7763568394002505e-15
278,lp_integrated_supply_demand,48.900000000000006,48.900000000000006,45.76981301234624,45.76981301234624,3.130186987653765,3.130186987653765,0.0,0.0
279,equal_split_first_best,14.040000000000001,14.040000000000001,14.040000000000001,14.040000000000001,0.0,0.0,0.0,0.0
279,equal_split_vickrey_majority,14.040000000000001,14.040000000000001,14.040000000000001,14.040000000000001,0.0,0.0,0.0,0.0
279,equal_split_vickrey_faltings_fair,14.040000000000001,14.040000000000001,14.040000000000001,14.040000000000001,0.0,0.0,0.0,0.0
279,equal_split_vickrey_guo_2019_asymptotic,14.040000000000001,14.040000000000001,14.040000000000001,-4.433333333333332,0.0,18.473333333333333,0.0,-18.473333333333333
279,equal_split_vickrey_guo_2019_finite_n,14.040000000000001,14.040000000000001,14.040000000000001,10.868333333333338,0.0,3.1716666666666633,0.0,-3.1716666666666633
279,lp_demand_vickrey_raw_coarse_wtp,14.040000000000001,14.040000000000001,14.039999298,14.039999298000001,7.020000012403216e-07,7.019999994639647e-07,0.0,8.881784197001252e-16
279,lp_demand_vickrey_raw_fine_wtp,14.040000000000001,14.040000000000001,14.040000000000001,14.040000000000001,0.0,0.0,0.0,0.0
279,lp_integrated_supply_demand,14.040000000000001,14.040000000000001,11.513021580058433,11.513021580058433,2.5269784199415675,2.5269784199415675,0.0,0.0
280,equal_split_first_best,48.199999999999996,48.199999999999996,48.199999999999996,48.199999999999996,0.0,0.0,0.0,-8.881784197001252e-16
280,equal_split_vickrey_majority,48.199999999999996,48.199999999999996,48.199999999999996,48.199999999999996,0.0,0.0,0.0,-1.7763568394002505e-15
280,equal_split_vickrey_faltings_fair,48.199999999999996,48.199999999999996,48.199999999999996,48.199999999999996,0.0,0.0,0.0,-1.7763568394002505e-15
280,equal_split_vickrey_guo_2019_asymptotic,48.199999999999996,48.199999999999996,48.199999999999996,17.74666666666664,0.0,30.453333333333354,0.0,-30.453333333333354
280,equal_split_vickrey_guo_2019_finite_n,48.199999999999996,48.199999999999996,48.199999999999996,34.66,0.0,13.54,0.0,-13.54
280,lp_demand_vickrey_raw_coarse_wtp,48.199999999999996,48.199999999999996,48.19999879499999,48.19999879499999,1.2050000037788777e-06,1.2050000037788777e-06,0.0,0.0
280,lp_demand_vickrey_raw_fine_wtp,48.199999999999996,48.199999999999996,48.199999999999996,48.199999999999996,0.0,0.0,0.0,-8.881784197001252e-16
280,lp_integrated_supply_demand,48.199999999999996,48.199999999999996,43.70099459975836,43.70099459975836,4.499005400241636,4.499005400241636,0.0,0.0
281,equal_split_first_best,22.779999999999998,22.779999999999998,22.779999999999998,22.779999999999998,0.0,0.0,0.0,8.881784197001252e-16
281,equal_split_vickrey_majority,22.779999999999998,22.779999999999998,22.779999999999998,22.779999999999994,0.0,3.552713678800501e-15,0.0,-1.7763568394002505e-15
281,equal_split_vickrey_faltings_fair,22.779999999999998,22.779999999999998,22.779999999999998,22.779999999999998,0.0,0.0,0.0,0.0
281,equal_split_vickrey_guo_2019_asymptotic,22.779999999999998,22.779999999999998,22.779999999999998,1.3266666666666573,0.0,21.45333333333334,0.0,-21.45333333333334
281,equal_split_vickrey_guo_2019_finite_n,22.779999999999998,22.779999999999998,22.779999999999998,18.576666666666654,0.0,4.203333333333344,0.0,-4.203333333333342
281,lp_demand_vickrey_raw_coarse_wtp,22.779999999999998,22.779999999999998,22.779999240666662,22.779999240666662,7.593333357647225e-07,7.593333357647225e-07,0.0,1.7763568394002505e-15
281,lp_demand_vickrey_raw_fine_wtp,22.779999999999998,22.779999999999998,22.779999999999998,22.779999999999994,0.0,3.552713678800501e-15,0.0,-1.7763568394002505e-15
281,lp_integrated_supply_demand,22.779999999999998,22.779999999999998,20.54999882540112,20.54999882540112,2.230001174598879,2.230001174598879,0.0,0.0
282,equal_split_first_best,17.29,17.29,17.29,17.29,0.0,0.0,0.0,0.0
282,equal_split_vickrey_majority,17.29,17.29,17.29,17.29,0.0,0.0,0.0,-1.7763568394002505e-15
282,equal_split_vickrey_faltings_fair,17.29,17.29,17.29,17.29,0.0,0.0,0.0,0.0
282,equal_split_vickrey_guo_2019_asymptotic,17.29,17.29,17.29,0.26999999999999247,0.0,17.020000000000007,0.0,-17.020000000000007
282,equal_split_vickrey_guo_2019_finite_n,17.29,17.29,17.29,14.676666666666662,0.0,2.613333333333337,0.0,-2.6133333333333377
282,lp_demand_vickrey_raw_coarse_wtp,17.29,17.29,17.289998559166666,17.289998559166666,1.4408333335325096e-06,1.4408333335325096e-06,0.0,0.0
282,lp_demand_vickrey_raw_fine_wtp,17.29,17.29,17.29,17.29,0.0,0.0,0.0,-8.881784197001252e-16
282,lp_integrated_supply_demand,17.29,17.29,11.971063433752228,11.971063433752228,5.318936566247771,5.318936566247771,0.0,0.0
283,equal_split_first_best,26.75,26.75,26.75,26.75,0.0,0.0,0.0,-8.881784197001252e-16
283,equal_split_vickrey_majority,26.75,26.75,26.75,26.75,0.0,0.0,0.0,0.0
283,equal_split_vickrey_faltings_fair,26.75,26.75,26.75,26.75,0.0,0.0,0.0,0.0
283,equal_split_vickrey_guo_2019_asymptotic,26.75,26.75,26.75,5.563333333333329,0.0,21.18666666666667,0.0,-21.18666666666667
283,equal_split_vickrey_guo_2019_finite_n,26.75,26.75,26.75,18.554999999999996,0.0,8.195000000000004,0.0,-8.195000000000004
283,lp_demand_vickrey_raw_coarse_wtp,26.75,26.75,26.749999256944445,26.749999256944445,7.430555548637585e-07,7.430555548637585e-07,0.0,0.0
283,lp_demand_vickrey_raw_fine_wtp,26.75,26.75,26.75,26.75,0.0,0.0,0.0,8.881784197001252e-16
283,lp_integrated_supply_demand,26.75,26.75,26.613626992274014,26.613626992274014,0.13637300772598593,0.13637300772598593,0.0,0.0
284,equal_split_first_best,11.340000000000002,11.340000000000002,11.340000000000002,11.340000000000002,0.0,0.0,0.0,-2.220446049250313e-16
284,equal_split_vickrey_majority,11.340000000000002,11.340000000000002,11.340000000000002,11.340000000000002,0.0,0.0,0.0,0.0
284,equal_split_vickrey_faltings_fair,11.340000000000002,11.340000000000002,11.340000000000002,11.340000000000002,0.0,0.0,0.0,0.0
284,equal_split_vickrey_guo_2019_asymptotic,11.340000000000002,11.340000000000002,11.340000000000002,4.060000000000001,0.0,7.28,0.0,-7.28
284,equal_split_vickrey_guo_2019_finite_n,11.340000000000002,11.340000000000002,11.340000000000002,8.075,0.0,3.2650000000000023,0.0,-3.2650000000000032
284,lp_demand_vickrey_raw_coarse_wtp,11.340000000000002,11.340000000000002,0.0,0.0,11.340000000000002,11.340000000000002,0.0,0.0
284,lp_demand_vickrey_raw_fine_wtp,11.340000000000002,11.340000000000002,11.339999244000001,11.339999244000001,7.560000003792311e-07,7.560000003792311e-07,0.0,4.440892098500626e-16
284,lp_integrated_supply_demand,11.340000000000002,11.340000000000002,5.30365002674681,5.30365002674681,6.036349973253191,6.036349973253191,0.0,0.0
285,equal_split_first_best,88.47999999999999,88.47999999999999,88.47999999999999,88.47999999999999,0.0,0.0,0.0,-8.881784197001252e-16
285,equal_split_vickrey_majority,88.47999999999999,88.47999999999999,88.47999999999999,88.47999999999999,0.0,0.0,0.0,8.881784197001252e-16
285,equal_split_vickrey_faltings_fair,88.47999999999999,88.47999999999999,88.47999999999999,88.47999999999999,0.0,0.0,0.0,1.7763568394002505e-15
285,equal_split_vickrey_guo_2019_asymptotic,88.47999999999999,88.47999999999999,88.47999999999999,65.37999999999997,0.0,23.100000000000023,0.0,-23.100000000000023
285,equal_split_vickrey_guo_2019_finite_n,88.47999999999999,88.47999999999999,88.47999999999999,76.92999999999999,0.0,11.549999999999997,0.0,-11.550000000000002
285,lp_demand_vickrey_raw_coarse_wtp,88.47999999999999,88.47999999999999,88.47999894666667,88.47999894666667,1.0533333210105411e-06,1.0533333210105411e-06,0.0,8.881784197001252e-16
285,lp_demand_vickrey_raw_fine_wtp,88.47999999999999,88.47999999999999,88.47999999999999,88.47999999999999,0.0,0.0,0.0,0.0
285,lp_integrated_supply_demand,88.47999999999999,88.47999999999999,85.50791436531134,85.50791436531134,2.9720856346886535,2.9720856346886535,0.0,0.0
286,equal_split_first_best,62.24000000000001,62.24000000000001,62.24000000000001,62.24000000000001,0.0,0.0,0.0,0.0
286,equal_split_vickrey_majority,62.24000000000001,62.24000000000001,62.24000000000001,62.24000000000001,0.0,0.0,0.0,-1.7763568394002505e-15
286,equal_split_vickrey_faltings_fair,62.24000000000001,62.24000000000001,62.24000000000001,62.24000000000001,0.0,0.0,0.0,-1.7763568394002505e-15
286,equal_split_vickrey_guo_2019_asymptotic,62.24000000000001,62.24000000000001,62.24000000000001,29.340000000000003,0.0,32.900000000000006,0.0,-32.900000000000006
286,equal_split_vickrey_guo_2019_finite_n,62.24000000000001,62.24000000000001,62.24000000000001,45.79000000000002,0.0,16.44999999999999,0.0,-16.449999999999985
286,lp_demand_vickrey_raw_coarse_wtp,62.24000000000001,62.24000000000001,62.24000000000001,62.24000000000001,0.0,0.0,0.0,1.7763568394002505e-15
286,lp_demand_vickrey_raw_fine_wtp,62.24000000000001,62.24000000000001,62.24000000000001,62.24000000000001,0.0,0.0,0.0,1.7763568394002505e-15
286,lp_integrated_supply_demand,62.24000000000001,62.24000000000001,60.36562033948467,60.36562033948467,1.8743796605153378,1.8743796605153378,0.0,0.0
287,equal_split_first_best,70.42,70.42,70.42,70.42,0.0,0.0,0.0,1.7763568394002505e-15
287,equal_split_vickrey_majority,70.42,70.42,70.42,70.42,0.0,0.0,0.0,0.0
287,equal_split_vickrey_faltings_fair,70.42,70.42,70.42,70.42,0.0,0.0,0.0,0.0
287,equal_split_vickrey_guo_2019_asymptotic,70.42,70.42,70.42,41.58000000000001,0.0,28.83999999999999,0.0,-28.83999999999999
287,equal_split_vickrey_guo_2019_finite_n,70.42,70.42,70.42,55.99999999999999,0.0,14.420000000000009,0.0,-14.420000000000009
287,lp_demand_vickrey_raw_coarse_wtp,70.42,70.42,70.4199985916,70.4199985916,1.4083999957392734e-06,1.4083999957392734e-06,0.0,-8.881784197001252e-16
287,lp_demand_vickrey_raw_fine_wtp,70.42,70.42,70.42,70.42,0.0,0.0,0.0,0.0
287,lp_integrated_supply_demand,70.42,70.42,70.12390491435592,70.12390491435592,0.29609508564408316,0.29609508564408316,0.0,0.0
288,equal_split_first_best,13.100000000000001,13.100000000000001,13.100000000000001,13.100000000000001,0.0,0.0,0.0,4.440892098500626e-16
288,equal_split_vickrey_majority,13.100000000000001,13.100000000000001,13.100000000000001,13.100000000000001,0.0,0.0,0.0,0.0
288,equal_split_vickrey_faltings_fair,13.100000000000001,13.100000000000001,13.100000000000001,13.100000000000001,0.0,0.0,0.0,0.0
288,equal_split_vickrey_guo_2019_asymptotic,13.100000000000001,13.100000000000001,13.100000000000001,2.446666666666667,0.0,10.653333333333334,0.0,-10.653333333333334
288,equal_split_vickrey_guo_2019_finite_n,13.100000000000001,13.100000000000001,13.100000000000001,8.44,0.0,4.660000000000002,0.0,-4.660000000000002
288,lp_demand_vickrey_raw_coarse_wtp,13.100000000000001,13.100000000000001,13.099999563333334,13.099999563333334,4.366666672694919e-07,4.366666672694919e-07,0.0,0.0
288,lp_demand_vickrey_raw_fine_wtp,13.100000000000001,13.100000000000001,13.099999743764226,13.099999743764226,2.562357757085465e-07,2.562357757085465e-07,0.0,2.220446049250313e-16
288,lp_integrated_supply_demand,13.100000000000001,13.100000000000001,12.824999991973604,12.824999991973604,0.2750000080263977,0.2750000080263977,0.0,0.0
289,equal_split_first_best,50.42,50.42,50.42,50.42,0.0,0.0,0.0,0.0
289,equal_split_vickrey_majority,50.42,50.42,50.42,50.42,0.0,0.0,0.0,1.7763568394002505e-15
289,equal_split_vickrey_faltings_fair,50.42,50.42,50.42,50.42,0.0,0.0,0.0,1.7763568394002505e-15
289,equal_split_vickrey_guo_2019_asymptotic,50.42,50.42,50.42,26.40000000000002,0.0,24.019999999999982,0.0,-24.019999999999982
289,equal_split_vickrey_guo_2019_finite_n,50.42,50.42,50.42,38.41,0.0,12.010000000000005,0.0,-12.010000000000007
289,lp_demand_vickrey_raw_coarse_wtp,50.42,50.42,50.41999894958334,50.41999894958334,1.050416663872511e-06,1.050416663872511e-06,0.0,0.0
289,lp_demand_vickrey_raw_fine_wtp,50.42,50.42,50.42,50.42,0.0,0.0,0.0,-2.6645352591003757e-15
289,lp_integrated_supply_demand,50.42,50.42,49.08592653096423,49.08592653096423,1.334073469035772,1.334073469035772,0.0,0.0
290,equal_split_first_best,85.31,85.31,85.31,85.31,0.0,0.0,0.0,-8.881784197001252e-16
290,equal_split_vickrey_majority,85.31,85.31,85.31,85.31,0.0,0.0,0.0,1.7763568394002505e-15
290,equal_split_vickrey_faltings_fair,85.31,85.31,85.31,85.31,0.0,0.0,0.0,1.7763568394002505e-15
290,equal_split_vickrey_guo_2019_asymptotic,85.31,85.31,85.31,54.950000000000045,0.0,30.359999999999957,0.0,-30.35999999999996
290,equal_split_vickrey_guo_2019_finite_n,85.31,85.31,85.31,70.13000000000004,0.0,15.179999999999964,0.0,-15.179999999999968
290,lp_demand_vickrey_raw_coarse_wtp,85.31,85.31,85.30999857816667,85.30999857816667,1.4218333319604426e-06,1.4218333319604426e-06,0.0,1.7763568394002505e-15
290,lp_demand_vickrey_raw_fine_wtp,85.31,85.31,85.31,85.31,0.0,0.0,0.0,1.7763568394002505e-15
290,lp_integrated_supply_demand,85.31,85.31,82.31999934529469,82.31999934529469,2.9900006547053124,2.9900006547053124,0.0,0.0
291,equal_split_first_best,31.79,31.79,31.79,31.79,0.0,0.0,0.0,-8.881784197001252e-16
291,equal_split_vickrey_majority,31.79,31.79,31.79,31.79,0.0,0.0,0.0,1.7763568394002505e-15
291,equal_split_vickrey_faltings_fair,31.79,31.79,31.79,31.79,0.0,0.0,0.0,1.7763568394002505e-15
291,equal_split_vickrey_guo_2019_asymptotic,31.79,31.79,31.79,8.790000000000006,0.0,22.999999999999993,0.0,-22.999999999999993
291,equal_split_vickrey_guo_2019_finite_n,31.79,31.79,31.79,23.280000000000005,0.0,8.509999999999994,0.0,-8.509999999999994
291,lp_demand_vickrey_raw_coarse_wtp,31.79,31.79,31.789999116944443,31.789999116944447,8.830555557892694e-07,8.830555522365557e-07,0.0,3.552713678800501e-15
291,lp_demand_vickrey_raw_fine_wtp,31.79,31.79,31.79,31.789999999999996,0.0,3.552713678800501e-15,0.0,-2.6645352591003757e-15
291,lp_integrated_supply_demand,31.79,31.79,30.599998779632116,30.599998779632116,1.1900012203678827,1.1900012203678827,0.0,0.0
292,equal_split_first_best,49.620000000000005,49.620000000000005,49.620000000000005,49.620000000000005,0.0,0.0,0.0,-8.881784197001252e-16
292,equal_split_vickrey_majority,49.620000000000005,49.620000000000005,49.620000000000005,49.620000000000005,0.0,0.0,0.0,0.0
292,equal_split_vickrey_faltings_fair,49.620000000000005,49.620000000000005,49.620000000000005,49.620000000000005,0.0,0.0,0.0,0.0
292,equal_split_vickrey_guo_2019_asymptotic,49.620000000000005,49.620000000000005,49.620000000000005,20.813333333333333,0.0,28.806666666666672,0.0,-28.806666666666672
292,equal_split_vickrey_guo_2019_finite_n,49.620000000000005,49.620000000000005,49.620000000000005,35.329999999999984,0.0,14.29000000000002,0.0,-14.29000000000002
292,lp_demand_vickrey_raw_coarse_wtp,49.620000000000005,49.620000000000005,49.6199987595,49.6199987595,1.240500004939804e-06,1.240500004939804e-06,0.0,-1.7763568394002505e-15
292,lp_demand_vickrey_raw_fine_wtp,49.620000000000005,49.620000000000005,49.620000000000005,49.620000000000005,0.0,0.0,0.0,8.881784197001252e-16
292,lp_integrated_supply_demand,49.620000000000005,49.620000000000005,47.231409313593716,47.231409313593716,2.388590686406289,2.388590686406289,0.0,0.0
293,equal_split_first_best,0.0,0.0,0.0,0.0,0.0,0.0,0.0,0.0
293,equal_split_vickrey_majority,0.0,0.0,0.0,0.0,0.0,0.0,0.0,0.0
293,equal_split_vickrey_faltings_fair,0.0,0.0,0.0,0.0,0.0,0.0,0.0,0.0
293,equal_split_vickrey_guo_2019_asymptotic,0.0,0.0,0.0,-136.68,0.0,136.68,0.0,-136.68
293,equal_split_vickrey_guo_2019_finite_n,0.0,0.0,0.0,0.0,0.0,0.0,0.0,0.0
293,lp_demand_vickrey_raw_coarse_wtp,0.0,0.0,-1.3700000000000045,-1.3700000000000045,1.3700000000000045,1.3700000000000045,0.0,0.0
293,lp_demand_vickrey_raw_fine_wtp,0.0,0.0,-1.3700000000000045,-1.3700000000000045,1.3700000000000045,1.3700000000000045,0.0,0.0
293,lp_integrated_supply_demand,0.0,0.0,-7.672834551750147,-7.672834551750147,7.672834551750147,7.672834551750147,0.0,0.0
294,equal_split_first_best,32.56999999999999,32.56999999999999,32.56999999999999,32.56999999999999,0.0,0.0,0.0,0.0
294,equal_split_vickrey_majority,32.56999999999999,32.56999999999999,32.56999999999999,32.56999999999999,0.0,0.0,0.0,0.0
294,equal_split_vickrey_faltings_fair,32.56999999999999,32.56999999999999,32.56999999999999,32.56999999999999,0.0,0.0,0.0,0.0
294,equal_split_vickrey_guo_2019_asymptotic,32.56999999999999,32.56999999999999,32.56999999999999,4.696666666666641,0.0,27.873333333333353,0.0,-27.873333333333353
294,equal_split_vickrey_guo_2019_finite_n,32.56999999999999,32.56999999999999,32.56999999999999,26.38166666666663,0.0,6.1883333333333645,0.0,-6.1883333333333645
294,lp_demand_vickrey_raw_coarse_wtp,32.56999999999999,32.56999999999999,32.56999999999999,32.56999999999999,0.0,0.0,0.0,2.6645352591003757e-15
294,lp_demand_vickrey_raw_fine_wtp,32.56999999999999,32.56999999999999,32.56999999999999,32.56999999999999,0.0,0.0,0.0,1.7763568394002505e-15
294,lp_integrated_supply_demand,32.56999999999999,32.56999999999999,27.92837154791655,27.92837154791655,4.641628452083442,4.641628452083442,0.0,0.0
295,equal_split_first_best,10.780000000000001,10.780000000000001,10.780000000000001,10.780000000000001,0.0,0.0,0.0,-4.440892098500626e-16
295,equal_split_vickrey_majority,10.780000000000001,10.780000000000001,10.780000000000001,10.780000000000001,0.0,0.0,0.0,-8.881784197001252e-16
295,equal_split_vickrey_faltings_fair,10.780000000000001,10.780000000000001,10.780000000000001,10.780000000000001,0.0,0.0,0.0,-8.881784197001252e-16
295,equal_split_vickrey_guo_2019_asymptotic,10.780000000000001,10.780000000000001,10.780000000000001,0.4133333333333322,0.0,10.366666666666669,0.0,-10.366666666666669
295,equal_split_vickrey_guo_2019_finite_n,10.780000000000001,10.780000000000001,10.780000000000001,7.9399999999999995,0.0,2.8400000000000016,0.0,-2.840000000000002
295,lp_demand_vickrey_raw_coarse_wtp,10.780000000000001,10.780000000000001,0.0,0.0,10.780000000000001,10.780000000000001,0.0,0.0
295,lp_demand_vickrey_raw_fine_wtp,10.780000000000001,10.780000000000001,10.779999640666666,10.779999640666666,3.593333346429972e-07,3.593333346429972e-07,0.0,0.0
295,lp_integrated_supply_demand,10.780000000000001,10.780000000000001,5.964673582951518,5.964673582951518,4.8153264170484835,4.8153264170484835,0.0,0.0
296,equal_split_first_best,74.64,74.64,74.64,74.64,0.0,0.0,0.0,8.881784197001252e-16
296,equal_split_vickrey_majority,74.64,74.64,74.64,74.64,0.0,0.0,0.0,-1.7763568394002505e-15
296,equal_split_vickrey_faltings_fair,74.64,74.64,74.64,74.64,0.0,0.0,0.0,-1.7763568394002505e-15
296,equal_split_vickrey_guo_2019_asymptotic,74.64,74.64,74.64,50.52,0.0,24.119999999999997,0.0,-24.119999999999997
296,equal_split_vickrey_guo_2019_finite_n,74.64,74.64,74.64,62.58,0.0,12.060000000000002,0.0,-12.06
296,lp_demand_vickrey_raw_coarse_wtp,74.64,74.64,74.63999896333334,74.63999896333334,1.0366666600702956e-06,1.0366666600702956e-06,0.0,-8.881784197001252e-16
296,lp_demand_vickrey_raw_fine_wtp,74.64,74.64,74.64,74.64,0.0,0.0,0.0,0.0
296,lp_integrated_supply_demand,74.64,74.64,72.78999942108844,72.78999942108844,1.8500005789115619,1.8500005789115619,0.0,0.0
297,equal_split_first_best,11.379999999999999,11.379999999999999,11.379999999999999,11.379999999999999,0.0,0.0,0.0,-2.220446049250313e-16
297,equal_split_vickrey_majority,11.379999999999999,11.379999999999999,11.379999999999999,11.379999999999999,0.0,0.0,0.0,-4.440892098500626e-16
297,equal_split_vickrey_faltings_fair,11.379999999999999,11.379999999999999,11.379999999999999,11.379999999999999,0.0,0.0,0.0,-4.440892098500626e-16
297,equal_split_vickrey_guo_2019_asymptotic,11.379999999999999,11.379999999999999,11.379999999999999,4.619999999999999,0.0,6.76,0.0,-6.76
297,equal_split_vickrey_guo_2019_finite_n,11.379999999999999,11.379999999999999,11.379999999999999,8.120000000000005,0.0,3.2599999999999945,0.0,-3.259999999999994
297,lp_demand_vickrey_raw_coarse_wtp,11.379999999999999,11.379999999999999,0.0,0.0,11.379999999999999,11.379999999999999,0.0,0.0
297,lp_demand_vickrey_raw_fine_wtp,11.379999999999999,11.379999999999999,11.379999848923934,11.379999848923934,1.510760654355181e-07,1.510760654355181e-07,0.0,-2.220446049250313e-16
297,lp_integrated_supply_demand,11.379999999999999,11.379999999999999,5.2669926907152576,5.2669926907152576,6.1130073092847415,6.1130073092847415,0.0,0.0
298,equal_split_first_best,23.779999999999998,23.779999999999998,23.779999999999998,23.779999999999998,0.0,0.0,0.0,8.881784197001252e-16
298,equal_split_vickrey_majority,23.779999999999998,23.779999999999998,23.779999999999998,23.779999999999998,0.0,0.0,0.0,-8.881784197001252e-16
298,equal_split_vickrey_faltings_fair,23.779999999999998,23.779999999999998,23.779999999999998,23.779999999999998,0.0,0.0,0.0,-8.881784197001252e-16
298,equal_split_vickrey_guo_2019_asymptotic,23.779999999999998,23.779999999999998,23.779999999999998,2.9999999999999964,0.0,20.78,0.0,-20.78
298,equal_split_vickrey_guo_2019_finite_n,23.779999999999998,23.779999999999998,23.779999999999998,15.66999999999999,0.0,8.110000000000008,0.0,-8.110000000000008
298,lp_demand_vickrey_raw_coarse_wtp,23.779999999999998,23.779999999999998,23.779999339444444,23.779999339444444,6.605555533667484e-07,6.605555533667484e-07,0.0,0.0
298,lp_demand_vickrey_raw_fine_wtp,23.779999999999998,23.779999999999998,23.779999999999998,23.779999999999998,0.0,0.0,0.0,-8.881784197001252e-16
298,lp_integrated_supply_demand,23.779999999999998,23.779999999999998,22.749999092700346,22.749999092700346,1.0300009072996517,1.0300009072996517,0.0,0.0
299,equal_split_first_best,49.71,49.71,49.71,49.71,0.0,0.0,0.0,-8.881784197001252e-16
299,equal_split_vickrey_majority,49.71,49.71,49.71,49.71,0.0,0.0,0.0,1.7763568394002505e-15
299,equal_split_vickrey_faltings_fair,49.71,49.71,49.71,49.71,0.0,0.0,0.0,1.7763568394002505e-15
299,equal_split_vickrey_guo_2019_asymptotic,49.71,49.71,49.71,21.589999999999996,0.0,28.120000000000005,0.0,-28.120000000000005
299,equal_split_vickrey_guo_2019_finite_n,49.71,49.71,49.71,35.650000000000006,0.0,14.059999999999995,0.0,-14.059999999999997
299,lp_demand_vickrey_raw_coarse_wtp,49.71,49.71,49.70999875725,49.70999875725,1.2427500024614346e-06,1.2427500024614346e-06,0.0,0.0
299,lp_demand_vickrey_raw_fine_wtp,49.71,49.71,49.71,49.71,0.0,0.0,0.0,8.881784197001252e-16
299,lp_integrated_supply_demand,49.71,49.71,47.82458464873014,47.82458464873014,1.885415351269863,1.885415351269863,0.0,0.0
300,equal_split_first_best,22.49,22.49,22.49,22.489999999999995,0.0,3.552713678800501e-15,0.0,-1.7763568394002505e-15
300,equal_split_vickrey_majority,22.49,22.49,22.49,22.49,0.0,0.0,0.0,0.0
300,equal_split_vickrey_faltings_fair,22.49,22.49,22.49,22.49,0.0,0.0,0.0,0.0
300,equal_split_vickrey_guo_2019_asymptotic,22.49,22.49,22.49,-1.6566666666666734,0.0,24.146666666666672,0.0,-24.146666666666672
300,equal_split_vickrey_guo_2019_finite_n,22.49,22.49,22.49,16.724999999999987,0.0,5.765000000000011,0.0,-5.765000000000011
300,lp_demand_vickrey_raw_coarse_wtp,22.49,22.49,22.49,22.49,0.0,0.0,0.0,-8.881784197001252e-16
300,lp_demand_vickrey_raw_fine_wtp,22.49,22.49,22.49,22.49,0.0,0.0,0.0,0.0
300,lp_integrated_supply_demand,22.49,22.49,20.759999026312585,20.759999026312585,1.7300009736874138,1.7300009736874138,0.0,0.0
301,equal_split_first_best,10.48,10.48,10.48,10.48,0.0,0.0,0.0,8.881784197001252e-16
301,equal_split_vickrey_majority,10.48,10.48,10.48,10.48,0.0,0.0,0.0,0.0
301,equal_split_vickrey_faltings_fair,10.48,10.48,10.48,10.48,0.0,0.0,0.0,0.0
301,equal_split_vickrey_guo_2019_asymptotic,10.48,10.48,10.48,0.39333333333333265,0.0,10.086666666666668,0.0,-10.086666666666668
301,equal_split_vickrey_guo_2019_finite_n,10.48,10.48,10.48,8.44,0.0,2.040000000000001,0.0,-2.040000000000001
301,lp_demand_vickrey_raw_coarse_wtp,10.48,10.48,10.479999476,10.479999476,5.240000007233903e-07,5.240000007233903e-07,0.0,0.0
301,lp_demand_vickrey_raw_fine_wtp,10.48,10.48,10.479999650666667,10.479999650666667,3.493333338155935e-07,3.493333338155935e-07,0.0,8.881784197001252e-16
301,lp_integrated_supply_demand,10.48,10.48,9.962159902612168,9.962159902612168,0.5178400973878325,0.5178400973878325,0.0,1.0546552810051103e-23
302,equal_split_first_best,14.900000000000002,14.900000000000002,14.900000000000002,14.900000000000004,0.0,-1.7763568394002505e-15,0.0,1.7763568394002505e-15
302,equal_split_vickrey_majority,14.900000000000002,14.900000000000002,14.900000000000002,14.900000000000002,0.0,0.0,0.0,0.0
302,equal_split_vickrey_faltings_fair,14.900000000000002,14.900000000000002,14.900000000000002,14.900000000000002,0.0,0.0,0.0,0.0
302,equal_split_vickrey_guo_2019_asymptotic,14.900000000000002,14.900000000000002,14.900000000000002,-7.553333333333331,0.0,22.453333333333333,0.0,-22.453333333333333
302,equal_split_vickrey_guo_2019_finite_n,14.900000000000002,14.900000000000002,14.900000000000002,12.686666666666664,0.0,2.2133333333333383,0.0,-2.2133333333333383
302,lp_demand_vickrey_raw_coarse_wtp,14.900000000000002,14.900000000000002,14.900000000000002,14.900000000000002,0.0,0.0,0.0,0.0
302,lp_demand_vickrey_raw_fine_wtp,14.900000000000002,14.900000000000002,14.900000000000002,14.900000000000002,0.0,0.0,0.0,0.0
302,lp_integrated_supply_demand,14.900000000000002,14.900000000000002,13.70806593392139,13.70806593392139,1.1919340660786126,1.1919340660786126,0.0,0.0
303,equal_split_first_best,19.04,19.04,19.04,19.04,0.0,0.0,0.0,1.7763568394002505e-15
303,equal_split_vickrey_majority,19.04,19.04,19.04,19.04,0.0,0.0,0.0,-1.7763568394002505e-15
303,equal_split_vickrey_faltings_fair,19.04,19.04,19.04,19.04,0.0,0.0,0.0,-1.7763568394002505e-15
303,equal_split_vickrey_guo_2019_asymptotic,19.04,19.04,19.04,-1.8866666666666596,0.0,20.92666666666666,0.0,-20.92666666666666
303,equal_split_vickrey_guo_2019_finite_n,19.04,19.04,19.04,16.885000000000005,0.0,2.154999999999994,0.0,-2.154999999999994
303,lp_demand_vickrey_raw_coarse_wtp,19.04,19.04,19.039999048,19.039999048,9.520000006091323e-07,9.520000006091323e-07,0.0,-8.881784197001252e-16
303,lp_demand_vickrey_raw_fine_wtp,19.04,19.04,19.04,19.04,0.0,0.0,0.0,-1.7763568394002505e-15
303,lp_integrated_supply_demand,19.04,19.04,15.913042154619186,15.913042154619186,3.1269578453808133,3.1269578453808133,0.0,0.0
304,equal_split_first_best,57.510000000000005,57.510000000000005,57.510000000000005,57.510000000000005,0.0,0.0,0.0,0.0
304,equal_split_vickrey_majority,57.510000000000005,57.510000000000005,57.510000000000005,57.510000000000005,0.0,0.0,0.0,1.7763568394002505e-15
304,equal_split_vickrey_faltings_fair,57.510000000000005,57.510000000000005,57.510000000000005,57.510000000000005,0.0,0.0,0.0,3.552713678800501e-15
304,equal_split_vickrey_guo_2019_asymptotic,57.510000000000005,57.510000000000005,57.510000000000005,22.510000000000005,0.0,35.0,0.0,-35.0
304,equal_split_vickrey_guo_2019_finite_n,57.510000000000005,57.510000000000005,57.510000000000005,43.41,0.0,14.100000000000009,0.0,-14.100000000000005
304,lp_demand_vickrey_raw_coarse_wtp,57.510000000000005,57.510000000000005,57.510000000000005,57.510000000000005,0.0,0.0,0.0,-8.881784197001252e-16
304,lp_demand_vickrey_raw_fine_wtp,57.510000000000005,57.510000000000005,57.510000000000005,57.510000000000005,0.0,0.0,0.0,-1.7763568394002505e-15
304,lp_integrated_supply_demand,57.510000000000005,57.510000000000005,53.07964082499217,53.07964082499217,4.430359175007837,4.430359175007837,0.0,0.0
305,equal_split_first_best,21.130000000000003,21.130000000000003,21.130000000000003,21.130000000000003,0.0,0.0,0.0,-8.881784197001252e-16
305,equal_split_vickrey_majority,21.130000000000003,21.130000000000003,21.130000000000003,21.130000000000003,0.0,0.0,0.0,1.7763568394002505e-15
305,equal_split_vickrey_faltings_fair,21.130000000000003,21.130000000000003,21.130000000000003,21.130000000000003,0.0,0.0,0.0,0.0
305,equal_split_vickrey_guo_2019_asymptotic,21.130000000000003,21.130000000000003,21.130000000000003,-0.8566666666666549,0.0,21.986666666666657,0.0,-21.986666666666657
305,equal_split_vickrey_guo_2019_finite_n,21.130000000000003,21.130000000000003,21.130000000000003,18.193333333333342,0.0,2.9366666666666603,0.0,-2.9366666666666585
305,lp_demand_vickrey_raw_coarse_wtp,21.130000000000003,21.130000000000003,21.130000000000003,21.130000000000003,0.0,0.0,0.0,8.881784197001252e-16
305,lp_demand_vickrey_raw_fine_wtp,21.130000000000003,21.130000000000003,21.130000000000003,21.130000000000003,0.0,0.0,0.0,0.0
305,lp_integrated_supply_demand,21.130000000000003,21.130000000000003,16.10666602431181,16.10666602431181,5.0233339756881925,5.0233339756881925,0.0,0.0
306,equal_split_first_best,25.25,25.25,25.25,25.25,0.0,0.0,0.0,-8.881784197001252e-16
306,equal_split_vickrey_majority,25.25,25.25,25.25,25.25,0.0,0.0,0.0,8.881784197001252e-16
306,equal_split_vickrey_faltings_fair,25.25,25.25,25.25,25.25,0.0,0.0,0.0,0.0
306,equal_split_vickrey_guo_2019_asymptotic,25.25,25.25,25.25,7.209999999999994,0.0,18.040000000000006,0.0,-18.040000000000006
306,equal_split_vickrey_guo_2019_finite_n,25.25,25.25,25.25,16.22999999999999,0.0,9.02000000000001,0.0,-9.020000000000008
306,lp_demand_vickrey_raw_coarse_wtp,25.25,25.25,25.24999943888889,25.24999943888889,5.611111113523748e-07,5.611111113523748e-07,0.0,-4.440892098500626e-16
306,lp_demand_vickrey_raw_fine_wtp,25.25,25.25,25.25,25.25,0.0,0.0,0.0,8.881784197001252e-16
306,lp_integrated_supply_demand,25.25,25.25,24.126665704463754,24.126665704463754,1.123334295536246,1.123334295536246,0.0,0.0
307,equal_split_first_best,12.079999999999998,12.079999999999998,12.079999999999998,12.08,0.0,-1.7763568394002505e-15,0.0,1.7763568394002505e-15
307,equal_split_vickrey_majority,12.079999999999998,12.079999999999998,12.079999999999998,12.079999999999997,0.0,1.7763568394002505e-15,0.0,-1.7763568394002505e-15
307,equal_split_vickrey_faltings_fair,12.079999999999998,12.079999999999998,12.079999999999998,12.079999999999997,0.0,1.7763568394002505e-15,0.0,-1.7763568394002505e-15
307,equal_split_vickrey_guo_2019_asymptotic,12.079999999999998,12.079999999999998,12.079999999999998,-7.0000000000000036,0.0,19.080000000000002,0.0,-19.080000000000002
307,equal_split_vickrey_guo_2019_finite_n,12.079999999999998,12.079999999999998,12.079999999999998,9.17,0.0,2.9099999999999984,0.0,-2.9099999999999984
307,lp_demand_vickrey_raw_coarse_wtp,12.079999999999998,12.079999999999998,12.079999999999998,12.08,0.0,-1.7763568394002505e-15,0.0,1.7763568394002505e-15
307,lp_demand_vickrey_raw_fine_wtp,12.079999999999998,12.079999999999998,12.079999999999998,12.079999999999998,0.0,0.0,0.0,8.881784197001252e-16
307,lp_integrated_supply_demand,12.079999999999998,12.079999999999998,11.498647592727284,11.498647592727284,0.5813524072727141,0.5813524072727141,0.0,0.0
308,equal_split_first_best,28.89,28.89,28.89,28.89,0.0,0.0,0.0,8.881784197001252e-16
308,equal_split_vickrey_majority,28.89,28.89,28.89,28.89,0.0,0.0,0.0,-8.881784197001252e-16
308,equal_split_vickrey_faltings_fair,28.89,28.89,28.89,28.89,0.0,0.0,0.0,-8.881784197001252e-16
308,equal_split_vickrey_guo_2019_asymptotic,28.89,28.89,28.89,12.463333333333338,0.0,16.426666666666662,0.0,-16.426666666666662
308,equal_split_vickrey_guo_2019_finite_n,28.89,28.89,28.89,21.740000000000002,0.0,7.149999999999999,0.0,-7.149999999999997
308,lp_demand_vickrey_raw_coarse_wtp,28.89,28.89,28.889999037000003,28.889999037000003,9.629999979665627e-07,9.629999979665627e-07,0.0,-1.7763568394002505e-15
308,lp_demand_vickrey_raw_fine_wtp,28.89,28.89,28.89,28.89,0.0,0.0,0.0,8.881784197001252e-16
308,lp_integrated_supply_demand,28.89,28.89,24.58669772301835,24.58669772301835,4.3033022769816505,4.3033022769816505,0.0,0.0
309,equal_split_first_best,10.57,10.57,10.57,10.57,0.0,0.0,0.0,-4.440892098500626e-16
309,equal_split_vickrey_majority,10.57,10.57,10.57,10.57,0.0,0.0,0.0,-4.440892098500626e-16
309,equal_split_vickrey_faltings_fair,10.57,10.57,10.57,10.57,0.0,0.0,0.0,-4.440892098500626e-16
309,equal_split_vickrey_guo_2019_asymptotic,10.57,10.57,10.57,4.030000000000001,0.0,6.539999999999999,0.0,-6.539999999999999
309,equal_split_vickrey_guo_2019_finite_n,10.57,10.57,10.57,7.3000000000000025,0.0,3.269999999999998,0.0,-3.2699999999999982
309,lp_demand_vickrey_raw_coarse_wtp,10.57,10.57,0.0,0.0,10.57,10.57,0.0,0.0
309,lp_demand_vickrey_raw_fine_wtp,10.57,10.57,10.569999859677154,10.569999859677154,1.4032284667564454e-07,1.4032284667564454e-07,0.0,-4.440892098500626e-16
309,lp_integrated_supply_demand,10.57,10.57,5.195344261199042,5.195344261199042,5.374655738800958,5.374655738800958,0.0,0.0
310,equal_split_first_best,58.87,58.87,58.87,58.87,0.0,0.0,0.0,1.7763568394002505e-15
310,equal_split_vickrey_majority,58.87,58.87,58.87,58.87,0.0,0.0,0.0,1.7763568394002505e-15
310,equal_split_vickrey_faltings_fair,58.87,58.87,58.87,58.87,0.0,0.0,0.0,1.7763568394002505e-15
310,equal_split_vickrey_guo_2019_asymptotic,58.87,58.87,58.87,24.916666666666664,0.0,33.95333333333333,0.0,-33.95333333333333
310,equal_split_vickrey_guo_2019_finite_n,58.87,58.87,58.87,43.579999999999984,0.0,15.290000000000013,0.0,-15.29000000000001
310,lp_demand_vickrey_raw_coarse_wtp,58.87,58.87,58.87,58.87,0.0,0.0,0.0,1.7763568394002505e-15
310,lp_demand_vickrey_raw_fine_wtp,58.87,58.87,58.87,58.87,0.0,0.0,0.0,8.881784197001252e-16
310,lp_integrated_supply_demand,58.87,58.87,55.332281858765214,55.332281858765214,3.537718141234784,3.537718141234784,0.0,0.0
311,equal_split_first_best,95.86,95.86,95.86,95.86,0.0,0.0,0.0,0.0
311,equal_split_vickrey_majority,95.86,95.86,95.86,95.86,0.0,0.0,0.0,1.7763568394002505e-15
311,equal_split_vickrey_faltings_fair,95.86,95.86,95.86,95.86,0.0,0.0,0.0,1.7763568394002505e-15
311,equal_split_vickrey_guo_2019_asymptotic,95.86,95.86,95.86,60.79999999999998,0.0,35.06000000000002,0.0,-35.06000000000002
311,equal_split_vickrey_guo_2019_finite_n,95.86,95.86,95.86,78.81000000000002,0.0,17.049999999999983,0.0,-17.049999999999986
311,lp_demand_vickrey_raw_coarse_wtp,95.86,95.86,95.86,95.86,0.0,0.0,0.0,0.0
311,lp_demand_vickrey_raw_fine_wtp,95.86,95.86,95.86,95.86,0.0,0.0,0.0,0.0
311,lp_integrated_supply_demand,95.86,95.86,91.50237794539717,91.50237794539717,4.357622054602828,4.357622054602828,0.0,-2.7755575615628914e-17
312,equal_split_first_best,30.46,30.46,30.46,30.46,0.0,0.0,0.0,0.0
312,equal_split_vickrey_majority,30.46,30.46,30.46,30.46,0.0,0.0,0.0,1.7763568394002505e-15
312,equal_split_vickrey_faltings_fair,30.46,30.46,30.46,30.460000000000004,0.0,-3.552713678800501e-15,0.0,3.552713678800501e-15
312,equal_split_vickrey_guo_2019_asymptotic,30.46,30.46,30.46,10.260000000000005,0.0,20.199999999999996,0.0,-20.199999999999996
312,equal_split_vickrey_guo_2019_finite_n,30.46,30.46,30.46,23.565,0.0,6.895,0.0,-6.894999999999999
312,lp_demand_vickrey_raw_coarse_wtp,30.46,30.46,30.45999915388889,30.459999153888894,8.461111100643848e-07,8.461111065116711e-07,0.0,1.7763568394002505e-15
312,lp_demand_vickrey_raw_fine_wtp,30.46,30.46,30.46,30.459999999999997,0.0,3.552713678800501e-15,0.0,-2.6645352591003757e-15
312,lp_integrated_supply_demand,30.46,30.46,26.293332284720933,26.293332284720933,4.166667715279068,4.166667715279068,0.0,0.0
313,equal_split_first_best,85.96000000000001,85.96000000000001,85.96000000000001,85.96000000000001,0.0,0.0,0.0,0.0
313,equal_split_vickrey_majority,85.96000000000001,85.96000000000001,85.96000000000001,85.96000000000001,0.0,0.0,0.0,0.0
313,equal_split_vickrey_faltings_fair,85.96000000000001,85.96000000000001,85.96000000000001,85.96000000000001,0.0,0.0,0.0,0.0
313,equal_split_vickrey_guo_2019_asymptotic,85.96000000000001,85.96000000000001,85.96000000000001,56.30000000000003,0.0,29.659999999999975,0.0,-29.659999999999975
313,equal_split_vickrey_guo_2019_finite_n,85.96000000000001,85.96000000000001,85.96000000000001,71.13000000000002,0.0,14.829999999999984,0.0,-14.829999999999984
313,lp_demand_vickrey_raw_coarse_wtp,85.96000000000001,85.96000000000001,85.95999877199998,85.95999877199998,1.228000030550902e-06,1.228000030550902e-06,0.0,0.0
313,lp_demand_vickrey_raw_fine_wtp,85.96000000000001,85.96000000000001,85.96000000000001,85.96000000000001,0.0,0.0,0.0,0.0
313,lp_integrated_supply_demand,85.96000000000001,85.96000000000001,82.83340666032669,82.83340666032669,3.1265933396733203,3.1265933396733203,0.0,0.0
314,equal_split_first_best,42.72,42.72,42.72,42.72,0.0,0.0,0.0,-1.7763568394002505e-15
314,equal_split_vickrey_majority,42.72,42.72,42.72,42.72,0.0,0.0,0.0,0.0
314,equal_split_vickrey_faltings_fair,42.72,42.72,42.72,42.72,0.0,0.0,0.0,0.0
314,equal_split_vickrey_guo_2019_asymptotic,42.72,42.72,42.72,14.573333333333327,0.0,28.146666666666672,0.0,-28.146666666666672
314,equal_split_vickrey_guo_2019_finite_n,42.72,42.72,42.72,31.719999999999995,0.0,11.000000000000004,0.0,-11.000000000000004
314,lp_demand_vickrey_raw_coarse_wtp,42.72,42.72,42.719998931999996,42.719998931999996,1.068000003101588e-06,1.068000003101588e-06,0.0,1.7763568394002505e-15
314,lp_demand_vickrey_raw_fine_wtp,42.72,42.72,42.72,42.72,0.0,0.0,0.0,1.7763568394002505e-15
314,lp_integrated_supply_demand,42.72,42.72,41.60999886003377,41.60999886003377,1.1100011399662293,1.1100011399662293,0.0,0.0
315,equal_split_first_best,80.65,80.65,80.65,80.65,0.0,0.0,0.0,-8.881784197001252e-16
315,equal_split_vickrey_majority,80.65,80.65,80.65,80.65,0.0,0.0,0.0,0.0
315,equal_split_vickrey_faltings_fair,80.65,80.65,80.65,80.65,0.0,0.0,0.0,0.0
315,equal_split_vickrey_guo_2019_asymptotic,80.65,80.65,80.65,50.99,0.0,29.660000000000004,0.0,-29.660000000000004
315,equal_split_vickrey_guo_2019_finite_n,80.65,80.65,80.65,68.06,0.0,12.590000000000003,0.0,-12.590000000000003
315,lp_demand_vickrey_raw_coarse_wtp,80.65,80.65,80.6499986558331,80.6499986558331,1.344166904004851e-06,1.344166904004851e-06,0.0,-8.881784197001252e-16
315,lp_demand_vickrey_raw_fine_wtp,80.65,80.65,80.65,80.65,0.0,0.0,0.0,-8.881784197001252e-16
315,lp_integrated_supply_demand,80.65,80.65,74.6771590738247,74.6771590738247,5.972840926175309,5.972840926175309,0.0,-2.7755575615628914e-17
316,equal_split_first_best,13.3,13.3,13.3,13.3,0.0,0.0,0.0,0.0
316,equal_split_vickrey_majority,13.3,13.3,13.3,13.3,0.0,0.0,0.0,4.440892098500626e-16
316,equal_split_vickrey_faltings_fair,13.3,13.3,13.3,13.3,0.0,0.0,0.0,8.881784197001252e-16
316,equal_split_vickrey_guo_2019_asymptotic,13.3,13.3,13.3,5.526666666666666,0.0,7.773333333333334,0.0,-7.773333333333334
316,equal_split_vickrey_guo_2019_finite_n,13.3,13.3,13.3,9.880000000000003,0.0,3.419999999999998,0.0,-3.4199999999999973
316,lp_demand_vickrey_raw_coarse_wtp,13.3,13.3,13.299999556666668,13.299999556666668,4.433333327114042e-07,4.433333327114042e-07,0.0,-4.440892098500626e-16
316,lp_demand_vickrey_raw_fine_wtp,13.3,13.3,13.299999661096425,13.299999661096425,3.3890357542532e-07,3.3890357542532e-07,0.0,6.661338147750939e-16
316,lp_integrated_supply_demand,13.3,13.3,12.027769060170963,12.027769060170963,1.2722309398290381,1.2722309398290381,0.0,0.0
317,equal_split_first_best,58.099999999999994,58.099999999999994,58.099999999999994,58.099999999999994,0.0,0.0,0.0,0.0
317,equal_split_vickrey_majority,58.099999999999994,58.099999999999994,58.099999999999994,58.099999999999994,0.0,0.0,0.0,1.7763568394002505e-15
317,equal_split_vickrey_faltings_fair,58.099999999999994,58.099999999999994,58.099999999999994,58.099999999999994,0.0,0.0,0.0,1.7763568394002505e-15
317,equal_split_vickrey_guo_2019_asymptotic,58.099999999999994,58.099999999999994,58.099999999999994,26.099999999999998,0.0,31.999999999999996,0.0,-31.999999999999996
317,equal_split_vickrey_guo_2019_finite_n,58.099999999999994,58.099999999999994,58.099999999999994,42.09999999999998,0.0,16.000000000000014,0.0,-16.00000000000001
317,lp_demand_vickrey_raw_coarse_wtp,58.099999999999994,58.099999999999994,58.09999854749999,58.09999854749999,1.4525000011644806e-06,1.4525000011644806e-06,0.0,1.7763568394002505e-15
317,lp_demand_vickrey_raw_fine_wtp,58.099999999999994,58.099999999999994,58.099999999999994,58.099999999999994,0.0,0.0,0.0,1.7763568394002505e-15
317,lp_integrated_supply_demand,58.099999999999994,58.099999999999994,56.69499859745347,56.69499859745347,1.4050014025465245,1.4050014025465245,0.0,0.0
318,equal_split_first_best,92.60999999999999,92.60999999999999,92.60999999999999,92.60999999999999,0.0,0.0,0.0,1.7763568394002505e-15
318,equal_split_vickrey_majority,92.60999999999999,92.60999999999999,92.60999999999999,92.60999999999999,0.0,0.0,0.0,-1.7763568394002505e-15
318,equal_split_vickrey_faltings_fair,92.60999999999999,92.60999999999999,92.60999999999999,92.60999999999999,0.0,0.0,0.0,0.0
318,equal_split_vickrey_guo_2019_asymptotic,92.60999999999999,92.60999999999999,92.60999999999999,56.42999999999995,0.0,36.180000000000035,0.0,-36.180000000000035
318,equal_split_vickrey_guo_2019_finite_n,92.60999999999999,92.60999999999999,92.60999999999999,74.51999999999995,0.0,18.090000000000032,0.0,-18.090000000000035
318,lp_demand_vickrey_raw_coarse_wtp,92.60999999999999,92.60999999999999,92.60999999999999,92.60999999999999,0.0,0.0,0.0,8.881784197001252e-16
318,lp_demand_vickrey_raw_fine_wtp,92.60999999999999,92.60999999999999,92.60999999999999,92.60999999999999,0.0,0.0,0.0,1.7763568394002505e-15
318,lp_integrated_supply_demand,92.60999999999999,92.60999999999999,87.69445687995054,87.69445687995054,4.915543120049449,4.915543120049449,0.0,0.0
319,equal_split_first_best,16.309999999999995,16.309999999999995,16.309999999999995,16.309999999999995,0.0,0.0,0.0,0.0
319,equal_split_vickrey_majority,16.309999999999995,16.309999999999995,0.0,0.0,16.309999999999995,16.309999999999995,0.0,0.0
319,equal_split_vickrey_faltings_fair,16.309999999999995,16.309999999999995,10.87333333333333,10.873333333333322,5.436666666666666,5.436666666666673,0.0,-7.105427357601002e-15
319,equal_split_vickrey_guo_2019_asymptotic,16.309999999999995,16.309999999999995,16.309999999999995,-110.35000000000002,0.0,126.66000000000003,0.0,-126.66000000000001
319,equal_split_vickrey_guo_2019_finite_n,16.309999999999995,16.309999999999995,16.309999999999995,5.5000000000000036,0.0,10.809999999999992,0.0,-10.809999999999992
319,lp_demand_vickrey_raw_coarse_wtp,16.309999999999995,16.309999999999995,16.309999999999995,16.309999999999988,0.0,7.105427357601002e-15,0.0,-7.105427357601002e-15
319,lp_demand_vickrey_raw_fine_wtp,16.309999999999995,16.309999999999995,16.309999999999995,16.309999999999995,0.0,0.0,0.0,0.0
319,lp_integrated_supply_demand,16.309999999999995,16.309999999999995,1.3056451497514487,1.3056451497514487,15.004354850248546,15.004354850248546,0.0,0.0
320,equal_split_first_best,11.45,11.45,11.45,11.45,0.0,0.0,0.0,2.220446049250313e-16
320,equal_split_vickrey_majority,11.45,11.45,11.45,11.45,0.0,0.0,0.0,-4.440892098500626e-16
320,equal_split_vickrey_faltings_fair,11.45,11.45,11.45,11.45,0.0,0.0,0.0,-4.440892098500626e-16
320,equal_split_vickrey_guo_2019_asymptotic,11.45,11.45,11.45,4.9299999999999935,0.0,6.520000000000006,0.0,-6.520000000000006
320,equal_split_vickrey_guo_2019_finite_n,11.45,11.45,11.45,8.189999999999998,0.0,3.2600000000000016,0.0,-3.2600000000000025
320,lp_demand_vickrey_raw_coarse_wtp,11.45,11.45,0.0,0.0,11.45,11.45,0.0,0.0
320,lp_demand_vickrey_raw_fine_wtp,11.45,11.45,11.449999847994643,11.449999847994643,1.520053558579093e-07,1.520053558579093e-07,0.0,0.0
320,lp_integrated_supply_demand,11.45,11.45,5.38196342645058,5.38196342645058,6.06803657354942,6.06803657354942,0.0,0.0
321,equal_split_first_best,22.809999999999995,22.809999999999995,22.809999999999995,22.809999999999995,0.0,0.0,0.0,-8.881784197001252e-16
321,equal_split_vickrey_majority,22.809999999999995,22.809999999999995,22.809999999999995,22.809999999999995,0.0,0.0,0.0,-8.881784197001252e-16
321,equal_split_vickrey_faltings_fair,22.809999999999995,22.809999999999995,22.809999999999995,22.809999999999995,0.0,0.0,0.0,0.0
321,equal_split_vickrey_guo_2019_asymptotic,22.809999999999995,22.809999999999995,22.809999999999995,3.2633333333333354,0.0,19.54666666666666,0.0,-19.54666666666666
321,equal_split_vickrey_guo_2019_finite_n,22.809999999999995,22.809999999999995,22.809999999999995,14.93499999999999,0.0,7.875000000000005,0.0,-7.875000000000005
321,lp_demand_vickrey_raw_coarse_wtp,22.809999999999995,22.809999999999995,22.809999493111107,22.809999493111107,5.068888881964995e-07,5.068888881964995e-07,0.0,-8.881784197001252e-16
321,lp_demand_vickrey_raw_fine_wtp,22.809999999999995,22.809999999999995,22.809999999999995,22.809999999999995,0.0,0.0,0.0,8.881784197001252e-16
321,lp_integrated_supply_demand,22.809999999999995,22.809999999999995,20.793332504068097,20.793332504068097,2.016667495931898,2.016667495931898,0.0,0.0
322,equal_split_first_best,60.25999999999999,60.25999999999999,60.25999999999999,60.25999999999999,0.0,0.0,0.0,-1.7763568394002505e-15
322,equal_split_vickrey_majority,60.25999999999999,60.25999999999999,60.25999999999999,60.25999999999999,0.0,0.0,0.0,1.7763568394002505e-15
322,equal_split_vickrey_faltings_fair,60.25999999999999,60.25999999999999,60.25999999999999,60.25999999999999,0.0,0.0,0.0,0.0
322,equal_split_vickrey_guo_2019_asymptotic,60.25999999999999,60.25999999999999,60.25999999999999,21.119999999999976,0.0,39.140000000000015,0.0,-39.140000000000015
322,equal_split_vickrey_guo_2019_finite_n,60.25999999999999,60.25999999999999,60.25999999999999,42.53499999999998,0.0,17.72500000000001,0.0,-17.725000000000012
322,lp_demand_vickrey_raw_coarse_wtp,60.25999999999999,60.25999999999999,60.25999999999999,60.25999999999999,0.0,0.0,0.0,-8.881784197001252e-16
322,lp_demand_vickrey_raw_fine_wtp,60.25999999999999,60.25999999999999,60.25999999999999,60.25999999999999,0.0,0.0,0.0,-1.7763568394002505e-15
322,lp_integrated_supply_demand,60.25999999999999,60.25999999999999,56.884679141939756,56.884679141939756,3.3753208580602347,3.3753208580602347,0.0,0.0
323,equal_split_first_best,47.629999999999995,47.629999999999995,47.629999999999995,47.629999999999995,0.0,0.0,0.0,-1.7763568394002505e-15
323,equal_split_vickrey_majority,47.629999999999995,47.629999999999995,47.629999999999995,47.629999999999995,0.0,0.0,0.0,0.0
323,equal_split_vickrey_faltings_fair,47.629999999999995,47.629999999999995,47.629999999999995,47.629999999999995,0.0,0.0,0.0,0.0
323,equal_split_vickrey_guo_2019_asymptotic,47.629999999999995,47.629999999999995,47.629999999999995,18.87666666666665,0.0,28.753333333333345,0.0,-28.753333333333345
323,equal_split_vickrey_guo_2019_finite_n,47.629999999999995,47.629999999999995,47.629999999999995,33.27999999999998,0.0,14.350000000000016,0.0,-14.350000000000016
323,lp_demand_vickrey_raw_coarse_wtp,47.629999999999995,47.629999999999995,47.62999880924999,47.62999880924999,1.1907500052643627e-06,1.1907500052643627e-06,0.0,0.0
323,lp_demand_vickrey_raw_fine_wtp,47.629999999999995,47.629999999999995,47.629999999999995,47.629999999999995,0.0,0.0,0.0,8.881784197001252e-16
323,lp_integrated_supply_demand,47.629999999999995,47.629999999999995,43.60221103574362,43.60221103574362,4.027788964256374,4.027788964256374,0.0,0.0
324,equal_split_first_best,97.5,97.5,97.5,97.5,0.0,0.0,0.0,0.0
324,equal_split_vickrey_majority,97.5,97.5,97.5,97.5,0.0,0.0,0.0,-1.7763568394002505e-15
324,equal_split_vickrey_faltings_fair,97.5,97.5,97.5,97.5,0.0,0.0,0.0,-1.7763568394002505e-15
324,equal_split_vickrey_guo_2019_asymptotic,97.5,97.5,97.5,65.02,0.0,32.480000000000004,0.0,-32.480000000000004
324,equal_split_vickrey_guo_2019_finite_n,97.5,97.5,97.5,81.25999999999999,0.0,16.24000000000001,0.0,-16.240000000000006
324,lp_demand_vickrey_raw_coarse_wtp,97.5,97.5,97.49999860714283,97.49999860714283,1.3928571718224703e-06,1.3928571718224703e-06,0.0,0.0
324,lp_demand_vickrey_raw_fine_wtp,97.5,97.5,97.5,97.5,0.0,0.0,0.0,-1.7763568394002505e-15
324,lp_integrated_supply_demand,97.5,97.5,95.47053710274696,95.47053710274696,2.0294628972530404,2.0294628972530404,0.0,0.0
325,equal_split_first_best,55.45,55.45,55.45,55.45,0.0,0.0,0.0,-1.7763568394002505e-15
325,equal_split_vickrey_majority,55.45,55.45,55.45,55.45,0.0,0.0,0.0,1.7763568394002505e-15
325,equal_split_vickrey_faltings_fair,55.45,55.45,55.45,55.45,0.0,0.0,0.0,1.7763568394002505e-15
325,equal_split_vickrey_guo_2019_asymptotic,55.45,55.45,55.45,24.136666666666688,0.0,31.313333333333315,0.0,-31.313333333333315
325,equal_split_vickrey_guo_2019_finite_n,55.45,55.45,55.45,41.58000000000001,0.0,13.86999999999999,0.0,-13.869999999999987
325,lp_demand_vickrey_raw_coarse_wtp,55.45,55.45,55.45,55.45,0.0,0.0,0.0,-1.7763568394002505e-15
325,lp_demand_vickrey_raw_fine_wtp,55.45,55.45,55.45,55.45,0.0,0.0,0.0,-1.7763568394002505e-15
325,lp_integrated_supply_demand,55.45,55.45,53.271521776634195,53.271521776634195,2.1784782233658078,2.1784782233658078,0.0,0.0
326,equal_split_first_best,15.840000000000002,15.840000000000002,15.840000000000002,15.84,0.0,1.7763568394002505e-15,0.0,-8.881784197001252e-16
326,equal_split_vickrey_majority,15.840000000000002,15.840000000000002,15.840000000000002,15.84,0.0,1.7763568394002505e-15,0.0,-1.7763568394002505e-15
326,equal_split_vickrey_faltings_fair,15.840000000000002,15.840000000000002,15.840000000000002,15.840000000000002,0.0,0.0,0.0,0.0
326,equal_split_vickrey_guo_2019_asymptotic,15.840000000000002,15.840000000000002,15.840000000000002,-2.6133333333333386,0.0,18.45333333333334,0.0,-18.45333333333334
326,equal_split_vickrey_guo_2019_finite_n,15.840000000000002,15.840000000000002,15.840000000000002,13.906666666666675,0.0,1.9333333333333265,0.0,-1.9333333333333265
326,lp_demand_vickrey_raw_coarse_wtp,15.840000000000002,15.840000000000002,15.83999868,15.83999868,1.3200000008595225e-06,1.3200000008595225e-06,0.0,0.0
326,lp_demand_vickrey_raw_fine_wtp,15.840000000000002,15.840000000000002,15.840000000000002,15.84,0.0,1.7763568394002505e-15,0.0,-8.881784197001252e-16
326,lp_integrated_supply_demand,15.840000000000002,15.840000000000002,9.841773697260194,9.841773697260194,5.998226302739807,5.998226302739807,0.0,0.0
327,equal_split_first_best,8.92,8.92,8.92,8.920000000000002,0.0,-1.7763568394002505e-15,0.0,8.881784197001252e-16
327,equal_split_vickrey_majority,8.92,8.92,8.92,8.919999999999998,0.0,1.7763568394002505e-15,0.0,-8.881784197001252e-16
327,equal_split_vickrey_faltings_fair,8.92,8.92,8.92,8.919999999999998,0.0,1.7763568394002505e-15,0.0,-8.881784197001252e-16
327,equal_split_vickrey_guo_2019_asymptotic,8.92,8.92,8.92,-0.9466666666666672,0.0,9.866666666666667,0.0,-9.866666666666667
327,equal_split_vickrey_guo_2019_finite_n,8.92,8.92,8.92,7.045000000000003,0.0,1.8749999999999973,0.0,-1.8749999999999973
327,lp_demand_vickrey_raw_coarse_wtp,8.92,8.92,8.919999554,8.919999554,4.4599999959871184e-07,4.4599999959871184e-07,0.0,4.440892098500626e-16
327,lp_demand_vickrey_raw_fine_wtp,8.92,8.92,8.91999967778141,8.91999967778141,3.2221858958791927e-07,3.2221858958791927e-07,0.0,0.0
327,lp_integrated_supply_demand,8.92,8.92,8.764999994514511,8.764999994514511,0.15500000548548876,0.15500000548548876,0.0,0.0
328,equal_split_first_best,80.9,80.9,80.9,80.9,0.0,0.0,0.0,-1.7763568394002505e-15
328,equal_split_vickrey_majority,80.9,80.9,80.9,80.9,0.0,0.0,0.0,0.0
328,equal_split_vickrey_faltings_fair,80.9,80.9,80.9,80.9,0.0,0.0,0.0,0.0
328,equal_split_vickrey_guo_2019_asymptotic,80.9,80.9,80.9,48.56000000000005,0.0,32.339999999999954,0.0,-32.339999999999954
328,equal_split_vickrey_guo_2019_finite_n,80.9,80.9,80.9,64.72999999999999,0.0,16.170000000000016,0.0,-16.17000000000001
328,lp_demand_vickrey_raw_coarse_wtp,80.9,80.9,80.89999865166644,80.89999865166644,1.3483335692399123e-06,1.3483335692399123e-06,0.0,-8.881784197001252e-16
328,lp_demand_vickrey_raw_fine_wtp,80.9,80.9,80.9,80.9,0.0,0.0,0.0,0.0
328,lp_integrated_supply_demand,80.9,80.9,80.8407046716504,80.8407046716504,0.059295328349605825,0.059295328349605825,0.0,0.0
329,equal_split_first_best,0.0,0.0,0.0,0.0,0.0,0.0,0.0,0.0
329,equal_split_vickrey_majority,0.0,0.0,0.0,0.0,0.0,0.0,0.0,0.0
329,equal_split_vickrey_faltings_fair,0.0,0.0,0.0,0.0,0.0,0.0,0.0,0.0
329,equal_split_vickrey_guo_2019_asymptotic,0.0,0.0,0.0,-119.07999999999996,0.0,119.07999999999996,0.0,-119.07999999999996
329,equal_split_vickrey_guo_2019_finite_n,0.0,0.0,0.0,2.1316282072803006e-14,0.0,-2.1316282072803006e-14,0.0,2.1316282072803006e-14
329,lp_demand_vickrey_raw_coarse_wtp,0.0,0.0,-4.779919300290352,-4.779919300290356,4.779919300290352,4.779919300290356,0.0,-3.552713678800501e-15
329,lp_demand_vickrey_raw_fine_wtp,0.0,0.0,-4.780000000000001,-4.780000000000001,4.780000000000001,4.780000000000001,0.0,0.0
329,lp_integrated_supply_demand,0.0,0.0,-4.642511590667746,-4.642511590667746,4.642511590667746,4.642511590667746,0.0,0.0
330,equal_split_first_best,51.839999999999996,51.839999999999996,51.839999999999996,51.839999999999996,0.0,0.0,0.0,-8.881784197001252e-16
330,equal_split_vickrey_majority,51.839999999999996,51.839999999999996,51.839999999999996,51.839999999999996,0.0,0.0,0.0,1.7763568394002505e-15
330,equal_split_vickrey_faltings_fair,51.839999999999996,51.839999999999996,51.839999999999996,51.84,0.0,-7.105427357601002e-15,0.0,3.552713678800501e-15
330,equal_split_vickrey_guo_2019_asymptotic,51.839999999999996,51.839999999999996,51.839999999999996,26.260000000000016,0.0,25.57999999999998,0.0,-25.57999999999998
330,equal_split_vickrey_guo_2019_finite_n,51.839999999999996,51.839999999999996,51.839999999999996,39.04999999999998,0.0,12.790000000000013,0.0,-12.790000000000017
330,lp_demand_vickrey_raw_coarse_wtp,51.839999999999996,51.839999999999996,51.83999892,51.83999892,1.079999996989045e-06,1.079999996989045e-06,0.0,1.7763568394002505e-15
330,lp_demand_vickrey_raw_fine_wtp,51.839999999999996,51.839999999999996,51.839999999999996,51.839999999999996,0.0,0.0,0.0,0.0
330,lp_integrated_supply_demand,51.839999999999996,51.839999999999996,49.83840590871387,49.83840590871387,2.0015940912861296,2.0015940912861296,0.0,0.0
331,equal_split_first_best,73.92,73.92,73.92,73.92,0.0,0.0,0.0,-8.881784197001252e-16
331,equal_split_vickrey_majority,73.92,73.92,73.92,73.92,0.0,0.0,0.0,1.7763568394002505e-15
331,equal_split_vickrey_faltings_fair,73.92,73.92,73.92,73.92,0.0,0.0,0.0,1.7763568394002505e-15
331,equal_split_vickrey_guo_2019_asymptotic,73.92,73.92,73.92,42.46000000000001,0.0,31.459999999999994,0.0,-31.459999999999997
331,equal_split_vickrey_guo_2019_finite_n,73.92,73.92,73.92,58.19000000000001,0.0,15.72999999999999,0.0,-15.729999999999986
331,lp_demand_vickrey_raw_coarse_wtp,73.92,73.92,73.91999876799979,73.91999876799979,1.2320002156229748e-06,1.2320002156229748e-06,0.0,-8.881784197001252e-16
331,lp_demand_vickrey_raw_fine_wtp,73.92,73.92,73.92,73.92,0.0,0.0,0.0,8.881784197001252e-16
331,lp_integrated_supply_demand,73.92,73.92,70.02240183796332,70.02240183796332,3.8975981620366866,3.8975981620366866,0.0,-2.7755575615628914e-17
332,equal_split_first_best,87.75,87.75,87.75,87.75,0.0,0.0,0.0,-8.881784197001252e-16
332,equal_split_vickrey_majority,87.75,87.75,87.75,87.75,0.0,0.0,0.0,-1.7763568394002505e-15
332,equal_split_vickrey_faltings_fair,87.75,87.75,87.75,87.75,0.0,0.0,0.0,-1.7763568394002505e-15
332,equal_split_vickrey_guo_2019_asymptotic,87.75,87.75,87.75,56.75,0.0,31.0,0.0,-30.999999999999996
332,equal_split_vickrey_guo_2019_finite_n,87.75,87.75,87.75,72.24999999999999,0.0,15.500000000000014,0.0,-15.50000000000001
332,lp_demand_vickrey_raw_coarse_wtp,87.75,87.75,87.74999853749975,87.74999853749975,1.4625002506818419e-06,1.4625002506818419e-06,0.0,-8.881784197001252e-16
332,lp_demand_vickrey_raw_fine_wtp,87.75,87.75,87.75,87.75,0.0,0.0,0.0,-1.7763568394002505e-15
332,lp_integrated_supply_demand,87.75,87.75,85.34096832185517,85.34096832185517,2.409031678144828,2.409031678144828,0.0,0.0
333,equal_split_first_best,20.86,20.86,20.86,20.86,0.0,0.0,0.0,0.0
333,equal_split_vickrey_majority,20.86,20.86,20.86,20.86,0.0,0.0,0.0,-1.7763568394002505e-15
333,equal_split_vickrey_faltings_fair,20.86,20.86,20.86,20.86,0.0,0.0,0.0,-1.7763568394002505e-15
333,equal_split_vickrey_guo_2019_asymptotic,20.86,20.86,20.86,0.5933333333333337,0.0,20.266666666666666,0.0,-20.266666666666666
333,equal_split_vickrey_guo_2019_finite_n,20.86,20.86,20.86,13.644999999999989,0.0,7.2150000000000105,0.0,-7.215000000000011
333,lp_demand_vickrey_raw_coarse_wtp,20.86,20.86,20.859999420555557,20.859999420555557,5.794444426499012e-07,5.794444426499012e-07,0.0,0.0
333,lp_demand_vickrey_raw_fine_wtp,20.86,20.86,20.86,20.86,0.0,0.0,0.0,-8.881784197001252e-16
333,lp_integrated_supply_demand,20.86,20.86,18.406665932584808,18.406665932584808,2.4533340674151916,2.4533340674151916,0.0,0.0
334,equal_split_first_best,21.689999999999998,21.689999999999998,21.689999999999998,21.689999999999998,0.0,0.0,0.0,0.0
334,equal_split_vickrey_majority,21.689999999999998,21.689999999999998,21.689999999999998,21.689999999999998,0.0,0.0,0.0,8.881784197001252e-16
334,equal_split_vickrey_faltings_fair,21.689999999999998,21.689999999999998,21.689999999999998,21.689999999999998,0.0,0.0,0.0,1.7763568394002505e-15
334,equal_split_vickrey_guo_2019_asymptotic,21.689999999999998,21.689999999999998,21.689999999999998,1.6899999999999977,0.0,20.0,0.0,-20.0
334,equal_split_vickrey_guo_2019_finite_n,21.689999999999998,21.689999999999998,21.689999999999998,13.23499999999999,0.0,8.455000000000007,0.0,-8.455000000000007
334,lp_demand_vickrey_raw_coarse_wtp,21.689999999999998,21.689999999999998,21.689999518,21.689999518,4.819999972482947e-07,4.819999972482947e-07,0.0,-4.440892098500626e-16
334,lp_demand_vickrey_raw_fine_wtp,21.689999999999998,21.689999999999998,21.689999999999998,21.689999999999998,0.0,0.0,0.0,8.881784197001252e-16
334,lp_integrated_supply_demand,21.689999999999998,21.689999999999998,21.046665827298167,21.046665827298167,0.6433341727018309,0.6433341727018309,0.0,0.0
335,equal_split_first_best,53.699999999999996,53.699999999999996,53.699999999999996,53.699999999999996,0.0,0.0,0.0,0.0
335,equal_split_vickrey_majority,53.699999999999996,53.699999999999996,53.699999999999996,53.699999999999996,0.0,0.0,0.0,-1.7763568394002505e-15
335,equal_split_vickrey_faltings_fair,53.699999999999996,53.699999999999996,53.699999999999996,53.699999999999996,0.0,0.0,0.0,-1.7763568394002505e-15
335,equal_split_vickrey_guo_2019_asymptotic,53.699999999999996,53.699999999999996,53.699999999999996,24.959999999999972,0.0,28.740000000000023,0.0,-28.740000000000023
335,equal_split_vickrey_guo_2019_finite_n,53.699999999999996,53.699999999999996,53.699999999999996,39.329999999999984,0.0,14.370000000000012,0.0,-14.37000000000001
335,lp_demand_vickrey_raw_coarse_wtp,53.699999999999996,53.699999999999996,53.69999865749999,53.69999865749999,1.3425000062738945e-06,1.3425000062738945e-06,0.0,1.7763568394002505e-15
335,lp_demand_vickrey_raw_fine_wtp,53.699999999999996,53.699999999999996,53.699999999999996,53.699999999999996,0.0,0.0,0.0,-2.6645352591003757e-15
335,lp_integrated_supply_demand,53.699999999999996,53.699999999999996,52.00373984897893,52.00373984897893,1.6962601510210646,1.6962601510210646,0.0,0.0
336,equal_split_first_best,26.179999999999996,26.179999999999996,26.179999999999996,26.179999999999996,0.0,0.0,0.0,0.0
336,equal_split_vickrey_majority,26.179999999999996,26.179999999999996,26.179999999999996,26.179999999999996,0.0,0.0,0.0,-8.881784197001252e-16
336,equal_split_vickrey_faltings_fair,26.179999999999996,26.179999999999996,26.179999999999996,26.179999999999996,0.0,0.0,0.0,0.0
336,equal_split_vickrey_guo_2019_asymptotic,26.179999999999996,26.179999999999996,26.179999999999996,7.686666666666657,0.0,18.49333333333334,0.0,-18.49333333333334
336,equal_split_vickrey_guo_2019_finite_n,26.179999999999996,26.179999999999996,26.179999999999996,17.13999999999998,0.0,9.040000000000017,0.0,-9.040000000000019
336,lp_demand_vickrey_raw_coarse_wtp,26.179999999999996,26.179999999999996,26.17999941822222,26.17999941822222,5.817777761762954e-07,5.817777761762954e-07,0.0,-8.881784197001252e-16
336,lp_demand_vickrey_raw_fine_wtp,26.179999999999996,26.179999999999996,26.179999999999996,26.179999999999996,0.0,0.0,0.0,8.881784197001252e-16
336,lp_integrated_supply_demand,26.179999999999996,26.179999999999996,25.436665652219244,25.436665652219244,0.7433343477807526,0.7433343477807526,0.0,0.0
337,equal_split_first_best,47.809999999999995,47.809999999999995,47.809999999999995,47.809999999999995,0.0,0.0,0.0,0.0
337,equal_split_vickrey_majority,47.809999999999995,47.809999999999995,47.809999999999995,47.809999999999995,0.0,0.0,0.0,1.7763568394002505e-15
337,equal_split_vickrey_faltings_fair,47.809999999999995,47.809999999999995,47.809999999999995,47.809999999999995,0.0,0.0,0.0,1.7763568394002505e-15
337,equal_split_vickrey_guo_2019_asymptotic,47.809999999999995,47.809999999999995,47.809999999999995,22.103333333333328,0.0,25.706666666666667,0.0,-25.706666666666667
337,equal_split_vickrey_guo_2019_finite_n,47.809999999999995,47.809999999999995,47.809999999999995,36.74999999999998,0.0,11.060000000000016,0.0,-11.060000000000018
337,lp_demand_vickrey_raw_coarse_wtp,47.809999999999995,47.809999999999995,47.80999900395833,47.80999900395833,9.960416633703062e-07,9.960416633703062e-07,0.0,0.0
337,lp_demand_vickrey_raw_fine_wtp,47.809999999999995,47.809999999999995,47.809999999999995,47.809999999999995,0.0,0.0,0.0,0.0
337,lp_integrated_supply_demand,47.809999999999995,47.809999999999995,46.407964463052124,46.407964463052124,1.4020355369478708,1.4020355369478708,0.0,0.0
338,equal_split_first_best,79.17999999999999,79.17999999999999,79.17999999999999,79.17999999999999,0.0,0.0,0.0,0.0
338,equal_split_vickrey_majority,79.17999999999999,79.17999999999999,79.17999999999999,79.17999999999999,0.0,0.0,0.0,1.7763568394002505e-15
338,equal_split_vickrey_faltings_fair,79.17999999999999,79.17999999999999,79.17999999999999,79.17999999999999,0.0,0.0,0.0,1.7763568394002505e-15
338,equal_split_vickrey_guo_2019_asymptotic,79.17999999999999,79.17999999999999,79.17999999999999,49.439999999999976,0.0,29.740000000000016,0.0,-29.740000000000016
338,equal_split_vickrey_guo_2019_finite_n,79.17999999999999,79.17999999999999,79.17999999999999,64.30999999999996,0.0,14.870000000000033,0.0,-14.870000000000035
338,lp_demand_vickrey_raw_coarse_wtp,79.17999999999999,79.17999999999999,79.17999868033333,79.17999868033333,1.3196666657222522e-06,1.3196666657222522e-06,0.0,1.7763568394002505e-15
338,lp_demand_vickrey_raw_fine_wtp,79.17999999999999,79.17999999999999,79.17999999999999,79.17999999999999,0.0,0.0,0.0,1.7763568394002505e-15
338,lp_integrated_supply_demand,79.17999999999999,79.17999999999999,78.04999937925473,78.04999937925473,1.130000620745264,1.130000620745264,0.0,0.0
339,equal_split_first_best,16.75,16.75,16.75,16.75,0.0,0.0,0.0,0.0
339,equal_split_vickrey_majority,16.75,16.75,16.75,16.75,0.0,0.0,0.0,0.0
339,equal_split_vickrey_faltings_fair,16.75,16.75,16.75,16.75,0.0,0.0,0.0,0.0
339,equal_split_vickrey_guo_2019_asymptotic,16.75,16.75,16.75,-5.99666666666667,0.0,22.74666666666667,0.0,-22.74666666666667
339,equal_split_vickrey_guo_2019_finite_n,16.75,16.75,16.75,14.608333333333338,0.0,2.141666666666662,0.0,-2.141666666666662
339,lp_demand_vickrey_raw_coarse_wtp,16.75,16.75,16.75,16.75,0.0,0.0,0.0,-8.881784197001252e-16
339,lp_demand_vickrey_raw_fine_wtp,16.75,16.75,16.75,16.75,0.0,0.0,0.0,0.0
339,lp_integrated_supply_demand,16.75,16.75,13.076666145152156,13.076666145152156,3.6733338548478436,3.6733338548478436,0.0,0.0
340,equal_split_first_best,13.280000000000008,13.280000000000008,13.280000000000008,13.280000000000008,0.0,0.0,0.0,0.0
340,equal_split_vickrey_majority,13.280000000000008,13.280000000000008,0.0,0.0,13.280000000000008,13.280000000000008,0.0,0.0
340,equal_split_vickrey_faltings_fair,13.280000000000008,13.280000000000008,0.0,0.0,13.280000000000008,13.280000000000008,0.0,0.0
340,equal_split_vickrey_guo_2019_asymptotic,13.280000000000008,13.280000000000008,0.0,-135.94,13.280000000000008,149.22,0.0,-135.94
340,equal_split_vickrey_guo_2019_finite_n,13.280000000000008,13.280000000000008,0.0,0.0,13.280000000000008,13.280000000000008,0.0,0.0
340,lp_demand_vickrey_raw_coarse_wtp,13.280000000000008,13.280000000000008,13.280000000000008,13.280000000000008,0.0,0.0,0.0,0.0
340,lp_demand_vickrey_raw_fine_wtp,13.280000000000008,13.280000000000008,13.280000000000008,13.280000000000015,0.0,-7.105427357601002e-15,0.0,7.105427357601002e-15
340,lp_integrated_supply_demand,13.280000000000008,13.280000000000008,-3.827606896831588,-3.827606896831588,17.107606896831598,17.107606896831598,0.0,0.0
341,equal_split_first_best,39.24,39.24,39.24,39.24,0.0,0.0,0.0,0.0
341,equal_split_vickrey_majority,39.24,39.24,39.24,39.24,0.0,0.0,0.0,0.0
341,equal_split_vickrey_faltings_fair,39.24,39.24,39.24,39.24,0.0,0.0,0.0,0.0
341,equal_split_vickrey_guo_2019_asymptotic,39.24,39.24,39.24,10.96,0.0,28.28,0.0,-28.28
341,equal_split_vickrey_guo_2019_finite_n,39.24,39.24,39.24,27.799999999999994,0.0,11.440000000000008,0.0,-11.440000000000008
341,lp_demand_vickrey_raw_coarse_wtp,39.24,39.24,39.239999019,39.239999019,9.809999994558893e-07,9.809999994558893e-07,0.0,0.0
341,lp_demand_vickrey_raw_fine_wtp,39.24,39.24,39.24,39.24,0.0,0.0,0.0,8.881784197001252e-16
341,lp_integrated_supply_demand,39.24,39.24,35.34514726059013,35.34514726059013,3.8948527394098704,3.8948527394098704,0.0,0.0
342,equal_split_first_best,18.86,18.86,18.86,18.86,0.0,0.0,0.0,8.881784197001252e-16
342,equal_split_vickrey_majority,18.86,18.86,18.86,18.86,0.0,0.0,0.0,0.0
342,equal_split_vickrey_faltings_fair,18.86,18.86,18.86,18.86,0.0,0.0,0.0,0.0
342,equal_split_vickrey_guo_2019_asymptotic,18.86,18.86,18.86,0.39333333333333087,0.0,18.46666666666667,0.0,-18.46666666666667
342,equal_split_vickrey_guo_2019_finite_n,18.86,18.86,18.86,12.004999999999988,0.0,6.855000000000011,0.0,-6.855000000000011
342,lp_demand_vickrey_raw_coarse_wtp,18.86,18.86,18.85999958088889,18.85999958088889,4.1911111026138315e-07,4.1911111026138315e-07,0.0,-1.7763568394002505e-15
342,lp_demand_vickrey_raw_fine_wtp,18.86,18.86,18.86,18.86,0.0,0.0,0.0,8.881784197001252e-16
342,lp_integrated_supply_demand,18.86,18.86,17.0333326540218,17.0333326540218,1.8266673459781977,1.8266673459781977,0.0,0.0
343,equal_split_first_best,16.129999999999995,16.129999999999995,16.129999999999995,16.129999999999995,0.0,0.0,0.0,0.0
343,equal_split_vickrey_majority,16.129999999999995,16.129999999999995,16.129999999999995,16.129999999999995,0.0,0.0,0.0,1.7763568394002505e-15
343,equal_split_vickrey_faltings_fair,16.129999999999995,16.129999999999995,16.129999999999995,16.129999999999995,0.0,0.0,0.0,1.7763568394002505e-15
343,equal_split_vickrey_guo_2019_asymptotic,16.129999999999995,16.129999999999995,16.129999999999995,-7.47666666666667,0.0,23.606666666666666,0.0,-23.606666666666666
343,equal_split_vickrey_guo_2019_finite_n,16.129999999999995,16.129999999999995,16.129999999999995,14.526666666666655,0.0,1.6033333333333406,0.0,-1.6033333333333406
343,lp_demand_vickrey_raw_coarse_wtp,16.129999999999995,16.129999999999995,16.129999999999995,16.129999999999995,0.0,0.0,0.0,8.881784197001252e-16
343,lp_demand_vickrey_raw_fine_wtp,16.129999999999995,16.129999999999995,16.129999999999995,16.129999999999995,0.0,0.0,0.0,0.0
343,lp_integrated_supply_demand,16.129999999999995,16.129999999999995,15.299799822848442,15.299799822848442,0.8302001771515535,0.8302001771515535,0.0,0.0
344,equal_split_first_best,44.71,44.71,44.71,44.71,0.0,0.0,0.0,-1.7763568394002505e-15
344,equal_split_vickrey_majority,44.71,44.71,44.71,44.71,0.0,0.0,0.0,0.0
344,equal_split_vickrey_faltings_fair,44.71,44.71,44.71,44.71,0.0,0.0,0.0,0.0
344,equal_split_vickrey_guo_2019_asymptotic,44.71,44.71,44.71,14.716666666666669,0.0,29.993333333333332,0.0,-29.993333333333332
344,equal_split_vickrey_guo_2019_finite_n,44.71,44.71,44.71,30.599999999999994,0.0,14.110000000000007,0.0,-14.110000000000007
344,lp_demand_vickrey_raw_coarse_wtp,44.71,44.71,44.70999888225,44.70999888225,1.1177500027770293e-06,1.1177500027770293e-06,0.0,1.7763568394002505e-15
344,lp_demand_vickrey_raw_fine_wtp,44.71,44.71,44.71,44.71,0.0,0.0,0.0,0.0
344,lp_integrated_supply_demand,44.71,44.71,44.142383031069606,44.142383031069606,0.5676169689303947,0.5676169689303947,0.0,0.0
345,equal_split_first_best,63.72,63.72,63.72,63.72,0.0,0.0,0.0,8.881784197001252e-16
345,equal_split_vickrey_majority,63.72,63.72,63.72,63.72,0.0,0.0,0.0,1.7763568394002505e-15
345,equal_split_vickrey_faltings_fair,63.72,63.72,63.72,63.72,0.0,0.0,0.0,1.7763568394002505e-15
345,equal_split_vickrey_guo_2019_asymptotic,63.72,63.72,63.72,35.306666666666665,0.0,28.413333333333334,0.0,-28.413333333333334
345,equal_split_vickrey_guo_2019_finite_n,63.72,63.72,63.72,50.839999999999996,0.0,12.880000000000003,0.0,-12.880000000000004
345,lp_demand_vickrey_raw_coarse_wtp,63.72,63.72,63.7199987256,63.7199987256,1.2743999988629184e-06,1.2743999988629184e-06,0.0,8.881784197001252e-16
345,lp_demand_vickrey_raw_fine_wtp,63.72,63.72,63.72,63.72,0.0,0.0,0.0,-8.881784197001252e-16
345,lp_integrated_supply_demand,63.72,63.72,60.04830332950685,60.04830332950685,3.671696670493148,3.671696670493148,0.0,0.0
346,equal_split_first_best,69.97,69.97,69.97,69.97,0.0,0.0,0.0,-1.7763568394002505e-15
346,equal_split_vickrey_majority,69.97,69.97,69.97,69.97,0.0,0.0,0.0,0.0
346,equal_split_vickrey_faltings_fair,69.97,69.97,69.97,69.97,0.0,0.0,0.0,0.0
346,equal_split_vickrey_guo_2019_asymptotic,69.97,69.97,69.97,40.93,0.0,29.04,0.0,-29.04
346,equal_split_vickrey_guo_2019_finite_n,69.97,69.97,69.97,55.45,0.0,14.519999999999996,0.0,-14.519999999999996
346,lp_demand_vickrey_raw_coarse_wtp,69.97,69.97,69.96999883383313,69.96999883383313,1.1661668679607828e-06,1.1661668679607828e-06,0.0,-8.881784197001252e-16
346,lp_demand_vickrey_raw_fine_wtp,69.97,69.97,69.97,69.97,0.0,0.0,0.0,-8.881784197001252e-16
346,lp_integrated_supply_demand,69.97,69.97,66.93433550459156,66.93433550459156,3.03566449540844,3.03566449540844,0.0,-2.7755575615628914e-17
347,equal_split_first_best,31.4,31.4,31.4,31.4,0.0,0.0,0.0,0.0
347,equal_split_vickrey_majority,31.4,31.4,31.4,31.4,0.0,0.0,0.0,8.881784197001252e-16
347,equal_split_vickrey_faltings_fair,31.4,31.4,31.4,31.4,0.0,0.0,0.0,1.7763568394002505e-15
347,equal_split_vickrey_guo_2019_asymptotic,31.4,31.4,31.4,13.046666666666674,0.0,18.353333333333325,0.0,-18.353333333333325
347,equal_split_vickrey_guo_2019_finite_n,31.4,31.4,31.4,23.094999999999985,0.0,8.305000000000014,0.0,-8.305000000000012
347,lp_demand_vickrey_raw_coarse_wtp,31.4,31.4,31.399999302222223,31.399999302222223,6.977777751160374e-07,6.977777751160374e-07,0.0,-1.3322676295501878e-15
347,lp_demand_vickrey_raw_fine_wtp,31.4,31.4,31.4,31.4,0.0,0.0,0.0,0.0
347,lp_integrated_supply_demand,31.4,31.4,28.416665533372964,28.416665533372964,2.983334466627035,2.983334466627035,0.0,0.0
348,equal_split_first_best,36.91,36.91,36.91,36.91,0.0,0.0,0.0,0.0
348,equal_split_vickrey_majority,36.91,36.91,36.91,36.91,0.0,0.0,0.0,1.7763568394002505e-15
348,equal_split_vickrey_faltings_fair,36.91,36.91,36.91,36.91,0.0,0.0,0.0,3.552713678800501e-15
348,equal_split_vickrey_guo_2019_asymptotic,36.91,36.91,36.91,9.336666666666652,0.0,27.573333333333345,0.0,-27.573333333333345
348,equal_split_vickrey_guo_2019_finite_n,36.91,36.91,36.91,25.909999999999982,0.0,11.000000000000014,0.0,-11.000000000000012
348,lp_demand_vickrey_raw_coarse_wtp,36.91,36.91,36.90999907724999,36.90999907724999,9.227500044062253e-07,9.227500044062253e-07,0.0,0.0
348,lp_demand_vickrey_raw_fine_wtp,36.91,36.91,36.91,36.91,0.0,0.0,0.0,2.6645352591003757e-15
348,lp_integrated_supply_demand,36.91,36.91,36.36457329681216,36.36457329681216,0.5454267031878359,0.5454267031878359,0.0,0.0
349,equal_split_first_best,46.06,46.06,46.06,46.06,0.0,0.0,0.0,0.0
349,equal_split_vickrey_majority,46.06,46.06,46.06,46.06,0.0,0.0,0.0,-1.7763568394002505e-15
349,equal_split_vickrey_faltings_fair,46.06,46.06,46.06,46.06,0.0,0.0,0.0,-1.7763568394002505e-15
349,equal_split_vickrey_guo_2019_asymptotic,46.06,46.06,46.06,19.700000000000003,0.0,26.36,0.0,-26.36
349,equal_split_vickrey_guo_2019_finite_n,46.06,46.06,46.06,34.12,0.0,11.940000000000005,0.0,-11.940000000000005
349,lp_demand_vickrey_raw_coarse_wtp,46.06,46.06,46.0599988485,46.0599988485,1.1515000011286247e-06,1.1515000011286247e-06,0.0,1.7763568394002505e-15
349,lp_demand_vickrey_raw_fine_wtp,46.06,46.06,46.06,46.06,0.0,0.0,0.0,-8.881784197001252e-16
349,lp_integrated_supply_demand,46.06,46.06,42.42331488852652,42.42331488852652,3.636685111473483,3.636685111473483,0.0,0.0
350,equal_split_first_best,18.939999999999998,18.939999999999998,18.939999999999998,18.939999999999998,0.0,0.0,0.0,1.7763568394002505e-15
350,equal_split_vickrey_majority,18.939999999999998,18.939999999999998,18.939999999999998,18.939999999999998,0.0,0.0,0.0,0.0
350,equal_split_vickrey_faltings_fair,18.939999999999998,18.939999999999998,18.939999999999998,18.939999999999998,0.0,0.0,0.0,0.0
350,equal_split_vickrey_guo_2019_asymptotic,18.939999999999998,18.939999999999998,18.939999999999998,-3.9466666666666725,0.0,22.88666666666667,0.0,-22.88666666666667
350,equal_split_vickrey_guo_2019_finite_n,18.939999999999998,18.939999999999998,18.939999999999998,15.226666666666652,0.0,3.7133333333333454,0.0,-3.7133333333333454
350,lp_demand_vickrey_raw_coarse_wtp,18.939999999999998,18.939999999999998,18.939999999999998,18.939999999999998,0.0,0.0,0.0,-8.881784197001252e-16
350,lp_demand_vickrey_raw_fine_wtp,18.939999999999998,18.939999999999998,18.939999999999998,18.939999999999998,0.0,0.0,0.0,0.0
350,lp_integrated_supply_demand,18.939999999999998,18.939999999999998,18.227243270616032,18.227243270616032,0.7127567293839654,0.7127567293839654,0.0,0.0
351,equal_split_first_best,12.809999999999999,12.809999999999999,12.809999999999999,12.809999999999999,0.0,0.0,0.0,0.0
351,equal_split_vickrey_majority,12.809999999999999,12.809999999999999,12.809999999999999,12.809999999999999,0.0,0.0,0.0,4.440892098500626e-16
351,equal_split_vickrey_faltings_fair,12.809999999999999,12.809999999999999,12.809999999999999,12.809999999999999,0.0,0.0,0.0,8.881784197001252e-16
351,equal_split_vickrey_guo_2019_asymptotic,12.809999999999999,12.809999999999999,12.809999999999999,4.929999999999994,0.0,7.880000000000004,0.0,-7.880000000000004
351,equal_split_vickrey_guo_2019_finite_n,12.809999999999999,12.809999999999999,12.809999999999999,8.870000000000001,0.0,3.9399999999999977,0.0,-3.939999999999998
351,lp_demand_vickrey_raw_coarse_wtp,12.809999999999999,12.809999999999999,0.0,0.0,12.809999999999999,12.809999999999999,0.0,0.0
351,lp_demand_vickrey_raw_fine_wtp,12.809999999999999,12.809999999999999,12.809999749436619,12.809999749436619,2.5056337982221066e-07,2.5056337982221066e-07,0.0,2.220446049250313e-16
351,lp_integrated_supply_demand,12.809999999999999,12.809999999999999,5.938488437111413,5.938488437111413,6.8715115628885854,6.8715115628885854,0.0,0.0
352,equal_split_first_best,0.0,0.0,0.0,0.0,0.0,0.0,0.0,0.0
352,equal_split_vickrey_majority,0.0,0.0,0.0,0.0,0.0,0.0,0.0,0.0
352,equal_split_vickrey_faltings_fair,0.0,0.0,-2.1266666666666674,-2.1266666666666683,2.1266666666666674,2.1266666666666683,0.0,-8.881784197001252e-16
352,equal_split_vickrey_guo_2019_asymptotic,0.0,0.0,0.0,-107.02,0.0,107.02,0.0,-107.02
352,equal_split_vickrey_guo_2019_finite_n,0.0,0.0,0.0,-0.9166666666666714,0.0,0.9166666666666714,0.0,-0.9166666666666714
352,lp_demand_vickrey_raw_coarse_wtp,0.0,0.0,-6.379892287835241,-6.379892287835244,6.379892287835241,6.379892287835244,0.0,-3.552713678800501e-15
352,lp_demand_vickrey_raw_fine_wtp,0.0,0.0,-6.380000000000003,-6.3799999999999955,6.380000000000003,6.3799999999999955,0.0,7.105427357601002e-15
352,lp_integrated_supply_demand,0.0,0.0,-3.8140274755647425,-3.8140274755647425,3.8140274755647425,3.8140274755647425,0.0,0.0
353,equal_split_first_best,57.82000000000001,57.82000000000001,57.82000000000001,57.82000000000001,0.0,0.0,0.0,-8.881784197001252e-16
353,equal_split_vickrey_majority,57.82000000000001,57.82000000000001,57.82000000000001,57.82000000000001,0.0,0.0,0.0,-1.7763568394002505e-15
353,equal_split_vickrey_faltings_fair,57.82000000000001,57.82000000000001,57.82000000000001,57.82000000000001,0.0,0.0,0.0,-1.7763568394002505e-15
353,equal_split_vickrey_guo_2019_asymptotic,57.82000000000001,57.82000000000001,57.82000000000001,29.073333333333363,0.0,28.746666666666645,0.0,-28.746666666666645
353,equal_split_vickrey_guo_2019_finite_n,57.82000000000001,57.82000000000001,57.82000000000001,45.70000000000002,0.0,12.11999999999999,0.0,-12.119999999999987
353,lp_demand_vickrey_raw_coarse_wtp,57.82000000000001,57.82000000000001,57.8199985545,57.8199985545,1.4455000041380117e-06,1.4455000041380117e-06,0.0,0.0
353,lp_demand_vickrey_raw_fine_wtp,57.82000000000001,57.82000000000001,57.82000000000001,57.82000000000001,0.0,0.0,0.0,-2.6645352591003757e-15
353,lp_integrated_supply_demand,57.82000000000001,57.82000000000001,54.31873224378619,54.31873224378619,3.501267756213821,3.501267756213821,0.0,0.0
354,equal_split_first_best,15.709999999999999,15.709999999999999,15.709999999999999,15.709999999999999,0.0,0.0,0.0,0.0
354,equal_split_vickrey_majority,15.709999999999999,15.709999999999999,15.709999999999999,15.709999999999997,0.0,1.7763568394002505e-15,0.0,-1.7763568394002505e-15
354,equal_split_vickrey_faltings_fair,15.709999999999999,15.709999999999999,15.709999999999999,15.709999999999999,0.0,0.0,0.0,0.0
354,equal_split_vickrey_guo_2019_asymptotic,15.709999999999999,15.709999999999999,15.709999999999999,-3.6766666666666747,0.0,19.386666666666674,0.0,-19.386666666666674
354,equal_split_vickrey_guo_2019_finite_n,15.709999999999999,15.709999999999999,15.709999999999999,13.074999999999996,0.0,2.6350000000000033,0.0,-2.6350000000000042
354,lp_demand_vickrey_raw_coarse_wtp,15.709999999999999,15.709999999999999,15.709999999999999,15.71,0.0,-1.7763568394002505e-15,0.0,2.6645352591003757e-15
354,lp_demand_vickrey_raw_fine_wtp,15.709999999999999,15.709999999999999,15.709999999999999,15.709999999999999,0.0,0.0,0.0,0.0
354,lp_integrated_supply_demand,15.709999999999999,15.709999999999999,13.144933555630944,13.144933555630944,2.565066444369055,2.565066444369055,0.0,0.0
355,equal_split_first_best,22.849999999999998,22.849999999999998,22.849999999999998,22.849999999999994,0.0,3.552713678800501e-15,0.0,-1.7763568394002505e-15
355,equal_split_vickrey_majority,22.849999999999998,22.849999999999998,22.849999999999998,22.849999999999994,0.0,3.552713678800501e-15,0.0,-1.7763568394002505e-15
355,equal_split_vickrey_faltings_fair,22.849999999999998,22.849999999999998,22.849999999999998,22.849999999999994,0.0,3.552713678800501e-15,0.0,-1.7763568394002505e-15
355,equal_split_vickrey_guo_2019_asymptotic,22.849999999999998,22.849999999999998,22.849999999999998,1.7433333333333323,0.0,21.106666666666666,0.0,-21.106666666666666
355,equal_split_vickrey_guo_2019_finite_n,22.849999999999998,22.849999999999998,22.849999999999998,16.305000000000003,0.0,6.544999999999995,0.0,-6.5449999999999955
355,lp_demand_vickrey_raw_coarse_wtp,22.849999999999998,22.849999999999998,22.849999047916665,22.84999904791666,9.520833330611822e-07,9.520833366138959e-07,0.0,-1.7763568394002505e-15
355,lp_demand_vickrey_raw_fine_wtp,22.849999999999998,22.849999999999998,22.849999999999998,22.849999999999994,0.0,3.552713678800501e-15,0.0,-1.7763568394002505e-15
355,lp_integrated_supply_demand,22.849999999999998,22.849999999999998,21.914875205966958,21.914875205966958,0.9351247940330403,0.9351247940330403,0.0,0.0
356,equal_split_first_best,20.96,20.96,20.96,20.96,0.0,0.0,0.0,0.0
356,equal_split_vickrey_majority,20.96,20.96,20.96,20.96,0.0,0.0,0.0,-1.7763568394002505e-15
356,equal_split_vickrey_faltings_fair,20.96,20.96,20.96,20.96,0.0,0.0,0.0,-1.7763568394002505e-15
356,equal_split_vickrey_guo_2019_asymptotic,20.96,20.96,20.96,-0.7333333333333449,0.0,21.693333333333346,0.0,-21.693333333333346
356,equal_split_vickrey_guo_2019_finite_n,20.96,20.96,20.96,18.51666666666665,0.0,2.4433333333333493,0.0,-2.4433333333333493
356,lp_demand_vickrey_raw_coarse_wtp,20.96,20.96,20.959998952,20.959998952,1.0480000014467805e-06,1.0480000014467805e-06,0.0,1.7763568394002505e-15
356,lp_demand_vickrey_raw_fine_wtp,20.96,20.96,20.96,20.96,0.0,0.0,0.0,-1.7763568394002505e-15
356,lp_integrated_supply_demand,20.96,20.96,19.271326448648384,19.271326448648384,1.6886735513516165,1.6886735513516165,0.0,0.0
357,equal_split_first_best,14.969999999999999,14.969999999999999,14.969999999999999,14.97,0.0,-1.7763568394002505e-15,0.0,1.7763568394002505e-15
357,equal_split_vickrey_majority,14.969999999999999,14.969999999999999,14.969999999999999,14.97,0.0,-1.7763568394002505e-15,0.0,1.7763568394002505e-15
357,equal_split_vickrey_faltings_fair,14.969999999999999,14.969999999999999,14.969999999999999,14.969999999999999,0.0,0.0,0.0,0.0
357,equal_split_vickrey_guo_2019_asymptotic,14.969999999999999,14.969999999999999,14.969999999999999,-9.423333333333336,0.0,24.393333333333334,0.0,-24.393333333333334
357,equal_split_vickrey_guo_2019_finite_n,14.969999999999999,14.969999999999999,14.969999999999999,14.151666666666662,0.0,0.8183333333333369,0.0,-0.8183333333333369
357,lp_demand_vickrey_raw_coarse_wtp,14.969999999999999,14.969999999999999,12.831426824928569,12.831426824928567,2.1385731750714303,2.138573175071432,0.0,-8.881784197001252e-16
357,lp_demand_vickrey_raw_fine_wtp,14.969999999999999,14.969999999999999,14.969999999999999,14.969999999999999,0.0,0.0,0.0,0.0
357,lp_integrated_supply_demand,14.969999999999999,14.969999999999999,9.242272865299698,9.242272865299698,5.7277271347003005,5.7277271347003005,0.0,0.0
358,equal_split_first_best,22.549999999999997,22.549999999999997,22.549999999999997,22.549999999999997,0.0,0.0,0.0,-1.7763568394002505e-15
358,equal_split_vickrey_majority,22.549999999999997,22.549999999999997,22.549999999999997,22.549999999999997,0.0,0.0,0.0,1.7763568394002505e-15
358,equal_split_vickrey_faltings_fair,22.549999999999997,22.549999999999997,22.549999999999997,22.549999999999997,0.0,0.0,0.0,1.7763568394002505e-15
358,equal_split_vickrey_guo_2019_asymptotic,22.549999999999997,22.549999999999997,22.549999999999997,2.0166666666666515,0.0,20.533333333333346,0.0,-20.533333333333346
358,equal_split_vickrey_guo_2019_finite_n,22.549999999999997,22.549999999999997,22.549999999999997,19.02999999999998,0.0,3.5200000000000173,0.0,-3.5200000000000156
358,lp_demand_vickrey_raw_coarse_wtp,22.549999999999997,22.549999999999997,22.549998872499998,22.549998872499998,1.1274999991428558e-06,1.1274999991428558e-06,0.0,-8.881784197001252e-16
358,lp_demand_vickrey_raw_fine_wtp,22.549999999999997,22.549999999999997,22.549999999999997,22.549999999999997,0.0,0.0,0.0,0.0
358,lp_integrated_supply_demand,22.549999999999997,22.549999999999997,21.42608004669488,21.42608004669488,1.1239199533051156,1.1239199533051156,0.0,0.0
359,equal_split_first_best,13.96,13.96,13.96,13.960000000000008,0.0,-7.105427357601002e-15,0.0,7.105427357601002e-15
359,equal_split_vickrey_majority,13.96,13.96,0.0,0.0,13.96,13.96,0.0,0.0
359,equal_split_vickrey_faltings_fair,13.96,13.96,9.306666666666667,9.30666666666667,4.653333333333334,4.653333333333331,0.0,3.552713678800501e-15
359,equal_split_vickrey_guo_2019_asymptotic,13.96,13.96,13.96,-80.1,0.0,94.06,0.0,-94.06
359,equal_split_vickrey_guo_2019_finite_n,13.96,13.96,13.96,8.673333333333336,0.0,5.286666666666665,0.0,-5.286666666666665
359,lp_demand_vickrey_raw_coarse_wtp,13.96,13.96,13.96,13.96,0.0,0.0,0.0,0.0
359,lp_demand_vickrey_raw_fine_wtp,13.96,13.96,13.96,13.960000000000008,0.0,-7.105427357601002e-15,0.0,7.105427357601002e-15
359,lp_integrated_supply_demand,13.96,13.96,3.2820530043731755,3.2820530043731755,10.677946995626826,10.677946995626826,0.0,0.0
360,equal_split_first_best,42.11,42.11,42.11,42.11,0.0,0.0,0.0,1.7763568394002505e-15
360,equal_split_vickrey_majority,42.11,42.11,42.11,42.11,0.0,0.0,0.0,0.0
360,equal_split_vickrey_faltings_fair,42.11,42.11,42.11,42.11,0.0,0.0,0.0,0.0
360,equal_split_vickrey_guo_2019_asymptotic,42.11,42.11,42.11,9.463333333333352,0.0,32.64666666666665,0.0,-32.64666666666665
360,equal_split_vickrey_guo_2019_finite_n,42.11,42.11,42.11,28.440000000000005,0.0,13.669999999999995,0.0,-13.669999999999995
360,lp_demand_vickrey_raw_coarse_wtp,42.11,42.11,42.11,42.11,0.0,0.0,0.0,0.0
360,lp_demand_vickrey_raw_fine_wtp,42.11,42.11,42.11,42.11,0.0,0.0,0.0,-1.7763568394002505e-15
360,lp_integrated_supply_demand,42.11,42.11,41.17543990351618,41.17543990351618,0.9345600964838212,0.9345600964838212,0.0,0.0
361,equal_split_first_best,26.130000000000003,26.130000000000003,26.130000000000003,26.130000000000003,0.0,0.0,0.0,0.0
361,equal_split_vickrey_majority,26.130000000000003,26.130000000000003,26.130000000000003,26.130000000000003,0.0,0.0,0.0,-1.7763568394002505e-15
361,equal_split_vickrey_faltings_fair,26.130000000000003,26.130000000000003,26.130000000000003,26.130000000000003,0.0,0.0,0.0,0.0
361,equal_split_vickrey_guo_2019_asymptotic,26.130000000000003,26.130000000000003,26.130000000000003,4.536666666666676,0.0,21.593333333333327,0.0,-21.593333333333327
361,equal_split_vickrey_guo_2019_finite_n,26.130000000000003,26.130000000000003,26.130000000000003,20.310000000000013,0.0,5.81999999999999,0.0,-5.8199999999999905
361,lp_demand_vickrey_raw_coarse_wtp,26.130000000000003,26.130000000000003,26.129999129,26.129999129,8.710000010125896e-07,8.710000010125896e-07,0.0,0.0
361,lp_demand_vickrey_raw_fine_wtp,26.130000000000003,26.130000000000003,26.130000000000003,26.130000000000003,0.0,0.0,0.0,-1.7763568394002505e-15
361,lp_integrated_supply_demand,26.130000000000003,26.130000000000003,22.409999106259995,22.409999106259995,3.720000893740007,3.720000893740007,0.0,0.0
362,equal_split_first_best,30.28,30.28,30.28,30.28,0.0,0.0,0.0,8.881784197001252e-16
362,equal_split_vickrey_majority,30.28,30.28,30.28,30.28,0.0,0.0,0.0,8.881784197001252e-16
362,equal_split_vickrey_faltings_fair,30.28,30.28,30.28,30.28,0.0,0.0,0.0,0.0
362,equal_split_vickrey_guo_2019_asymptotic,30.28,30.28,30.28,10.27333333333334,0.0,20.00666666666666,0.0,-20.00666666666666
362,equal_split_vickrey_guo_2019_finite_n,30.28,30.28,30.28,22.275,0.0,8.005000000000003,0.0,-8.005
362,lp_demand_vickrey_raw_coarse_wtp,30.28,30.28,30.27999936916667,30.27999936916667,6.308333304616554e-07,6.308333304616554e-07,0.0,8.881784197001252e-16
362,lp_demand_vickrey_raw_fine_wtp,30.28,30.28,30.28,30.28,0.0,0.0,0.0,-1.7763568394002505e-15
362,lp_integrated_supply_demand,30.28,30.28,28.863740415033732,28.863740415033732,1.4162595849662694,1.4162595849662694,0.0,0.0
363,equal_split_first_best,18.739999999999995,18.739999999999995,18.739999999999995,18.739999999999995,0.0,0.0,0.0,-8.881784197001252e-16
363,equal_split_vickrey_majority,18.739999999999995,18.739999999999995,18.739999999999995,18.739999999999995,0.0,0.0,0.0,-1.7763568394002505e-15
363,equal_split_vickrey_faltings_fair,18.739999999999995,18.739999999999995,18.739999999999995,18.739999999999995,0.0,0.0,0.0,-1.7763568394002505e-15
363,equal_split_vickrey_guo_2019_asymptotic,18.739999999999995,18.739999999999995,18.739999999999995,-1.5866666666666802,0.0,20.326666666666675,0.0,-20.326666666666675
363,equal_split_vickrey_guo_2019_finite_n,18.739999999999995,18.739999999999995,18.739999999999995,15.236666666666654,0.0,3.503333333333341,0.0,-3.50333333333334
363,lp_demand_vickrey_raw_coarse_wtp,18.739999999999995,18.739999999999995,18.739999062999996,18.739999062999996,9.369999993680267e-07,9.369999993680267e-07,0.0,0.0
363,lp_demand_vickrey_raw_fine_wtp,18.739999999999995,18.739999999999995,18.739999999999995,18.739999999999995,0.0,0.0,0.0,-1.7763568394002505e-15
363,lp_integrated_supply_demand,18.739999999999995,18.739999999999995,15.320092929567721,15.320092929567721,3.4199070704322736,3.4199070704322736,0.0,0.0
364,equal_split_first_best,20.759999999999998,20.759999999999998,20.759999999999998,20.759999999999998,0.0,0.0,0.0,8.881784197001252e-16
364,equal_split_vickrey_majority,20.759999999999998,20.759999999999998,20.759999999999998,20.759999999999998,0.0,0.0,0.0,0.0
364,equal_split_vickrey_faltings_fair,20.759999999999998,20.759999999999998,20.759999999999998,20.759999999999998,0.0,0.0,0.0,0.0
364,equal_split_vickrey_guo_2019_asymptotic,20.759999999999998,20.759999999999998,20.759999999999998,0.4200000000000017,0.0,20.339999999999996,0.0,-20.339999999999996
364,equal_split_vickrey_guo_2019_finite_n,20.759999999999998,20.759999999999998,20.759999999999998,16.54500000000001,0.0,4.214999999999989,0.0,-4.214999999999989
364,lp_demand_vickrey_raw_coarse_wtp,20.759999999999998,20.759999999999998,20.759998961999997,20.759998961999997,1.0380000006193768e-06,1.0380000006193768e-06,0.0,0.0
364,lp_demand_vickrey_raw_fine_wtp,20.759999999999998,20.759999999999998,20.759999999999998,20.759999999999998,0.0,0.0,0.0,0.0
364,lp_integrated_supply_demand,20.759999999999998,20.759999999999998,17.557693607580127,17.557693607580127,3.202306392419871,3.202306392419871,0.0,0.0
365,equal_split_first_best,10.41,10.41,10.41,10.41,0.0,0.0,0.0,-8.881784197001252e-16
365,equal_split_vickrey_majority,10.41,10.41,10.41,10.41,0.0,0.0,0.0,0.0
365,equal_split_vickrey_faltings_fair,10.41,10.41,10.41,10.41,0.0,0.0,0.0,0.0
365,equal_split_vickrey_guo_2019_asymptotic,10.41,10.41,10.41,0.24333333333333584,0.0,10.166666666666664,0.0,-10.166666666666664
365,equal_split_vickrey_guo_2019_finite_n,10.41,10.41,10.41,7.335000000000003,0.0,3.0749999999999975,0.0,-3.0749999999999975
365,lp_demand_vickrey_raw_coarse_wtp,10.41,10.41,10.4099994795,10.4099994795,5.20500000433799e-07,5.20500000433799e-07,0.0,0.0
365,lp_demand_vickrey_raw_fine_wtp,10.41,10.41,10.409999653,10.409999653,3.470000002891993e-07,3.470000002891993e-07,0.0,8.881784197001252e-16
365,lp_integrated_supply_demand,10.41,10.41,10.252006960721152,10.252006960721152,0.157993039278848,0.157993039278848,0.0,0.0
366,equal_split_first_best,10.07,10.07,10.07,10.07,0.0,0.0,0.0,0.0
366,equal_split_vickrey_majority,10.07,10.07,10.07,10.07,0.0,0.0,0.0,-4.440892098500626e-16
366,equal_split_vickrey_faltings_fair,10.07,10.07,10.07,10.07,0.0,0.0,0.0,-4.440892098500626e-16
366,equal_split_vickrey_guo_2019_asymptotic,10.07,10.07,10.07,3.169999999999998,0.0,6.900000000000002,0.0,-6.900000000000002
366,equal_split_vickrey_guo_2019_finite_n,10.07,10.07,10.07,6.619999999999997,0.0,3.450000000000003,0.0,-3.450000000000003
366,lp_demand_vickrey_raw_coarse_wtp,10.07,10.07,0.0,0.0,10.07,10.07,0.0,0.0
366,lp_demand_vickrey_raw_fine_wtp,10.07,10.07,10.069999779101474,10.069999779101474,2.2089852613760286e-07,2.2089852613760286e-07,0.0,-6.661338147750939e-16
366,lp_integrated_supply_demand,10.07,10.07,4.835435871071079,4.835435871071079,5.2345641289289215,5.2345641289289215,0.0,0.0
367,equal_split_first_best,15.82,15.82,15.82,15.82,0.0,0.0,0.0,0.0
367,equal_split_vickrey_majority,15.82,15.82,15.82,15.82,0.0,0.0,0.0,-8.881784197001252e-16
367,equal_split_vickrey_faltings_fair,15.82,15.82,15.82,15.82,0.0,0.0,0.0,-8.881784197001252e-16
367,equal_split_vickrey_guo_2019_asymptotic,15.82,15.82,15.82,-1.9066666666666663,0.0,17.726666666666667,0.0,-17.726666666666667
367,equal_split_vickrey_guo_2019_finite_n,15.82,15.82,15.82,11.315,0.0,4.505000000000001,0.0,-4.505000000000001
367,lp_demand_vickrey_raw_coarse_wtp,15.82,15.82,15.819999340833334,15.819999340833334,6.591666661392992e-07,6.591666661392992e-07,0.0,0.0
367,lp_demand_vickrey_raw_fine_wtp,15.82,15.82,15.82,15.82,0.0,0.0,0.0,0.0
367,lp_integrated_supply_demand,15.82,15.82,12.605127204266408,12.605127204266408,3.2148727957335925,3.2148727957335925,0.0,0.0
368,equal_split_first_best,86.54,86.54,86.54,86.54,0.0,0.0,0.0,0.0
368,equal_split_vickrey_majority,86.54,86.54,86.54,86.54,0.0,0.0,0.0,1.7763568394002505e-15
368,equal_split_vickrey_faltings_fair,86.54,86.54,86.54,86.54,0.0,0.0,0.0,0.0
368,equal_split_vickrey_guo_2019_asymptotic,86.54,86.54,86.54,43.90666666666668,0.0,42.633333333333326,0.0,-42.633333333333326
368,equal_split_vickrey_guo_2019_finite_n,86.54,86.54,86.54,65.23000000000002,0.0,21.309999999999988,0.0,-21.309999999999985
368,lp_demand_vickrey_raw_coarse_wtp,86.54,86.54,86.54,86.54,0.0,0.0,0.0,1.7763568394002505e-15
368,lp_demand_vickrey_raw_fine_wtp,86.54,86.54,86.54,86.54,0.0,0.0,0.0,1.7763568394002505e-15
368,lp_integrated_supply_demand,86.54,86.54,81.0722254171793,81.0722254171793,5.467774582820709,5.467774582820709,0.0,-2.7755575615628914e-17
369,equal_split_first_best,8.21,8.21,8.21,8.21,0.0,0.0,0.0,0.0
369,equal_split_vickrey_majority,8.21,8.21,8.21,8.21,0.0,0.0,0.0,8.881784197001252e-16
369,equal_split_vickrey_faltings_fair,8.21,8.21,8.21,8.21,0.0,0.0,0.0,8.881784197001252e-16
369,equal_split_vickrey_guo_2019_asymptotic,8.21,8.21,8.21,-2.9699999999999935,0.0,11.179999999999994,0.0,-11.179999999999994
369,equal_split_vickrey_guo_2019_finite_n,8.21,8.21,8.21,7.188333333333341,0.0,1.0216666666666603,0.0,-1.0216666666666603
369,lp_demand_vickrey_raw_coarse_wtp,8.21,8.21,8.2099995895,8.2099995895,4.1050000021414235e-07,4.1050000021414235e-07,0.0,-4.440892098500626e-16
369,lp_demand_vickrey_raw_fine_wtp,8.21,8.21,8.209999703428855,8.209999703428856,2.965711463076559e-07,2.9657114453129907e-07,0.0,8.881784197001252e-16
369,lp_integrated_supply_demand,8.21,8.21,8.12202635951289,8.12202635951289,0.08797364048711032,0.08797364048711032,0.0,0.0
370,equal_split_first_best,96.33,96.33,96.33,96.33,0.0,0.0,0.0,0.0
370,equal_split_vickrey_majority,96.33,96.33,96.33,96.33,0.0,0.0,0.0,-1.7763568394002505e-15
370,equal_split_vickrey_faltings_fair,96.33,96.33,96.33,96.33,0.0,0.0,0.0,-1.7763568394002505e-15
370,equal_split_vickrey_guo_2019_asymptotic,96.33,96.33,96.33,62.89000000000003,0.0,33.43999999999997,0.0,-33.43999999999997
370,equal_split_vickrey_guo_2019_finite_n,96.33,96.33,96.33,79.61000000000001,0.0,16.719999999999985,0.0,-16.719999999999988
370,lp_demand_vickrey_raw_coarse_wtp,96.33,96.33,96.33,96.33,0.0,0.0,0.0,8.881784197001252e-16
370,lp_demand_vickrey_raw_fine_wtp,96.33,96.33,96.33,96.33,0.0,0.0,0.0,0.0
370,lp_integrated_supply_demand,96.33,96.33,93.07231147359668,93.07231147359668,3.2576885264033137,3.2576885264033137,0.0,0.0
371,equal_split_first_best,37.4,37.4,37.4,37.4,0.0,0.0,0.0,-1.7763568394002505e-15
371,equal_split_vickrey_majority,37.4,37.4,37.4,37.4,0.0,0.0,0.0,1.7763568394002505e-15
371,equal_split_vickrey_faltings_fair,37.4,37.4,37.4,37.4,0.0,0.0,0.0,1.7763568394002505e-15
371,equal_split_vickrey_guo_2019_asymptotic,37.4,37.4,37.4,11.060000000000002,0.0,26.339999999999996,0.0,-26.339999999999996
371,equal_split_vickrey_guo_2019_finite_n,37.4,37.4,37.4,26.170000000000005,0.0,11.229999999999993,0.0,-11.229999999999993
371,lp_demand_vickrey_raw_coarse_wtp,37.4,37.4,37.399999064999996,37.399999064999996,9.350000027552596e-07,9.350000027552596e-07,0.0,1.7763568394002505e-15
371,lp_demand_vickrey_raw_fine_wtp,37.4,37.4,37.4,37.4,0.0,0.0,0.0,0.0
371,lp_integrated_supply_demand,37.4,37.4,36.749398432808235,36.749398432808235,0.6506015671917638,0.6506015671917638,0.0,0.0
372,equal_split_first_best,104.18,104.18,104.18,104.18,0.0,0.0,0.0,0.0
372,equal_split_vickrey_majority,104.18,104.18,104.18,104.18,0.0,0.0,0.0,-1.7763568394002505e-15
372,equal_split_vickrey_faltings_fair,104.18,104.18,104.18,104.18,0.0,0.0,0.0,-1.7763568394002505e-15
372,equal_split_vickrey_guo_2019_asymptotic,104.18,104.18,104.18,62.96000000000002,0.0,41.219999999999985,0.0,-41.219999999999985
372,equal_split_vickrey_guo_2019_finite_n,104.18,104.18,104.18,83.57000000000002,0.0,20.609999999999985,0.0,-20.60999999999998
372,lp_demand_vickrey_raw_coarse_wtp,104.18,104.18,104.18,104.18,0.0,0.0,0.0,8.881784197001252e-16
372,lp_demand_vickrey_raw_fine_wtp,104.18,104.18,104.18,104.18,0.0,0.0,0.0,-8.881784197001252e-16
372,lp_integrated_supply_demand,104.18,104.18,98.33683951620083,98.33683951620083,5.843160483799181,5.843160483799181,0.0,0.0
373,equal_split_first_best,0.0,0.0,0.0,0.0,0.0,0.0,0.0,0.0
373,equal_split_vickrey_majority,0.0,0.0,0.0,0.0,0.0,0.0,0.0,0.0
373,equal_split_vickrey_faltings_fair,0.0,0.0,0.0,0.0,0.0,0.0,0.0,0.0
373,equal_split_vickrey_guo_2019_asymptotic,0.0,0.0,0.0,-117.94,0.0,117.94,0.0,-117.94
373,equal_split_vickrey_guo_2019_finite_n,0.0,0.0,0.0,0.0,0.0,0.0,0.0,0.0
373,lp_demand_vickrey_raw_coarse_wtp,0.0,0.0,-0.21999999999999886,-0.21999999999999886,0.21999999999999886,0.21999999999999886,0.0,0.0
373,lp_demand_vickrey_raw_fine_wtp,0.0,0.0,-0.21999999999999886,-0.21999999999999886,0.21999999999999886,0.21999999999999886,0.0,0.0
373,lp_integrated_supply_demand,0.0,0.0,-8.215524842577663,-8.215524842577663,8.215524842577663,8.215524842577663,0.0,0.0
374,equal_split_first_best,51.39,51.39,51.39,51.39,0.0,0.0,0.0,8.881784197001252e-16
374,equal_split_vickrey_majority,51.39,51.39,51.39,51.39,0.0,0.0,0.0,-1.7763568394002505e-15
374,equal_split_vickrey_faltings_fair,51.39,51.39,51.39,51.39,0.0,0.0,0.0,0.0
374,equal_split_vickrey_guo_2019_asymptotic,51.39,51.39,51.39,18.89666666666666,0.0,32.49333333333334,0.0,-32.49333333333334
374,equal_split_vickrey_guo_2019_finite_n,51.39,51.39,51.39,37.099999999999994,0.0,14.290000000000006,0.0,-14.290000000000003
374,lp_demand_vickrey_raw_coarse_wtp,51.39,51.39,51.39,51.39,0.0,0.0,0.0,1.7763568394002505e-15
374,lp_demand_vickrey_raw_fine_wtp,51.39,51.39,51.39,51.39,0.0,0.0,0.0,0.0
374,lp_integrated_supply_demand,51.39,51.39,45.93633670569454,45.93633670569454,5.453663294305457,5.453663294305457,0.0,0.0
375,equal_split_first_best,86.64,86.64,86.64,86.64,0.0,0.0,0.0,-1.7763568394002505e-15
375,equal_split_vickrey_majority,86.64,86.64,86.64,86.64,0.0,0.0,0.0,1.7763568394002505e-15
375,equal_split_vickrey_faltings_fair,86.64,86.64,86.64,86.64,0.0,0.0,0.0,1.7763568394002505e-15
375,equal_split_vickrey_guo_2019_asymptotic,86.64,86.64,86.64,55.379999999999995,0.0,31.260000000000005,0.0,-31.260000000000005
375,equal_split_vickrey_guo_2019_finite_n,86.64,86.64,86.64,71.01,0.0,15.629999999999995,0.0,-15.62999999999999
375,lp_demand_vickrey_raw_coarse_wtp,86.64,86.64,86.63999855599975,86.63999855599975,1.4440002473747882e-06,1.4440002473747882e-06,0.0,-8.881784197001252e-16
375,lp_demand_vickrey_raw_fine_wtp,86.64,86.64,86.64,86.64,0.0,0.0,0.0,1.7763568394002505e-15
375,lp_integrated_supply_demand,86.64,86.64,86.25432399202452,86.25432399202452,0.3856760079754764,0.3856760079754764,0.0,-2.7755575615628914e-17
376,equal_split_first_best,86.2,86.2,86.2,86.2,0.0,0.0,0.0,8.881784197001252e-16
376,equal_split_vickrey_majority,86.2,86.2,86.2,86.2,0.0,0.0,0.0,0.0
376,equal_split_vickrey_faltings_fair,86.2,86.2,86.2,86.2,0.0,0.0,0.0,0.0
376,equal_split_vickrey_guo_2019_asymptotic,86.2,86.2,86.2,54.3,0.0,31.900000000000006,0.0,-31.900000000000006
376,equal_split_vickrey_guo_2019_finite_n,86.2,86.2,86.2,70.24999999999996,0.0,15.950000000000045,0.0,-15.950000000000045
376,lp_demand_vickrey_raw_coarse_wtp,86.2,86.2,86.1999987685714,86.1999987685714,1.2314285982029105e-06,1.2314285982029105e-06,0.0,0.0
376,lp_demand_vickrey_raw_fine_wtp,86.2,86.2,86.2,86.2,0.0,0.0,0.0,0.0
376,lp_integrated_supply_demand,86.2,86.2,80.83290753203923,80.83290753203923,5.367092467960774,5.367092467960774,0.0,0.0
377,equal_split_first_best,83.71,83.71,83.71,83.71,0.0,0.0,0.0,1.7763568394002505e-15
377,equal_split_vickrey_majority,83.71,83.71,83.71,83.71,0.0,0.0,0.0,-1.7763568394002505e-15
377,equal_split_vickrey_faltings_fair,83.71,83.71,83.71,83.71,0.0,0.0,0.0,-1.7763568394002505e-15
377,equal_split_vickrey_guo_2019_asymptotic,83.71,83.71,83.71,44.41,0.0,39.3,0.0,-39.3
377,equal_split_vickrey_guo_2019_finite_n,83.71,83.71,83.71,64.05999999999997,0.0,19.65000000000002,0.0,-19.650000000000016
377,lp_demand_vickrey_raw_coarse_wtp,83.71,83.71,83.71,83.71,0.0,0.0,0.0,0.0
377,lp_demand_vickrey_raw_fine_wtp,83.71,83.71,83.71,83.71,0.0,0.0,0.0,0.0
377,lp_integrated_supply_demand,83.71,83.71,80.0812888833151,80.0812888833151,3.6287111166848973,3.6287111166848973,0.0,-2.7755575615628914e-17
378,equal_split_first_best,107.75,107.75,107.75,107.75,0.0,0.0,0.0,1.7763568394002505e-15
378,equal_split_vickrey_majority,107.75,107.75,107.75,107.75,0.0,0.0,0.0,0.0
378,equal_split_vickrey_faltings_fair,107.75,107.75,107.75,107.75,0.0,0.0,0.0,0.0
378,equal_split_vickrey_guo_2019_asymptotic,107.75,107.75,107.75,78.97,0.0,28.78,0.0,-28.78000000000001
378,equal_split_vickrey_guo_2019_finite_n,107.75,107.75,107.75,93.36,0.0,14.39,0.0,-14.39
378,lp_demand_vickrey_raw_coarse_wtp,107.75,107.75,107.74999820416635,107.74999820416635,1.795833654227863e-06,1.795833654227863e-06,0.0,-8.881784197001252e-16
378,lp_demand_vickrey_raw_fine_wtp,107.75,107.75,107.75,107.75,0.0,0.0,0.0,0.0
378,lp_integrated_supply_demand,107.75,107.75,107.37233318304716,107.37233318304716,0.3776668169528392,0.3776668169528392,0.0,0.0
379,equal_split_first_best,46.16,46.16,46.16,46.16,0.0,0.0,0.0,-8.881784197001252e-16
379,equal_split_vickrey_majority,46.16,46.16,46.16,46.16,0.0,0.0,0.0,0.0
379,equal_split_vickrey_faltings_fair,46.16,46.16,46.16,46.16,0.0,0.0,0.0,0.0
379,equal_split_vickrey_guo_2019_asymptotic,46.16,46.16,46.16,23.379999999999992,0.0,22.780000000000005,0.0,-22.780000000000005
379,equal_split_vickrey_guo_2019_finite_n,46.16,46.16,46.16,34.769999999999996,0.0,11.39,0.0,-11.390000000000004
379,lp_demand_vickrey_raw_coarse_wtp,46.16,46.16,46.15999903833333,46.15999903833333,9.616666645229088e-07,9.616666645229088e-07,0.0,8.881784197001252e-16
379,lp_demand_vickrey_raw_fine_wtp,46.16,46.16,46.16,46.16,0.0,0.0,0.0,-1.7763568394002505e-15
379,lp_integrated_supply_demand,46.16,46.16,41.57600566517438,41.57600566517438,4.5839943348256185,4.5839943348256185,0.0,0.0
380,equal_split_first_best,29.8,29.8,29.8,29.8,0.0,0.0,0.0,0.0
380,equal_split_vickrey_majority,29.8,29.8,29.8,29.8,0.0,0.0,0.0,-8.881784197001252e-16
380,equal_split_vickrey_faltings_fair,29.8,29.8,29.8,29.8,0.0,0.0,0.0,0.0
380,equal_split_vickrey_guo_2019_asymptotic,29.8,29.8,29.8,7.466666666666672,0.0,22.33333333333333,0.0,-22.33333333333333
380,equal_split_vickrey_guo_2019_finite_n,29.8,29.8,29.8,19.194999999999993,0.0,10.605000000000008,0.0,-10.605000000000006
380,lp_demand_vickrey_raw_coarse_wtp,29.8,29.8,29.799999172222225,29.799999172222225,8.277777752141446e-07,8.277777752141446e-07,0.0,0.0
380,lp_demand_vickrey_raw_fine_wtp,29.8,29.8,29.8,29.8,0.0,0.0,0.0,-8.881784197001252e-16
380,lp_integrated_supply_demand,29.8,29.8,28.056665547730233,28.056665547730233,1.7433344522697674,1.7433344522697674,0.0,0.0
381,equal_split_first_best,27.68,27.68,27.68,27.68,0.0,0.0,0.0,-8.881784197001252e-16
381,equal_split_vickrey_majority,27.68,27.68,27.68,27.68,0.0,0.0,0.0,8.881784197001252e-16
381,equal_split_vickrey_faltings_fair,27.68,27.68,27.68,27.68,0.0,0.0,0.0,0.0
381,equal_split_vickrey_guo_2019_asymptotic,27.68,27.68,27.68,8.806666666666665,0.0,18.873333333333335,0.0,-18.873333333333335
381,equal_split_vickrey_guo_2019_finite_n,27.68,27.68,27.68,19.889999999999993,0.0,7.790000000000006,0.0,-7.790000000000008
381,lp_demand_vickrey_raw_coarse_wtp,27.68,27.68,27.67999938488889,27.67999938488889,6.151111087149275e-07,6.151111087149275e-07,0.0,-4.440892098500626e-16
381,lp_demand_vickrey_raw_fine_wtp,27.68,27.68,27.68,27.68,0.0,0.0,0.0,8.881784197001252e-16
381,lp_integrated_supply_demand,27.68,27.68,27.555454951772642,27.555454951772642,0.12454504822735757,0.12454504822735757,0.0,0.0
382,equal_split_first_best,8.69,8.69,8.69,8.690000000000001,0.0,-1.7763568394002505e-15,0.0,8.881784197001252e-16
382,equal_split_vickrey_majority,8.69,8.69,8.69,8.690000000000001,0.0,-1.7763568394002505e-15,0.0,8.881784197001252e-16
382,equal_split_vickrey_faltings_fair,8.69,8.69,8.69,8.690000000000001,0.0,-1.7763568394002505e-15,0.0,1.7763568394002505e-15
382,equal_split_vickrey_guo_2019_asymptotic,8.69,8.69,8.69,-5.176666666666666,0.0,13.866666666666665,0.0,-13.866666666666665
382,equal_split_vickrey_guo_2019_finite_n,8.69,8.69,8.69,8.33,0.0,0.35999999999999943,0.0,-0.35999999999999943
382,lp_demand_vickrey_raw_coarse_wtp,8.69,8.69,8.689999420666666,8.689999420666666,5.793333333059536e-07,5.793333333059536e-07,0.0,0.0
382,lp_demand_vickrey_raw_fine_wtp,8.69,8.69,6.517498841333333,6.517498841333333,2.172501158666667,2.172501158666667,0.0,-1.1102230246251565e-16
382,lp_integrated_supply_demand,8.69,8.69,8.59051562361257,8.59051562361257,0.09948437638743002,0.09948437638743002,0.0,0.0
383,equal_split_first_best,22.619999999999997,22.619999999999997,22.619999999999997,22.619999999999997,0.0,0.0,0.0,1.7763568394002505e-15
383,equal_split_vickrey_majority,22.619999999999997,22.619999999999997,22.619999999999997,22.619999999999997,0.0,0.0,0.0,1.7763568394002505e-15
383,equal_split_vickrey_faltings_fair,22.619999999999997,22.619999999999997,22.619999999999997,22.62,0.0,-3.552713678800501e-15,0.0,3.552713678800501e-15
383,equal_split_vickrey_guo_2019_asymptotic,22.619999999999997,22.619999999999997,22.619999999999997,2.3266666666666715,0.0,20.293333333333326,0.0,-20.293333333333326
383,equal_split_vickrey_guo_2019_finite_n,22.619999999999997,22.619999999999997,22.619999999999997,16.560000000000002,0.0,6.059999999999995,0.0,-6.059999999999994
383,lp_demand_vickrey_raw_coarse_wtp,22.619999999999997,22.619999999999997,22.619999371666665,22.619999371666665,6.283333320311613e-07,6.283333320311613e-07,0.0,0.0
383,lp_demand_vickrey_raw_fine_wtp,22.619999999999997,22.619999999999997,22.619999999999997,22.619999999999994,0.0,3.552713678800501e-15,0.0,-2.6645352591003757e-15
383,lp_integrated_supply_demand,22.619999999999997,22.619999999999997,20.80666583686968,20.80666583686968,1.8133341631303175,1.8133341631303175,0.0,0.0
384,equal_split_first_best,53.91000000000001,53.91000000000001,53.91000000000001,53.91000000000001,0.0,0.0,0.0,1.7763568394002505e-15
384,equal_split_vickrey_majority,53.91000000000001,53.91000000000001,53.91000000000001,53.91000000000001,0.0,0.0,0.0,1.7763568394002505e-15
384,equal_split_vickrey_faltings_fair,53.91000000000001,53.91000000000001,53.91000000000001,53.91000000000001,0.0,0.0,0.0,3.552713678800501e-15
384,equal_split_vickrey_guo_2019_asymptotic,53.91000000000001,53.91000000000001,53.91000000000001,20.496666666666698,0.0,33.41333333333331,0.0,-33.41333333333331
384,equal_split_vickrey_guo_2019_finite_n,53.91000000000001,53.91000000000001,53.91000000000001,41.270000000000024,0.0,12.639999999999986,0.0,-12.63999999999999
384,lp_demand_vickrey_raw_coarse_wtp,53.91000000000001,53.91000000000001,53.91000000000001,53.91000000000001,0.0,0.0,0.0,-8.881784197001252e-16
384,lp_demand_vickrey_raw_fine_wtp,53.91000000000001,53.91000000000001,53.91000000000001,53.91000000000001,0.0,0.0,0.0,0.0
384,lp_integrated_supply_demand,53.91000000000001,53.91000000000001,48.20819211354588,48.20819211354588,5.701807886454134,5.701807886454134,0.0,0.0
385,equal_split_first_best,58.25,58.25,58.25,58.25,0.0,0.0,0.0,-1.7763568394002505e-15
385,equal_split_vickrey_majority,58.25,58.25,58.25,58.25,0.0,0.0,0.0,-1.7763568394002505e-15
385,equal_split_vickrey_faltings_fair,58.25,58.25,58.25,58.25,0.0,0.0,0.0,-1.7763568394002505e-15
385,equal_split_vickrey_guo_2019_asymptotic,58.25,58.25,58.25,29.65666666666666,0.0,28.59333333333334,0.0,-28.59333333333334
385,equal_split_vickrey_guo_2019_finite_n,58.25,58.25,58.25,44.074999999999996,0.0,14.175000000000004,0.0,-14.175000000000002
385,lp_demand_vickrey_raw_coarse_wtp,58.25,58.25,58.249998835,58.249998835,1.1650000004692629e-06,1.1650000004692629e-06,0.0,-8.881784197001252e-16
385,lp_demand_vickrey_raw_fine_wtp,58.25,58.25,58.25,58.25,0.0,0.0,0.0,-8.881784197001252e-16
385,lp_integrated_supply_demand,58.25,58.25,56.03907754173827,56.03907754173827,2.2109224582617273,2.2109224582617273,0.0,0.0
386,equal_split_first_best,45.26,45.26,45.26,45.26,0.0,0.0,0.0,0.0
386,equal_split_vickrey_majority,45.26,45.26,45.26,45.26,0.0,0.0,0.0,0.0
386,equal_split_vickrey_faltings_fair,45.26,45.26,45.26,45.26,0.0,0.0,0.0,0.0
386,equal_split_vickrey_guo_2019_asymptotic,45.26,45.26,45.26,16.33999999999999,0.0,28.92000000000001,0.0,-28.92000000000001
386,equal_split_vickrey_guo_2019_finite_n,45.26,45.26,45.26,30.799999999999983,0.0,14.460000000000015,0.0,-14.460000000000015
386,lp_demand_vickrey_raw_coarse_wtp,45.26,45.26,45.25999886849999,45.25999886849999,1.1315000065792447e-06,1.1315000065792447e-06,0.0,-1.7763568394002505e-15
386,lp_demand_vickrey_raw_fine_wtp,45.26,45.26,45.26,45.26,0.0,0.0,0.0,0.0
386,lp_integrated_supply_demand,45.26,45.26,44.36376330037906,44.36376330037906,0.8962366996209354,0.8962366996209354,0.0,0.0
387,equal_split_first_best,29.689999999999998,29.689999999999998,29.689999999999998,29.689999999999998,0.0,0.0,0.0,-8.881784197001252e-16
387,equal_split_vickrey_majority,29.689999999999998,29.689999999999998,29.689999999999998,29.689999999999998,0.0,0.0,0.0,8.881784197001252e-16
387,equal_split_vickrey_faltings_fair,29.689999999999998,29.689999999999998,29.689999999999998,29.689999999999998,0.0,0.0,0.0,1.7763568394002505e-15
387,equal_split_vickrey_guo_2019_asymptotic,29.689999999999998,29.689999999999998,29.689999999999998,8.309999999999995,0.0,21.380000000000003,0.0,-21.380000000000003
387,equal_split_vickrey_guo_2019_finite_n,29.689999999999998,29.689999999999998,29.689999999999998,21.059999999999988,0.0,8.63000000000001,0.0,-8.630000000000008
387,lp_demand_vickrey_raw_coarse_wtp,29.689999999999998,29.689999999999998,29.689999175277777,29.689999175277777,8.247222211821281e-07,8.247222211821281e-07,0.0,-8.881784197001252e-16
387,lp_demand_vickrey_raw_fine_wtp,29.689999999999998,29.689999999999998,29.689999999999998,29.689999999999998,0.0,0.0,0.0,-8.881784197001252e-16
387,lp_integrated_supply_demand,29.689999999999998,29.689999999999998,27.13666558442103,27.13666558442103,2.5533344155789663,2.5533344155789663,0.0,0.0
388,equal_split_first_best,47.5,47.5,47.5,47.5,0.0,0.0,0.0,0.0
388,equal_split_vickrey_majority,47.5,47.5,47.5,47.5,0.0,0.0,0.0,0.0
388,equal_split_vickrey_faltings_fair,47.5,47.5,47.5,47.5,0.0,0.0,0.0,0.0
388,equal_split_vickrey_guo_2019_asymptotic,47.5,47.5,47.5,13.373333333333328,0.0,34.12666666666667,0.0,-34.12666666666667
388,equal_split_vickrey_guo_2019_finite_n,47.5,47.5,47.5,30.82999999999999,0.0,16.67000000000001,0.0,-16.67000000000001
388,lp_demand_vickrey_raw_coarse_wtp,47.5,47.5,47.5,47.5,0.0,0.0,0.0,0.0
388,lp_demand_vickrey_raw_fine_wtp,47.5,47.5,47.5,47.5,0.0,0.0,0.0,-1.7763568394002505e-15
388,lp_integrated_supply_demand,47.5,47.5,43.22502158831079,43.22502158831079,4.2749784116892116,4.2749784116892116,0.0,0.0
389,equal_split_first_best,17.169999999999998,17.169999999999998,17.169999999999998,17.169999999999998,0.0,0.0,0.0,0.0
389,equal_split_vickrey_majority,17.169999999999998,17.169999999999998,17.169999999999998,17.17,0.0,-3.552713678800501e-15,0.0,1.7763568394002505e-15
389,equal_split_vickrey_faltings_fair,17.169999999999998,17.169999999999998,17.169999999999998,17.17,0.0,-3.552713678800501e-15,0.0,3.552713678800501e-15
389,equal_split_vickrey_guo_2019_asymptotic,17.169999999999998,17.169999999999998,17.169999999999998,-5.669999999999991,0.0,22.83999999999999,0.0,-22.83999999999999
389,equal_split_vickrey_guo_2019_finite_n,17.169999999999998,17.169999999999998,17.169999999999998,15.439999999999994,0.0,1.730000000000004,0.0,-1.730000000000004
389,lp_demand_vickrey_raw_coarse_wtp,17.169999999999998,17.169999999999998,17.169999999999998,17.169999999999998,0.0,0.0,0.0,8.881784197001252e-16
389,lp_demand_vickrey_raw_fine_wtp,17.169999999999998,17.169999999999998,17.169999999999998,17.169999999999998,0.0,0.0,0.0,0.0
389,lp_integrated_supply_demand,17.169999999999998,17.169999999999998,13.473332795999239,13.473332795999239,3.696667204000759,3.696667204000759,0.0,0.0
390,equal_split_first_best,9.39,9.39,9.39,9.39,0.0,0.0,0.0,0.0
390,equal_split_vickrey_majority,9.39,9.39,9.39,9.39,0.0,0.0,0.0,-8.881784197001252e-16
390,equal_split_vickrey_faltings_fair,9.39,9.39,9.39,9.39,0.0,0.0,0.0,-8.881784197001252e-16
390,equal_split_vickrey_guo_2019_asymptotic,9.39,9.39,9.39,-0.5366666666666688,0.0,9.92666666666667,0.0,-9.92666666666667
390,equal_split_vickrey_guo_2019_finite_n,9.39,9.39,9.39,6.065000000000001,0.0,3.3249999999999993,0.0,-3.3249999999999997
390,lp_demand_vickrey_raw_coarse_wtp,9.39,9.39,0.0,0.0,9.39,9.39,0.0,0.0
390,lp_demand_vickrey_raw_fine_wtp,9.39,9.39,9.38999981633176,9.38999981633176,1.8366823972826296e-07,1.8366823972826296e-07,0.0,4.440892098500626e-16
390,lp_integrated_supply_demand,9.39,9.39,4.600495671959768,4.600495671959768,4.789504328040232,4.789504328040232,0.0,0.0
391,equal_split_first_best,22.46,22.46,22.46,22.46,0.0,0.0,0.0,-8.881784197001252e-16
391,equal_split_vickrey_majority,22.46,22.46,22.46,22.46,0.0,0.0,0.0,-1.7763568394002505e-15
391,equal_split_vickrey_faltings_fair,22.46,22.46,22.46,22.46,0.0,0.0,0.0,0.0
391,equal_split_vickrey_guo_2019_asymptotic,22.46,22.46,22.46,0.06000000000000938,0.0,22.39999999999999,0.0,-22.39999999999999
391,equal_split_vickrey_guo_2019_finite_n,22.46,22.46,22.46,20.74499999999999,0.0,1.7150000000000105,0.0,-1.7150000000000105
391,lp_demand_vickrey_raw_coarse_wtp,22.46,22.46,22.459998877,22.459998877,1.123000000546881e-06,1.123000000546881e-06,0.0,8.881784197001252e-16
391,lp_demand_vickrey_raw_fine_wtp,22.46,22.46,22.46,22.46,0.0,0.0,0.0,-8.881784197001252e-16
391,lp_integrated_supply_demand,22.46,22.46,18.313995490075484,18.313995490075484,4.146004509924516,4.146004509924516,0.0,0.0
392,equal_split_first_best,0.0,0.0,0.0,0.0,0.0,0.0,0.0,0.0
392,equal_split_vickrey_majority,0.0,0.0,0.0,0.0,0.0,0.0,0.0,0.0
392,equal_split_vickrey_faltings_fair,0.0,0.0,0.0,0.0,0.0,0.0,0.0,0.0
392,equal_split_vickrey_guo_2019_asymptotic,0.0,0.0,0.0,-139.02,0.0,139.02,0.0,-139.02
392,equal_split_vickrey_guo_2019_finite_n,0.0,0.0,0.0,2.1316282072803006e-14,0.0,-2.1316282072803006e-14,0.0,2.1316282072803006e-14
392,lp_demand_vickrey_raw_coarse_wtp,0.0,0.0,-11.930000000000007,-11.930000000000007,11.930000000000007,11.930000000000007,0.0,0.0
392,lp_demand_vickrey_raw_fine_wtp,0.0,0.0,-11.930000000000007,-11.930000000000007,11.930000000000007,11.930000000000007,0.0,0.0
392,lp_integrated_supply_demand,0.0,0.0,-15.724733704655106,-15.724733704655106,15.724733704655106,15.724733704655106,0.0,0.0
393,equal_split_first_best,79.29,79.29,79.29,79.29,0.0,0.0,0.0,1.7763568394002505e-15
393,equal_split_vickrey_majority,79.29,79.29,79.29,79.29,0.0,0.0,0.0,0.0
393,equal_split_vickrey_faltings_fair,79.29,79.29,79.29,79.29,0.0,0.0,0.0,0.0
393,equal_split_vickrey_guo_2019_asymptotic,79.29,79.29,79.29,48.37000000000005,0.0,30.91999999999996,0.0,-30.91999999999996
393,equal_split_vickrey_guo_2019_finite_n,79.29,79.29,79.29,64.06999999999998,0.0,15.220000000000027,0.0,-15.220000000000027
393,lp_demand_vickrey_raw_coarse_wtp,79.29,79.29,79.28999867849977,79.28999867849977,1.3215002354627359e-06,1.3215002354627359e-06,0.0,-2.6645352591003757e-15
393,lp_demand_vickrey_raw_fine_wtp,79.29,79.29,79.29,79.29,0.0,0.0,0.0,-1.7763568394002505e-15
393,lp_integrated_supply_demand,79.29,79.29,76.45734185455412,76.45734185455412,2.8326581454458903,2.8326581454458903,0.0,-2.7755575615628914e-17
394,equal_split_first_best,23.57,23.57,23.57,23.57,0.0,0.0,0.0,-8.881784197001252e-16
394,equal_split_vickrey_majority,23.57,23.57,23.57,23.57,0.0,0.0,0.0,0.0
394,equal_split_vickrey_faltings_fair,23.57,23.57,23.57,23.57,0.0,0.0,0.0,0.0
394,equal_split_vickrey_guo_2019_asymptotic,23.57,23.57,23.57,5.356666666666655,0.0,18.213333333333345,0.0,-18.213333333333345
394,equal_split_vickrey_guo_2019_finite_n,23.57,23.57,23.57,17.404999999999987,0.0,6.165000000000013,0.0,-6.165000000000013
394,lp_demand_vickrey_raw_coarse_wtp,23.57,23.57,23.569999476222225,23.569999476222225,5.237777749300676e-07,5.237777749300676e-07,0.0,-4.440892098500626e-16
394,lp_demand_vickrey_raw_fine_wtp,23.57,23.57,23.57,23.57,0.0,0.0,0.0,8.881784197001252e-16
394,lp_integrated_supply_demand,23.57,23.57,21.56666580655989,21.56666580655989,2.0033341934401108,2.0033341934401108,0.0,0.0
395,equal_split_first_best,74.2,74.2,74.2,74.2,0.0,0.0,0.0,0.0
395,equal_split_vickrey_majority,74.2,74.2,74.2,74.2,0.0,0.0,0.0,1.7763568394002505e-15
395,equal_split_vickrey_faltings_fair,74.2,74.2,74.2,74.2,0.0,0.0,0.0,3.552713678800501e-15
395,equal_split_vickrey_guo_2019_asymptotic,74.2,74.2,74.2,42.05999999999996,0.0,32.14000000000004,0.0,-32.14000000000004
395,equal_split_vickrey_guo_2019_finite_n,74.2,74.2,74.2,58.129999999999995,0.0,16.070000000000007,0.0,-16.070000000000004
395,lp_demand_vickrey_raw_coarse_wtp,74.2,74.2,74.19999851600001,74.19999851600001,1.4839999948890181e-06,1.4839999948890181e-06,0.0,8.881784197001252e-16
395,lp_demand_vickrey_raw_fine_wtp,74.2,74.2,74.2,74.2,0.0,0.0,0.0,1.7763568394002505e-15
395,lp_integrated_supply_demand,74.2,74.2,72.61582461987133,72.61582461987133,1.58417538012867,1.58417538012867,0.0,0.0
396,equal_split_first_best,23.03,23.03,23.03,23.03,0.0,0.0,0.0,8.881784197001252e-16
396,equal_split_vickrey_majority,23.03,23.03,23.03,23.03,0.0,0.0,0.0,0.0
396,equal_split_vickrey_faltings_fair,23.03,23.03,23.03,23.03,0.0,0.0,0.0,0.0
396,equal_split_vickrey_guo_2019_asymptotic,23.03,23.03,23.03,2.830000000000002,0.0,20.2,0.0,-20.2
396,equal_split_vickrey_guo_2019_finite_n,23.03,23.03,23.03,13.390000000000004,0.0,9.639999999999997,0.0,-9.639999999999997
396,lp_demand_vickrey_raw_coarse_wtp,23.03,23.03,23.029999488222224,23.029999488222224,5.117777774898968e-07,5.117777774898968e-07,0.0,-1.3322676295501878e-15
396,lp_demand_vickrey_raw_fine_wtp,23.03,23.03,23.03,23.03,0.0,0.0,0.0,8.881784197001252e-16
396,lp_integrated_supply_demand,23.03,23.03,21.486665809750395,21.486665809750395,1.543334190249606,1.543334190249606,0.0,0.0
397,equal_split_first_best,72.97999999999999,72.97999999999999,72.97999999999999,72.97999999999999,0.0,0.0,0.0,0.0
397,equal_split_vickrey_majority,72.97999999999999,72.97999999999999,72.97999999999999,72.97999999999999,0.0,0.0,0.0,1.7763568394002505e-15
397,equal_split_vickrey_faltings_fair,72.97999999999999,72.97999999999999,72.97999999999999,72.97999999999999,0.0,0.0,0.0,1.7763568394002505e-15
397,equal_split_vickrey_guo_2019_asymptotic,72.97999999999999,72.97999999999999,72.97999999999999,38.53999999999998,0.0,34.44000000000001,0.0,-34.44000000000001
397,equal_split_vickrey_guo_2019_finite_n,72.97999999999999,72.97999999999999,72.97999999999999,55.75999999999999,0.0,17.22,0.0,-17.220000000000002
397,lp_demand_vickrey_raw_coarse_wtp,72.97999999999999,72.97999999999999,72.97999999999999,72.97999999999999,0.0,0.0,0.0,1.7763568394002505e-15
397,lp_demand_vickrey_raw_fine_wtp,72.97999999999999,72.97999999999999,72.97999999999999,72.97999999999999,0.0,0.0,0.0,-8.881784197001252e-16
397,lp_integrated_supply_demand,72.97999999999999,72.97999999999999,71.42999943190475,71.42999943190475,1.5500005680952427,1.5500005680952427,0.0,0.0
398,equal_split_first_best,22.259999999999998,22.259999999999998,22.259999999999998,22.259999999999998,0.0,0.0,0.0,-8.881784197001252e-16
398,equal_split_vickrey_majority,22.259999999999998,22.259999999999998,22.259999999999998,22.259999999999998,0.0,0.0,0.0,-1.7763568394002505e-15
398,equal_split_vickrey_faltings_fair,22.259999999999998,22.259999999999998,22.259999999999998,22.259999999999998,0.0,0.0,0.0,-1.7763568394002505e-15
398,equal_split_vickrey_guo_2019_asymptotic,22.259999999999998,22.259999999999998,22.259999999999998,4.019999999999989,0.0,18.24000000000001,0.0,-18.24000000000001
398,equal_split_vickrey_guo_2019_finite_n,22.259999999999998,22.259999999999998,22.259999999999998,17.425,0.0,4.834999999999997,0.0,-4.834999999999998
398,lp_demand_vickrey_raw_coarse_wtp,22.259999999999998,22.259999999999998,22.259999072499998,22.2599990725,9.2750000035835e-07,9.274999968056363e-07,0.0,1.7763568394002505e-15
398,lp_demand_vickrey_raw_fine_wtp,22.259999999999998,22.259999999999998,22.259999999999998,22.259999999999998,0.0,0.0,0.0,0.0
398,lp_integrated_supply_demand,22.259999999999998,22.259999999999998,21.46853686975497,21.46853686975497,0.7914631302450275,0.7914631302450275,0.0,0.0
399,equal_split_first_best,26.889999999999997,26.889999999999997,26.889999999999997,26.889999999999997,0.0,0.0,0.0,-8.881784197001252e-16
399,equal_split_vickrey_majority,26.889999999999997,26.889999999999997,26.889999999999997,26.889999999999997,0.0,0.0,0.0,0.0
399,equal_split_vickrey_faltings_fair,26.889999999999997,26.889999999999997,26.889999999999997,26.889999999999997,0.0,0.0,0.0,0.0
399,equal_split_vickrey_guo_2019_asymptotic,26.889999999999997,26.889999999999997,26.889999999999997,6.883333333333322,0.0,20.006666666666675,0.0,-20.006666666666675
399,equal_split_vickrey_guo_2019_finite_n,26.889999999999997,26.889999999999997,26.889999999999997,17.539999999999992,0.0,9.350000000000005,0.0,-9.350000000000005
399,lp_demand_vickrey_raw_coarse_wtp,26.889999999999997,26.889999999999997,26.88999940244444,26.88999940244444,5.975555552595324e-07,5.975555552595324e-07,0.0,-1.3322676295501878e-15
399,lp_demand_vickrey_raw_fine_wtp,26.889999999999997,26.889999999999997,26.889999999999997,26.889999999999997,0.0,0.0,0.0,8.881784197001252e-16
399,lp_integrated_supply_demand,26.889999999999997,26.889999999999997,25.213332327792735,25.213332327792735,1.6766676722072624,1.6766676722072624,0.0,0.0
400,equal_split_first_best,51.36,51.36,51.36,51.36,0.0,0.0,0.0,0.0
400,equal_split_vickrey_majority,51.36,51.36,51.36,51.36,0.0,0.0,0.0,1.7763568394002505e-15
400,equal_split_vickrey_faltings_fair,51.36,51.36,51.36,51.36,0.0,0.0,0.0,1.7763568394002505e-15
400,equal_split_vickrey_guo_2019_asymptotic,51.36,51.36,51.36,25.08000000000001,0.0,26.27999999999999,0.0,-26.27999999999999
400,equal_split_vickrey_guo_2019_finite_n,51.36,51.36,51.36,38.22,0.0,13.14,0.0,-13.140000000000004
400,lp_demand_vickrey_raw_coarse_wtp,51.36,51.36,51.35999893,51.35999893,1.0699999961616413e-06,1.0699999961616413e-06,0.0,0.0
400,lp_demand_vickrey_raw_fine_wtp,51.36,51.36,51.36,51.36,0.0,0.0,0.0,-2.6645352591003757e-15
400,lp_integrated_supply_demand,51.36,51.36,48.58421165645784,48.58421165645784,2.7757883435421604,2.7757883435421604,0.0,0.0
401,equal_split_first_best,21.11,21.11,21.11,21.11,0.0,0.0,0.0,-1.7763568394002505e-15
401,equal_split_vickrey_majority,21.11,21.11,21.11,21.11,0.0,0.0,0.0,1.7763568394002505e-15
401,equal_split_vickrey_faltings_fair,21.11,21.11,21.11,21.110000000000003,0.0,-3.552713678800501e-15,0.0,3.552713678800501e-15
401,equal_split_vickrey_guo_2019_asymptotic,21.11,21.11,21.11,-3.0033333333333374,0.0,24.113333333333337,0.0,-24.113333333333337
401,equal_split_vickrey_guo_2019_finite_n,21.11,21.11,21.11,16.65833333333333,0.0,4.451666666666668,0.0,-4.45166666666667
401,lp_demand_vickrey_raw_coarse_wtp,21.11,21.11,21.11,21.11,0.0,0.0,0.0,-1.7763568394002505e-15
401,lp_demand_vickrey_raw_fine_wtp,21.11,21.11,21.11,21.11,0.0,0.0,0.0,-1.7763568394002505e-15
401,lp_integrated_supply_demand,21.11,21.11,17.209999313642772,17.209999313642772,3.9000006863572274,3.9000006863572274,0.0,0.0
402,equal_split_first_best,46.63,46.63,46.63,46.63,0.0,0.0,0.0,1.7763568394002505e-15
402,equal_split_vickrey_majority,46.63,46.63,46.63,46.63,0.0,0.0,0.0,-1.7763568394002505e-15
402,equal_split_vickrey_faltings_fair,46.63,46.63,46.63,46.63,0.0,0.0,0.0,-1.7763568394002505e-15
402,equal_split_vickrey_guo_2019_asymptotic,46.63,46.63,46.63,16.770000000000014,0.0,29.85999999999999,0.0,-29.85999999999999
402,equal_split_vickrey_guo_2019_finite_n,46.63,46.63,46.63,33.44499999999999,0.0,13.18500000000001,0.0,-13.185000000000013
402,lp_demand_vickrey_raw_coarse_wtp,46.63,46.63,46.629998834249996,46.629998834249996,1.165750006748567e-06,1.165750006748567e-06,0.0,-1.7763568394002505e-15
402,lp_demand_vickrey_raw_fine_wtp,46.63,46.63,46.63,46.63,0.0,0.0,0.0,-8.881784197001252e-16
402,lp_integrated_supply_demand,46.63,46.63,45.65499881145269,45.65499881145269,0.97500118854731,0.97500118854731,0.0,0.0
403,equal_split_first_best,77.22,77.22,77.22,77.22,0.0,0.0,0.0,0.0
403,equal_split_vickrey_majority,77.22,77.22,77.22,77.22,0.0,0.0,0.0,0.0
403,equal_split_vickrey_faltings_fair,77.22,77.22,77.22,77.22,0.0,0.0,0.0,0.0
403,equal_split_vickrey_guo_2019_asymptotic,77.22,77.22,77.22,49.8,0.0,27.42,0.0,-27.42
403,equal_split_vickrey_guo_2019_finite_n,77.22,77.22,77.22,63.50999999999999,0.0,13.710000000000008,0.0,-13.710000000000008
403,lp_demand_vickrey_raw_coarse_wtp,77.22,77.22,77.2199989275,77.2199989275,1.072499998144849e-06,1.072499998144849e-06,0.0,-1.7763568394002505e-15
403,lp_demand_vickrey_raw_fine_wtp,77.22,77.22,77.22,77.22,0.0,0.0,0.0,0.0
403,lp_integrated_supply_demand,77.22,77.22,75.52637287228917,75.52637287228917,1.6936271277108261,1.6936271277108261,0.0,-2.7755575615628914e-17
404,equal_split_first_best,8.32,8.32,8.32,8.32,0.0,0.0,0.0,8.881784197001252e-16
404,equal_split_vickrey_majority,8.32,8.32,8.32,8.32,0.0,0.0,0.0,-8.881784197001252e-16
404,equal_split_vickrey_faltings_fair,8.32,8.32,8.32,8.32,0.0,0.0,0.0,0.0
404,equal_split_vickrey_guo_2019_asymptotic,8.32,8.32,8.32,-2.693333333333335,0.0,11.013333333333335,0.0,-11.013333333333335
404,equal_split_vickrey_guo_2019_finite_n,8.32,8.32,8.32,7.396666666666666,0.0,0.9233333333333347,0.0,-0.9233333333333347
404,lp_demand_vickrey_raw_coarse_wtp,8.32,8.32,8.319999584,8.319999584,4.160000006692144e-07,4.160000006692144e-07,0.0,-4.440892098500626e-16
404,lp_demand_vickrey_raw_fine_wtp,8.32,8.32,8.319999168,8.319999168000002,8.319999995620719e-07,8.319999977857151e-07,0.0,8.881784197001252e-16
404,lp_integrated_supply_demand,8.32,8.32,8.228490244253964,8.228490244253964,0.0915097557460367,0.0915097557460367,0.0,0.0
405,equal_split_first_best,20.060000000000002,20.060000000000002,20.060000000000002,20.060000000000002,0.0,0.0,0.0,1.7763568394002505e-15
405,equal_split_vickrey_majority,20.060000000000002,20.060000000000002,20.060000000000002,20.060000000000002,0.0,0.0,0.0,1.7763568394002505e-15
405,equal_split_vickrey_faltings_fair,20.060000000000002,20.060000000000002,20.060000000000002,20.060000000000006,0.0,-3.552713678800501e-15,0.0,3.552713678800501e-15
405,equal_split_vickrey_guo_2019_asymptotic,20.060000000000002,20.060000000000002,20.060000000000002,-0.786666666666676,0.0,20.84666666666668,0.0,-20.84666666666668
405,equal_split_vickrey_guo_2019_finite_n,20.060000000000002,20.060000000000002,20.060000000000002,14.78000000000001,0.0,5.279999999999992,0.0,-5.279999999999992
405,lp_demand_vickrey_raw_coarse_wtp,20.060000000000002,20.060000000000002,20.059999331333334,20.059999331333337,6.686666687016896e-07,6.686666651489759e-07,0.0,1.7763568394002505e-15
405,lp_demand_vickrey_raw_fine_wtp,20.060000000000002,20.060000000000002,20.060000000000002,20.060000000000002,0.0,0.0,0.0,1.7763568394002505e-15
405,lp_integrated_supply_demand,20.060000000000002,20.060000000000002,19.81666587635217,19.81666587635217,0.24333412364783058,0.24333412364783058,0.0,0.0
406,equal_split_first_best,16.740000000000002,16.740000000000002,16.740000000000002,16.740000000000002,0.0,0.0,0.0,-1.7763568394002505e-15
406,equal_split_vickrey_majority,16.740000000000002,16.740000000000002,16.740000000000002,16.740000000000002,0.0,0.0,0.0,1.7763568394002505e-15
406,equal_split_vickrey_faltings_fair,16.740000000000002,16.740000000000002,16.740000000000002,16.740000000000006,0.0,-3.552713678800501e-15,0.0,3.552713678800501e-15
406,equal_split_vickrey_guo_2019_asymptotic,16.740000000000002,16.740000000000002,16.740000000000002,-3.4799999999999898,0.0,20.21999999999999,0.0,-20.21999999999999
406,equal_split_vickrey_guo_2019_finite_n,16.740000000000002,16.740000000000002,16.740000000000002,13.94000000000001,0.0,2.799999999999992,0.0,-2.799999999999992
406,lp_demand_vickrey_raw_coarse_wtp,16.740000000000002,16.740000000000002,16.740000000000002,16.740000000000002,0.0,0.0,0.0,8.881784197001252e-16
406,lp_demand_vickrey_raw_fine_wtp,16.740000000000002,16.740000000000002,16.740000000000002,16.740000000000002,0.0,0.0,0.0,0.0
406,lp_integrated_supply_demand,16.740000000000002,16.740000000000002,15.194999142272662,15.194999142272662,1.5450008577273397,1.5450008577273397,0.0,0.0
407,equal_split_first_best,77.76,77.76,77.76,77.76,0.0,0.0,0.0,1.7763568394002505e-15
407,equal_split_vickrey_majority,77.76,77.76,77.76,77.76,0.0,0.0,0.0,0.0
407,equal_split_vickrey_faltings_fair,77.76,77.76,77.76,77.76,0.0,0.0,0.0,0.0
407,equal_split_vickrey_guo_2019_asymptotic,77.76,77.76,77.76,43.959999999999965,0.0,33.80000000000004,0.0,-33.80000000000004
407,equal_split_vickrey_guo_2019_finite_n,77.76,77.76,77.76,60.85999999999997,0.0,16.900000000000034,0.0,-16.900000000000034
407,lp_demand_vickrey_raw_coarse_wtp,77.76,77.76,77.76,77.76,0.0,0.0,0.0,-1.7763568394002505e-15
407,lp_demand_vickrey_raw_fine_wtp,77.76,77.76,77.76,77.76,0.0,0.0,0.0,0.0
407,lp_integrated_supply_demand,77.76,77.76,77.05296621069681,77.05296621069681,0.7070337893031962,0.7070337893031962,0.0,-2.7755575615628914e-17
408,equal_split_first_best,23.700000000000003,23.700000000000003,23.700000000000003,23.700000000000003,0.0,0.0,0.0,8.881784197001252e-16
408,equal_split_vickrey_majority,23.700000000000003,23.700000000000003,23.700000000000003,23.700000000000003,0.0,0.0,0.0,8.881784197001252e-16
408,equal_split_vickrey_faltings_fair,23.700000000000003,23.700000000000003,23.700000000000003,23.700000000000003,0.0,0.0,0.0,8.881784197001252e-16
408,equal_split_vickrey_guo_2019_asymptotic,23.700000000000003,23.700000000000003,23.700000000000003,7.946666666666678,0.0,15.753333333333325,0.0,-15.753333333333325
408,equal_split_vickrey_guo_2019_finite_n,23.700000000000003,23.700000000000003,23.700000000000003,16.830000000000013,0.0,6.86999999999999,0.0,-6.869999999999989
408,lp_demand_vickrey_raw_coarse_wtp,23.700000000000003,23.700000000000003,23.699999407500002,23.699999407500002,5.925000010620352e-07,5.925000010620352e-07,0.0,-1.7763568394002505e-15
408,lp_demand_vickrey_raw_fine_wtp,23.700000000000003,23.700000000000003,23.699999407500002,23.6999994075,5.925000010620352e-07,5.925000046147488e-07,0.0,-2.220446049250313e-15
408,lp_integrated_supply_demand,23.700000000000003,23.700000000000003,22.43011869102526,22.43011869102526,1.2698813089747425,1.2698813089747425,0.0,0.0
409,equal_split_first_best,81.14999999999999,81.14999999999999,81.14999999999999,81.14999999999999,0.0,0.0,0.0,0.0
409,equal_split_vickrey_majority,81.14999999999999,81.14999999999999,81.14999999999999,81.14999999999999,0.0,0.0,0.0,-1.7763568394002505e-15
409,equal_split_vickrey_faltings_fair,81.14999999999999,81.14999999999999,81.14999999999999,81.14999999999999,0.0,0.0,0.0,-1.7763568394002505e-15
409,equal_split_vickrey_guo_2019_asymptotic,81.14999999999999,81.14999999999999,81.14999999999999,51.30999999999996,0.0,29.840000000000032,0.0,-29.840000000000032
409,equal_split_vickrey_guo_2019_finite_n,81.14999999999999,81.14999999999999,81.14999999999999,66.22999999999996,0.0,14.92000000000003,0.0,-14.920000000000028
409,lp_demand_vickrey_raw_coarse_wtp,81.14999999999999,81.14999999999999,81.14999864749976,81.14999864749976,1.3525002344749737e-06,1.3525002344749737e-06,0.0,-1.7763568394002505e-15
409,lp_demand_vickrey_raw_fine_wtp,81.14999999999999,81.14999999999999,81.14999999999999,81.14999999999999,0.0,0.0,0.0,-1.7763568394002505e-15
409,lp_integrated_supply_demand,81.14999999999999,81.14999999999999,80.1456456256598,80.1456456256598,1.0043543743401955,1.0043543743401955,0.0,-2.7755575615628914e-17
410,equal_split_first_best,82.02,82.02,82.02,82.02,0.0,0.0,0.0,0.0
410,equal_split_vickrey_majority,82.02,82.02,82.02,82.02,0.0,0.0,0.0,1.7763568394002505e-15
410,equal_split_vickrey_faltings_fair,82.02,82.02,82.02,82.02,0.0,0.0,0.0,3.552713678800501e-15
410,equal_split_vickrey_guo_2019_asymptotic,82.02,82.02,82.02,55.619999999999976,0.0,26.40000000000002,0.0,-26.400000000000016
410,equal_split_vickrey_guo_2019_finite_n,82.02,82.02,82.02,68.82000000000002,0.0,13.199999999999974,0.0,-13.199999999999978
410,lp_demand_vickrey_raw_coarse_wtp,82.02,82.02,82.019998633,82.019998633,1.3669999958665358e-06,1.3669999958665358e-06,0.0,8.881784197001252e-16
410,lp_demand_vickrey_raw_fine_wtp,82.02,82.02,82.02,82.02,0.0,0.0,0.0,0.0
410,lp_integrated_supply_demand,82.02,82.02,77.17344042065643,77.17344042065643,4.8465595793435625,4.8465595793435625,0.0,0.0
411,equal_split_first_best,52.24,52.24,52.24,52.24,0.0,0.0,0.0,-1.7763568394002505e-15
411,equal_split_vickrey_majority,52.24,52.24,52.24,52.24,0.0,0.0,0.0,0.0
411,equal_split_vickrey_faltings_fair,52.24,52.24,52.24,52.24,0.0,0.0,0.0,0.0
411,equal_split_vickrey_guo_2019_asymptotic,52.24,52.24,52.24,21.480000000000004,0.0,30.759999999999998,0.0,-30.759999999999998
411,equal_split_vickrey_guo_2019_finite_n,52.24,52.24,52.24,36.86,0.0,15.380000000000003,0.0,-15.380000000000003
411,lp_demand_vickrey_raw_coarse_wtp,52.24,52.24,52.239998694,52.239998694,1.3060000014775142e-06,1.3060000014775142e-06,0.0,1.7763568394002505e-15
411,lp_demand_vickrey_raw_fine_wtp,52.24,52.24,52.24,52.24,0.0,0.0,0.0,8.881784197001252e-16
411,lp_integrated_supply_demand,52.24,52.24,50.217949272725605,50.217949272725605,2.0220507272743973,2.0220507272743973,0.0,0.0
412,equal_split_first_best,9.14,9.14,9.14,9.14,0.0,0.0,0.0,0.0
412,equal_split_vickrey_majority,9.14,9.14,9.14,9.14,0.0,0.0,0.0,-8.881784197001252e-16
412,equal_split_vickrey_faltings_fair,9.14,9.14,9.14,9.14,0.0,0.0,0.0,0.0
412,equal_split_vickrey_guo_2019_asymptotic,9.14,9.14,9.14,-2.1866666666666728,0.0,11.326666666666673,0.0,-11.326666666666673
412,equal_split_vickrey_guo_2019_finite_n,9.14,9.14,9.14,7.366666666666666,0.0,1.7733333333333343,0.0,-1.7733333333333343
412,lp_demand_vickrey_raw_coarse_wtp,9.14,9.14,9.139999543,9.139999543,4.570000005088559e-07,4.570000005088559e-07,0.0,-4.440892098500626e-16
412,lp_demand_vickrey_raw_fine_wtp,9.14,9.14,9.139999695333334,9.139999695333334,3.0466666700590395e-07,3.0466666700590395e-07,0.0,0.0
412,lp_integrated_supply_demand,9.14,9.14,7.137942015942768,7.137942015942768,2.002057984057233,2.002057984057233,0.0,0.0
413,equal_split_first_best,75.06,75.06,75.06,75.06,0.0,0.0,0.0,-1.7763568394002505e-15
413,equal_split_vickrey_majority,75.06,75.06,75.06,75.06,0.0,0.0,0.0,1.7763568394002505e-15
413,equal_split_vickrey_faltings_fair,75.06,75.06,75.06,75.06,0.0,0.0,0.0,0.0
413,equal_split_vickrey_guo_2019_asymptotic,75.06,75.06,75.06,38.139999999999986,0.0,36.920000000000016,0.0,-36.920000000000016
413,equal_split_vickrey_guo_2019_finite_n,75.06,75.06,75.06,56.60000000000001,0.0,18.459999999999994,0.0,-18.45999999999999
413,lp_demand_vickrey_raw_coarse_wtp,75.06,75.06,75.06,75.06,0.0,0.0,0.0,1.7763568394002505e-15
413,lp_demand_vickrey_raw_fine_wtp,75.06,75.06,75.06,75.06,0.0,0.0,0.0,-8.881784197001252e-16
413,lp_integrated_supply_demand,75.06,75.06,73.62999941440776,73.62999941440776,1.4300005855922393,1.4300005855922393,0.0,0.0
414,equal_split_first_best,24.38,24.38,24.38,24.38,0.0,0.0,0.0,0.0
414,equal_split_vickrey_majority,24.38,24.38,24.38,24.380000000000003,0.0,-3.552713678800501e-15,0.0,1.7763568394002505e-15
414,equal_split_vickrey_faltings_fair,24.38,24.38,24.38,24.380000000000003,0.0,-3.552713678800501e-15,0.0,1.7763568394002505e-15
414,equal_split_vickrey_guo_2019_asymptotic,24.38,24.38,24.38,3.0066666666666713,0.0,21.373333333333328,0.0,-21.373333333333328
414,equal_split_vickrey_guo_2019_finite_n,24.38,24.38,24.38,19.398333333333326,0.0,4.981666666666673,0.0,-4.981666666666672
414,lp_demand_vickrey_raw_coarse_wtp,24.38,24.38,24.37999918733333,24.379999187333333,8.126666699581619e-07,8.126666664054483e-07,0.0,1.7763568394002505e-15
414,lp_demand_vickrey_raw_fine_wtp,24.38,24.38,24.38,24.380000000000003,0.0,-3.552713678800501e-15,0.0,1.7763568394002505e-15
414,lp_integrated_supply_demand,24.38,24.38,21.916665792601435,21.916665792601435,2.463334207398564,2.463334207398564,0.0,0.0
415,equal_split_first_best,24.490000000000006,24.490000000000006,24.490000000000006,24.49000000000001,0.0,-3.552713678800501e-15,0.0,1.7763568394002505e-15
415,equal_split_vickrey_majority,24.490000000000006,24.490000000000006,24.490000000000006,24.490000000000006,0.0,0.0,0.0,0.0
415,equal_split_vickrey_faltings_fair,24.490000000000006,24.490000000000006,24.490000000000006,24.490000000000006,0.0,0.0,0.0,0.0
415,equal_split_vickrey_guo_2019_asymptotic,24.490000000000006,24.490000000000006,24.490000000000006,0.550000000000022,0.0,23.939999999999984,0.0,-23.939999999999984
415,equal_split_vickrey_guo_2019_finite_n,24.490000000000006,24.490000000000006,24.490000000000006,17.11500000000001,0.0,7.3749999999999964,0.0,-7.3749999999999964
415,lp_demand_vickrey_raw_coarse_wtp,24.490000000000006,24.490000000000006,24.48999918366667,24.48999918366667,8.1633333692821e-07,8.1633333692821e-07,0.0,0.0
415,lp_demand_vickrey_raw_fine_wtp,24.490000000000006,24.490000000000006,24.490000000000006,24.490000000000006,0.0,0.0,0.0,8.881784197001252e-16
415,lp_integrated_supply_demand,24.490000000000006,24.490000000000006,22.006665789012125,22.006665789012125,2.4833342109878807,2.4833342109878807,0.0,0.0
416,equal_split_first_best,42.970000000000006,42.970000000000006,42.970000000000006,42.970000000000006,0.0,0.0,0.0,8.881784197001252e-16
416,equal_split_vickrey_majority,42.970000000000006,42.970000000000006,42.970000000000006,42.970000000000006,0.0,0.0,0.0,0.0
416,equal_split_vickrey_faltings_fair,42.970000000000006,42.970000000000006,42.970000000000006,42.970000000000006,0.0,0.0,0.0,0.0
416,equal_split_vickrey_guo_2019_asymptotic,42.970000000000006,42.970000000000006,42.970000000000006,11.030000000000001,0.0,31.940000000000005,0.0,-31.940000000000005
416,equal_split_vickrey_guo_2019_finite_n,42.970000000000006,42.970000000000006,42.970000000000006,30.295,0.0,12.675000000000004,0.0,-12.675000000000004
416,lp_demand_vickrey_raw_coarse_wtp,42.970000000000006,42.970000000000006,42.970000000000006,42.970000000000006,0.0,0.0,0.0,0.0
416,lp_demand_vickrey_raw_fine_wtp,42.970000000000006,42.970000000000006,42.970000000000006,42.970000000000006,0.0,0.0,0.0,-1.7763568394002505e-15
416,lp_integrated_supply_demand,42.970000000000006,42.970000000000006,38.43394931345966,38.43394931345966,4.536050686540349,4.536050686540349,0.0,0.0
417,equal_split_first_best,115.97,115.97,115.97,115.97,0.0,0.0,0.0,0.0
417,equal_split_vickrey_majority,115.97,115.97,115.97,115.97,0.0,0.0,0.0,0.0
417,equal_split_vickrey_faltings_fair,115.97,115.97,115.97,115.97,0.0,0.0,0.0,0.0
417,equal_split_vickrey_guo_2019_asymptotic,115.97,115.97,115.97,91.23,0.0,24.739999999999995,0.0,-24.739999999999995
417,equal_split_vickrey_guo_2019_finite_n,115.97,115.97,115.97,103.60000000000002,0.0,12.369999999999976,0.0,-12.369999999999969
417,lp_demand_vickrey_raw_coarse_wtp,115.97,115.97,115.96999861940476,115.96999861940476,1.3805952363554752e-06,1.3805952363554752e-06,0.0,-8.881784197001252e-16
417,lp_demand_vickrey_raw_fine_wtp,115.97,115.97,115.97,115.97,0.0,0.0,0.0,1.7763568394002505e-15
417,lp_integrated_supply_demand,115.97,115.97,110.26932850181868,110.26932850181868,5.700671498181322,5.700671498181322,0.0,0.0
418,equal_split_first_best,18.87,18.87,18.87,18.870000000000005,0.0,-3.552713678800501e-15,0.0,1.7763568394002505e-15
418,equal_split_vickrey_majority,18.87,18.87,18.87,18.87,0.0,0.0,0.0,0.0
418,equal_split_vickrey_faltings_fair,18.87,18.87,18.87,18.87,0.0,0.0,0.0,0.0
418,equal_split_vickrey_guo_2019_asymptotic,18.87,18.87,18.87,-6.116666666666667,0.0,24.986666666666668,0.0,-24.986666666666668
418,equal_split_vickrey_guo_2019_finite_n,18.87,18.87,18.87,17.13666666666667,0.0,1.7333333333333307,0.0,-1.7333333333333325
418,lp_demand_vickrey_raw_coarse_wtp,18.87,18.87,18.87,18.87,0.0,0.0,0.0,-8.881784197001252e-16
418,lp_demand_vickrey_raw_fine_wtp,18.87,18.87,18.87,18.87,0.0,0.0,0.0,0.0
418,lp_integrated_supply_demand,18.87,18.87,15.373372401844101,15.373372401844101,3.4966275981559,3.4966275981559,0.0,0.0
419,equal_split_first_best,19.41,19.41,19.41,19.41,0.0,0.0,0.0,0.0
419,equal_split_vickrey_majority,19.41,19.41,0.0,0.0,19.41,19.41,0.0,0.0
419,equal_split_vickrey_faltings_fair,19.41,19.41,12.94,12.94,6.470000000000001,6.470000000000001,0.0,0.0
419,equal_split_vickrey_guo_2019_asymptotic,19.41,19.41,19.41,-12.883333333333336,0.0,32.29333333333334,0.0,-32.29333333333334
419,equal_split_vickrey_guo_2019_finite_n,19.41,19.41,19.41,18.609999999999996,0.0,0.8000000000000043,0.0,-0.8000000000000034
419,lp_demand_vickrey_raw_coarse_wtp,19.41,19.41,12.9399970885,12.9399970885,6.4700029115,6.4700029115,0.0,0.0
419,lp_demand_vickrey_raw_fine_wtp,19.41,19.41,19.41,19.409999999999997,0.0,3.552713678800501e-15,0.0,-1.7763568394002505e-15
419,lp_integrated_supply_demand,19.41,19.41,9.504443398530716,9.504443398530716,9.905556601469284,9.905556601469284,0.0,0.0
420,equal_split_first_best,9.21,9.21,9.21,9.21,0.0,0.0,0.0,8.881784197001252e-16
420,equal_split_vickrey_majority,9.21,9.21,9.21,9.21,0.0,0.0,0.0,-8.881784197001252e-16
420,equal_split_vickrey_faltings_fair,9.21,9.21,9.21,9.21,0.0,0.0,0.0,-8.881784197001252e-16
420,equal_split_vickrey_guo_2019_asymptotic,9.21,9.21,9.21,-0.7499999999999964,0.0,9.959999999999997,0.0,-9.959999999999997
420,equal_split_vickrey_guo_2019_finite_n,9.21,9.21,9.21,7.543333333333333,0.0,1.6666666666666679,0.0,-1.6666666666666679
420,lp_demand_vickrey_raw_coarse_wtp,9.21,9.21,9.2099995395,9.2099995395,4.605000007984472e-07,4.605000007984472e-07,0.0,-4.440892098500626e-16
420,lp_demand_vickrey_raw_fine_wtp,9.21,9.21,9.209999667305693,9.209999667305693,3.3269430765869856e-07,3.3269430765869856e-07,0.0,0.0
420,lp_integrated_supply_demand,9.21,9.21,9.079999994317374,9.079999994317374,0.1300000056826267,0.1300000056826267,0.0,0.0
421,equal_split_first_best,21.279999999999994,21.279999999999994,21.279999999999994,21.279999999999994,0.0,0.0,0.0,1.7763568394002505e-15
421,equal_split_vickrey_majority,21.279999999999994,21.279999999999994,21.279999999999994,21.279999999999994,0.0,0.0,0.0,-1.7763568394002505e-15
421,equal_split_vickrey_faltings_fair,21.279999999999994,21.279999999999994,21.279999999999994,21.279999999999994,0.0,0.0,0.0,-1.7763568394002505e-15
421,equal_split_vickrey_guo_2019_asymptotic,21.279999999999994,21.279999999999994,21.279999999999994,-2.500000000000032,0.0,23.780000000000026,0.0,-23.780000000000026
421,equal_split_vickrey_guo_2019_finite_n,21.279999999999994,21.279999999999994,21.279999999999994,14.749999999999982,0.0,6.530000000000012,0.0,-6.530000000000011
421,lp_demand_vickrey_raw_coarse_wtp,21.279999999999994,21.279999999999994,21.27999929066666,21.27999929066666,7.093333351804176e-07,7.093333351804176e-07,0.0,1.7763568394002505e-15
421,lp_demand_vickrey_raw_fine_wtp,21.279999999999994,21.279999999999994,21.279999999999994,21.279999999999994,0.0,0.0,0.0,-8.881784197001252e-16
421,lp_integrated_supply_demand,21.279999999999994,21.279999999999994,19.29333256389005,19.29333256389005,1.9866674361099435,1.9866674361099435,0.0,0.0
422,equal_split_first_best,15.03,15.03,15.03,15.03,0.0,0.0,0.0,0.0
422,equal_split_vickrey_majority,15.03,15.03,15.03,15.029999999999998,0.0,1.7763568394002505e-15,0.0,-1.7763568394002505e-15
422,equal_split_vickrey_faltings_fair,15.03,15.03,15.03,15.029999999999998,0.0,1.7763568394002505e-15,0.0,-1.7763568394002505e-15
422,equal_split_vickrey_guo_2019_asymptotic,15.03,15.03,15.03,-3.6500000000000004,0.0,18.68,0.0,-18.68
422,equal_split_vickrey_guo_2019_finite_n,15.03,15.03,15.03,11.118333333333332,0.0,3.911666666666667,0.0,-3.911666666666668
422,lp_demand_vickrey_raw_coarse_wtp,15.03,15.03,15.02999937375,15.02999937375,6.262499994136306e-07,6.262499994136306e-07,0.0,0.0
422,lp_demand_vickrey_raw_fine_wtp,15.03,15.03,15.03,15.029999999999998,0.0,1.7763568394002505e-15,0.0,-8.881784197001252e-16
422,lp_integrated_supply_demand,15.03,15.03,13.249359817204082,13.249359817204082,1.780640182795917,1.780640182795917,0.0,0.0
423,equal_split_first_best,88.55,88.55,88.55,88.55,0.0,0.0,0.0,-1.7763568394002505e-15
423,equal_split_vickrey_majority,88.55,88.55,88.55,88.55,0.0,0.0,0.0,0.0
423,equal_split_vickrey_faltings_fair,88.55,88.55,88.55,88.55,0.0,0.0,0.0,0.0
423,equal_split_vickrey_guo_2019_asymptotic,88.55,88.55,88.55,50.22999999999997,0.0,38.32000000000003,0.0,-38.32000000000003
423,equal_split_vickrey_guo_2019_finite_n,88.55,88.55,88.55,69.38999999999996,0.0,19.16000000000004,0.0,-19.16000000000004
423,lp_demand_vickrey_raw_coarse_wtp,88.55,88.55,88.55,88.55,0.0,0.0,0.0,8.881784197001252e-16
423,lp_demand_vickrey_raw_fine_wtp,88.55,88.55,88.55,88.55,0.0,0.0,0.0,-8.881784197001252e-16
423,lp_integrated_supply_demand,88.55,88.55,85.433634464346,85.433634464346,3.1163655356539977,3.1163655356539977,0.0,0.0
424,equal_split_first_best,54.56,54.56,54.56,54.56,0.0,0.0,0.0,1.7763568394002505e-15
424,equal_split_vickrey_majority,54.56,54.56,54.56,54.56,0.0,0.0,0.0,-1.7763568394002505e-15
424,equal_split_vickrey_faltings_fair,54.56,54.56,54.56,54.56,0.0,0.0,0.0,-1.7763568394002505e-15
424,equal_split_vickrey_guo_2019_asymptotic,54.56,54.56,54.56,25.000000000000007,0.0,29.559999999999995,0.0,-29.559999999999995
424,equal_split_vickrey_guo_2019_finite_n,54.56,54.56,54.56,39.780000000000015,0.0,14.779999999999987,0.0,-14.779999999999985
424,lp_demand_vickrey_raw_coarse_wtp,54.56,54.56,54.559998635999996,54.559998635999996,1.3640000062764557e-06,1.3640000062764557e-06,0.0,0.0
424,lp_demand_vickrey_raw_fine_wtp,54.56,54.56,54.56,54.56,0.0,0.0,0.0,-1.7763568394002505e-15
424,lp_integrated_supply_demand,54.56,54.56,52.348352388553465,52.348352388553465,2.211647611446537,2.211647611446537,0.0,0.0
425,equal_split_first_best,54.989999999999995,54.989999999999995,54.989999999999995,54.989999999999995,0.0,0.0,0.0,1.7763568394002505e-15
425,equal_split_vickrey_majority,54.989999999999995,54.989999999999995,54.989999999999995,54.989999999999995,0.0,0.0,0.0,0.0
425,equal_split_vickrey_faltings_fair,54.989999999999995,54.989999999999995,54.989999999999995,54.989999999999995,0.0,0.0,0.0,0.0
425,equal_split_vickrey_guo_2019_asymptotic,54.989999999999995,54.989999999999995,54.989999999999995,20.023333333333326,0.0,34.96666666666667,0.0,-34.96666666666667
425,equal_split_vickrey_guo_2019_finite_n,54.989999999999995,54.989999999999995,54.989999999999995,40.019999999999975,0.0,14.97000000000002,0.0,-14.97000000000002
425,lp_demand_vickrey_raw_coarse_wtp,54.989999999999995,54.989999999999995,54.989999999999995,54.989999999999995,0.0,0.0,0.0,0.0
425,lp_demand_vickrey_raw_fine_wtp,54.989999999999995,54.989999999999995,54.989999999999995,54.989999999999995,0.0,0.0,0.0,0.0
425,lp_integrated_supply_demand,54.989999999999995,54.989999999999995,53.359762832789045,53.359762832789045,1.6302371672109501,1.6302371672109501,0.0,0.0
426,equal_split_first_best,83.2,83.2,83.2,83.2,0.0,0.0,0.0,0.0
426,equal_split_vickrey_majority,83.2,83.2,83.2,83.2,0.0,0.0,0.0,0.0
426,equal_split_vickrey_faltings_fair,83.2,83.2,83.2,83.2,0.0,0.0,0.0,0.0
426,equal_split_vickrey_guo_2019_asymptotic,83.2,83.2,83.2,54.84,0.0,28.36,0.0,-28.36
426,equal_split_vickrey_guo_2019_finite_n,83.2,83.2,83.2,69.02000000000001,0.0,14.179999999999993,0.0,-14.179999999999986
426,lp_demand_vickrey_raw_coarse_wtp,83.2,83.2,83.1999986133331,83.1999986133331,1.3866669092976736e-06,1.3866669092976736e-06,0.0,8.881784197001252e-16
426,lp_demand_vickrey_raw_fine_wtp,83.2,83.2,83.2,83.2,0.0,0.0,0.0,0.0
426,lp_integrated_supply_demand,83.2,83.2,82.04679802408928,82.04679802408928,1.1532019759107186,1.1532019759107186,0.0,-2.7755575615628914e-17
427,equal_split_first_best,87.75999999999999,87.75999999999999,87.75999999999999,87.75999999999999,0.0,0.0,0.0,-1.7763568394002505e-15
427,equal_split_vickrey_majority,87.75999999999999,87.75999999999999,87.75999999999999,87.75999999999999,0.0,0.0,0.0,-1.7763568394002505e-15
427,equal_split_vickrey_faltings_fair,87.75999999999999,87.75999999999999,87.75999999999999,87.75999999999999,0.0,0.0,0.0,0.0
427,equal_split_vickrey_guo_2019_asymptotic,87.75999999999999,87.75999999999999,87.75999999999999,46.67999999999999,0.0,41.08,0.0,-41.08
427,equal_split_vickrey_guo_2019_finite_n,87.75999999999999,87.75999999999999,87.75999999999999,67.21999999999997,0.0,20.54000000000002,0.0,-20.540000000000024
427,lp_demand_vickrey_raw_coarse_wtp,87.75999999999999,87.75999999999999,87.75999999999999,87.75999999999999,0.0,0.0,0.0,-1.7763568394002505e-15
427,lp_demand_vickrey_raw_fine_wtp,87.75999999999999,87.75999999999999,87.75999999999999,87.75999999999999,0.0,0.0,0.0,-8.881784197001252e-16
427,lp_integrated_supply_demand,87.75999999999999,87.75999999999999,83.0937706039441,83.0937706039441,4.666229396055897,4.666229396055897,0.0,-2.7755575615628914e-17
428,equal_split_first_best,77.61,77.61,77.61,77.61,0.0,0.0,0.0,0.0
428,equal_split_vickrey_majority,77.61,77.61,77.61,77.61,0.0,0.0,0.0,0.0
428,equal_split_vickrey_faltings_fair,77.61,77.61,77.61,77.61,0.0,0.0,0.0,0.0
428,equal_split_vickrey_guo_2019_asymptotic,77.61,77.61,77.61,46.39,0.0,31.22,0.0,-31.22
428,equal_split_vickrey_guo_2019_finite_n,77.61,77.61,77.61,61.999999999999986,0.0,15.610000000000014,0.0,-15.610000000000014
428,lp_demand_vickrey_raw_coarse_wtp,77.61,77.61,77.6099984478,77.6099984478,1.5522000040846251e-06,1.5522000040846251e-06,0.0,8.881784197001252e-16
428,lp_demand_vickrey_raw_fine_wtp,77.61,77.61,77.61,77.61,0.0,0.0,0.0,0.0
428,lp_integrated_supply_demand,77.61,77.61,74.36118202605269,74.36118202605269,3.248817973947311,3.248817973947311,0.0,0.0
429,equal_split_first_best,75.64,75.64,75.64,75.64,0.0,0.0,0.0,-1.7763568394002505e-15
429,equal_split_vickrey_majority,75.64,75.64,75.64,75.64,0.0,0.0,0.0,-1.7763568394002505e-15
429,equal_split_vickrey_faltings_fair,75.64,75.64,75.64,75.64,0.0,0.0,0.0,-1.7763568394002505e-15
429,equal_split_vickrey_guo_2019_asymptotic,75.64,75.64,75.64,46.28,0.0,29.36,0.0,-29.360000000000003
429,equal_split_vickrey_guo_2019_finite_n,75.64,75.64,75.64,60.959999999999994,0.0,14.680000000000007,0.0,-14.68000000000001
429,lp_demand_vickrey_raw_coarse_wtp,75.64,75.64,75.6399984872,75.6399984872,1.5127999972719408e-06,1.5127999972719408e-06,0.0,8.881784197001252e-16
429,lp_demand_vickrey_raw_fine_wtp,75.64,75.64,75.64,75.64,0.0,0.0,0.0,-2.6645352591003757e-15
429,lp_integrated_supply_demand,75.64,75.64,72.57605800351033,72.57605800351033,3.0639419964896746,3.0639419964896746,0.0,0.0
430,equal_split_first_best,29.350000000000005,29.350000000000005,29.350000000000005,29.350000000000005,0.0,0.0,0.0,0.0
430,equal_split_vickrey_majority,29.350000000000005,29.350000000000005,29.350000000000005,29.350000000000005,0.0,0.0,0.0,0.0
430,equal_split_vickrey_faltings_fair,29.350000000000005,29.350000000000005,29.350000000000005,29.350000000000005,0.0,0.0,0.0,0.0
430,equal_split_vickrey_guo_2019_asymptotic,29.350000000000005,29.350000000000005,29.350000000000005,5.38333333333334,0.0,23.966666666666665,0.0,-23.966666666666665
430,equal_split_vickrey_guo_2019_finite_n,29.350000000000005,29.350000000000005,29.350000000000005,20.595000000000013,0.0,8.754999999999992,0.0,-8.754999999999992
430,lp_demand_vickrey_raw_coarse_wtp,29.350000000000005,29.350000000000005,29.34999902166667,29.34999902166667,9.783333361212954e-07,9.783333361212954e-07,0.0,0.0
430,lp_demand_vickrey_raw_fine_wtp,29.350000000000005,29.350000000000005,29.350000000000005,29.350000000000005,0.0,0.0,0.0,8.881784197001252e-16
430,lp_integrated_supply_demand,29.350000000000005,29.350000000000005,27.693332228887108,27.693332228887108,1.6566677711128968,1.6566677711128968,0.0,0.0
431,equal_split_first_best,0.0,0.0,0.0,0.0,0.0,0.0,0.0,0.0
431,equal_split_vickrey_majority,0.0,0.0,0.0,0.0,0.0,0.0,0.0,0.0
431,equal_split_vickrey_faltings_fair,0.0,0.0,0.0,0.0,0.0,0.0,0.0,0.0
431,equal_split_vickrey_guo_2019_asymptotic,0.0,0.0,0.0,-177.68,0.0,177.68,0.0,-177.68
431,equal_split_vickrey_guo_2019_finite_n,0.0,0.0,0.0,-4.263256414560601e-14,0.0,4.263256414560601e-14,0.0,-4.263256414560601e-14
431,lp_demand_vickrey_raw_coarse_wtp,0.0,0.0,-28.730000000000004,-28.73000000000001,28.730000000000004,28.73000000000001,0.0,-7.105427357601002e-15
431,lp_demand_vickrey_raw_fine_wtp,0.0,0.0,-28.730000000000004,-28.73000000000001,28.730000000000004,28.73000000000001,0.0,-7.105427357601002e-15
431,lp_integrated_supply_demand,0.0,0.0,-34.1999036091455,-34.1999036091455,34.1999036091455,34.1999036091455,0.0,0.0
432,equal_split_first_best,40.71,40.71,40.71,40.71,0.0,0.0,0.0,-8.881784197001252e-16
432,equal_split_vickrey_majority,40.71,40.71,40.71,40.71,0.0,0.0,0.0,1.7763568394002505e-15
432,equal_split_vickrey_faltings_fair,40.71,40.71,40.71,40.71,0.0,0.0,0.0,1.7763568394002505e-15
432,equal_split_vickrey_guo_2019_asymptotic,40.71,40.71,40.71,14.990000000000009,0.0,25.71999999999999,0.0,-25.71999999999999
432,equal_split_vickrey_guo_2019_finite_n,40.71,40.71,40.71,27.85000000000001,0.0,12.859999999999992,0.0,-12.859999999999992
432,lp_demand_vickrey_raw_coarse_wtp,40.71,40.71,40.709999151875,40.709999151875,8.48124997787636e-07,8.48124997787636e-07,0.0,0.0
432,lp_demand_vickrey_raw_fine_wtp,40.71,40.71,40.71,40.71,0.0,0.0,0.0,-1.7763568394002505e-15
432,lp_integrated_supply_demand,40.71,40.71,38.08536795834726,38.08536795834726,2.6246320416527382,2.6246320416527382,0.0,0.0
433,equal_split_first_best,16.57,16.57,16.57,16.57,0.0,0.0,0.0,-1.7763568394002505e-15
433,equal_split_vickrey_majority,16.57,16.57,16.57,16.57,0.0,0.0,0.0,-1.7763568394002505e-15
433,equal_split_vickrey_faltings_fair,16.57,16.57,16.57,16.57,0.0,0.0,0.0,-1.7763568394002505e-15
433,equal_split_vickrey_guo_2019_asymptotic,16.57,16.57,16.57,-4.3300000000000125,0.0,20.900000000000013,0.0,-20.900000000000013
433,equal_split_vickrey_guo_2019_finite_n,16.57,16.57,16.57,13.136666666666658,0.0,3.4333333333333425,0.0,-3.4333333333333425
433,lp_demand_vickrey_raw_coarse_wtp,16.57,16.57,16.5699991715,16.5699991715,8.284999992724806e-07,8.284999992724806e-07,0.0,8.881784197001252e-16
433,lp_demand_vickrey_raw_fine_wtp,16.57,16.57,16.57,16.57,0.0,0.0,0.0,-1.7763568394002505e-15
433,lp_integrated_supply_demand,16.57,16.57,15.330224132376337,15.330224132376337,1.2397758676236634,1.2397758676236634,0.0,0.0
434,equal_split_first_best,19.279999999999994,19.279999999999994,19.279999999999994,19.279999999999998,0.0,-3.552713678800501e-15,0.0,3.552713678800501e-15
434,equal_split_vickrey_majority,19.279999999999994,19.279999999999994,19.279999999999994,19.279999999999987,0.0,7.105427357601002e-15,0.0,-7.105427357601002e-15
434,equal_split_vickrey_faltings_fair,19.279999999999994,19.279999999999994,12.853333333333328,12.853333333333323,6.426666666666666,6.426666666666671,0.0,-5.329070518200751e-15
434,equal_split_vickrey_guo_2019_asymptotic,19.279999999999994,19.279999999999994,19.279999999999994,-62.700000000000024,0.0,81.98000000000002,0.0,-81.98000000000002
434,equal_split_vickrey_guo_2019_finite_n,19.279999999999994,19.279999999999994,19.279999999999994,17.573333333333316,0.0,1.7066666666666777,0.0,-1.7066666666666777
434,lp_demand_vickrey_raw_coarse_wtp,19.279999999999994,19.279999999999994,19.279999999999994,19.279999999999987,0.0,7.105427357601002e-15,0.0,-7.105427357601002e-15
434,lp_demand_vickrey_raw_fine_wtp,19.279999999999994,19.279999999999994,19.279999999999994,19.279999999999987,0.0,7.105427357601002e-15,0.0,-7.105427357601002e-15
434,lp_integrated_supply_demand,19.279999999999994,19.279999999999994,11.008920569301663,11.008920569301663,8.27107943069833,8.27107943069833,0.0,0.0
435,equal_split_first_best,5.780000000000001,5.780000000000001,5.780000000000001,5.780000000000001,0.0,0.0,0.0,0.0
435,equal_split_vickrey_majority,5.780000000000001,5.780000000000001,0.0,0.0,5.780000000000001,5.780000000000001,0.0,0.0
435,equal_split_vickrey_faltings_fair,5.780000000000001,5.780000000000001,3.853333333333334,3.853333333333327,1.9266666666666672,1.9266666666666743,0.0,-7.105427357601002e-15
435,equal_split_vickrey_guo_2019_asymptotic,5.780000000000001,5.780000000000001,0.0,-97.66,5.780000000000001,103.44,0.0,-97.66
435,equal_split_vickrey_guo_2019_finite_n,5.780000000000001,5.780000000000001,0.0,-6.723333333333322,5.780000000000001,12.503333333333323,0.0,-6.723333333333322
435,lp_demand_vickrey_raw_coarse_wtp,5.780000000000001,5.780000000000001,5.780000000000001,5.779999999999998,0.0,3.552713678800501e-15,0.0,-3.552713678800501e-15
435,lp_demand_vickrey_raw_fine_wtp,5.780000000000001,5.780000000000001,5.039691098882746,5.039691098882748,0.7403089011172552,0.7403089011172534,0.0,1.7763568394002505e-15
435,lp_integrated_supply_demand,5.780000000000001,5.780000000000001,-6.51305799651508,-6.51305799651508,12.293057996515081,12.293057996515081,0.0,0.0
436,equal_split_first_best,26.58,26.58,26.58,26.58,0.0,0.0,0.0,-8.881784197001252e-16
436,equal_split_vickrey_majority,26.58,26.58,26.58,26.58,0.0,0.0,0.0,-8.881784197001252e-16
436,equal_split_vickrey_faltings_fair,26.58,26.58,26.58,26.58,0.0,0.0,0.0,-8.881784197001252e-16
436,equal_split_vickrey_guo_2019_asymptotic,26.58,26.58,26.58,6.513333333333321,0.0,20.066666666666677,0.0,-20.066666666666677
436,equal_split_vickrey_guo_2019_finite_n,26.58,26.58,26.58,18.864999999999988,0.0,7.7150000000000105,0.0,-7.715000000000012
436,lp_demand_vickrey_raw_coarse_wtp,26.58,26.58,26.579999261666664,26.579999261666664,7.383333340271747e-07,7.383333340271747e-07,0.0,0.0
436,lp_demand_vickrey_raw_fine_wtp,26.58,26.58,26.58,26.58,0.0,0.0,0.0,-1.7763568394002505e-15
436,lp_integrated_supply_demand,26.58,26.58,25.706665641451295,25.706665641451295,0.8733343585487034,0.8733343585487034,0.0,0.0
437,equal_split_first_best,21.739999999999995,21.739999999999995,21.739999999999995,21.739999999999995,0.0,0.0,0.0,0.0
437,equal_split_vickrey_majority,21.739999999999995,21.739999999999995,21.739999999999995,21.739999999999995,0.0,0.0,0.0,0.0
437,equal_split_vickrey_faltings_fair,21.739999999999995,21.739999999999995,21.739999999999995,21.739999999999995,0.0,0.0,0.0,0.0
437,equal_split_vickrey_guo_2019_asymptotic,21.739999999999995,21.739999999999995,21.739999999999995,1.9999999999999893,0.0,19.740000000000006,0.0,-19.740000000000006
437,equal_split_vickrey_guo_2019_finite_n,21.739999999999995,21.739999999999995,21.739999999999995,15.904999999999994,0.0,5.835000000000001,0.0,-5.835000000000001
437,lp_demand_vickrey_raw_coarse_wtp,21.739999999999995,21.739999999999995,21.739999396111106,21.739999396111106,6.038888891168881e-07,6.038888891168881e-07,0.0,0.0
437,lp_demand_vickrey_raw_fine_wtp,21.739999999999995,21.739999999999995,21.739999999999995,21.739999999999995,0.0,0.0,0.0,8.881784197001252e-16
437,lp_integrated_supply_demand,21.739999999999995,21.739999999999995,20.046665867179467,20.046665867179467,1.693334132820528,1.693334132820528,0.0,0.0
438,equal_split_first_best,91.03,91.03,91.03,91.03,0.0,0.0,0.0,0.0
438,equal_split_vickrey_majority,91.03,91.03,91.03,91.03,0.0,0.0,0.0,0.0
438,equal_split_vickrey_faltings_fair,91.03,91.03,91.03,91.03,0.0,0.0,0.0,0.0
438,equal_split_vickrey_guo_2019_asymptotic,91.03,91.03,91.03,57.75,0.0,33.28,0.0,-33.28
438,equal_split_vickrey_guo_2019_finite_n,91.03,91.03,91.03,74.39,0.0,16.64,0.0,-16.64
438,lp_demand_vickrey_raw_coarse_wtp,91.03,91.03,91.03,91.03,0.0,0.0,0.0,-8.881784197001252e-16
438,lp_demand_vickrey_raw_fine_wtp,91.03,91.03,91.03,91.03,0.0,0.0,0.0,0.0
438,lp_integrated_supply_demand,91.03,91.03,88.31999948416177,88.31999948416177,2.7100005158382316,2.7100005158382316,0.0,0.0
439,equal_split_first_best,12.18,12.18,12.18,12.18,0.0,0.0,0.0,-4.440892098500626e-16
439,equal_split_vickrey_majority,12.18,12.18,12.18,12.18,0.0,0.0,0.0,0.0
439,equal_split_vickrey_faltings_fair,12.18,12.18,12.18,12.18,0.0,0.0,0.0,0.0
439,equal_split_vickrey_guo_2019_asymptotic,12.18,12.18,12.18,4.733333333333331,0.0,7.446666666666669,0.0,-7.446666666666669
439,equal_split_vickrey_guo_2019_finite_n,12.18,12.18,12.18,8.51,0.0,3.67,0.0,-3.67
439,lp_demand_vickrey_raw_coarse_wtp,12.18,12.18,0.0,0.0,12.18,12.18,0.0,0.0
439,lp_demand_vickrey_raw_fine_wtp,12.18,12.18,12.179999838303473,12.179999838303473,1.6169652639064225e-07,1.6169652639064225e-07,0.0,-2.220446049250313e-16
439,lp_integrated_supply_demand,12.18,12.18,5.606906170280557,5.606906170280557,6.573093829719443,6.573093829719443,0.0,0.0
440,equal_split_first_best,78.78,78.78,78.78,78.78,0.0,0.0,0.0,1.7763568394002505e-15
440,equal_split_vickrey_majority,78.78,78.78,78.78,78.78,0.0,0.0,0.0,1.7763568394002505e-15
440,equal_split_vickrey_faltings_fair,78.78,78.78,78.78,78.78,0.0,0.0,0.0,3.552713678800501e-15
440,equal_split_vickrey_guo_2019_asymptotic,78.78,78.78,78.78,50.12000000000001,0.0,28.65999999999999,0.0,-28.65999999999999
440,equal_split_vickrey_guo_2019_finite_n,78.78,78.78,78.78,64.45000000000002,0.0,14.329999999999984,0.0,-14.329999999999979
440,lp_demand_vickrey_raw_coarse_wtp,78.78,78.78,78.7799984244,78.7799984244,1.5755999953626088e-06,1.5755999953626088e-06,0.0,-2.6645352591003757e-15
440,lp_demand_vickrey_raw_fine_wtp,78.78,78.78,78.78,78.78,0.0,0.0,0.0,1.7763568394002505e-15
440,lp_integrated_supply_demand,78.78,78.78,76.03265536874834,76.03265536874834,2.7473446312516643,2.7473446312516643,0.0,0.0
441,equal_split_first_best,55.900000000000006,55.900000000000006,55.900000000000006,55.900000000000006,0.0,0.0,0.0,-1.7763568394002505e-15
441,equal_split_vickrey_majority,55.900000000000006,55.900000000000006,55.900000000000006,55.900000000000006,0.0,0.0,0.0,1.7763568394002505e-15
441,equal_split_vickrey_faltings_fair,55.900000000000006,55.900000000000006,55.900000000000006,55.900000000000006,0.0,0.0,0.0,1.7763568394002505e-15
441,equal_split_vickrey_guo_2019_asymptotic,55.900000000000006,55.900000000000006,55.900000000000006,25.680000000000017,0.0,30.219999999999988,0.0,-30.219999999999988
441,equal_split_vickrey_guo_2019_finite_n,55.900000000000006,55.900000000000006,55.900000000000006,40.790000000000006,0.0,15.11,0.0,-15.109999999999996
441,lp_demand_vickrey_raw_coarse_wtp,55.900000000000006,55.900000000000006,55.8999986025,55.8999986025,1.3975000072719013e-06,1.3975000072719013e-06,0.0,1.7763568394002505e-15
441,lp_demand_vickrey_raw_fine_wtp,55.900000000000006,55.900000000000006,55.900000000000006,55.900000000000006,0.0,0.0,0.0,1.7763568394002505e-15
441,lp_integrated_supply_demand,55.900000000000006,55.900000000000006,54.43755763381746,54.43755763381746,1.4624423661825432,1.4624423661825432,0.0,0.0
442,equal_split_first_best,21.31,21.31,21.31,21.31,0.0,0.0,0.0,0.0
442,equal_split_vickrey_majority,21.31,21.31,21.31,21.309999999999995,0.0,3.552713678800501e-15,0.0,-1.7763568394002505e-15
442,equal_split_vickrey_faltings_fair,21.31,21.31,21.31,21.309999999999995,0.0,3.552713678800501e-15,0.0,-1.7763568394002505e-15
442,equal_split_vickrey_guo_2019_asymptotic,21.31,21.31,21.31,-1.030000000000019,0.0,22.340000000000018,0.0,-22.340000000000018
442,equal_split_vickrey_guo_2019_finite_n,21.31,21.31,21.31,17.929999999999993,0.0,3.380000000000006,0.0,-3.3800000000000043
442,lp_demand_vickrey_raw_coarse_wtp,21.31,21.31,21.31,21.310000000000002,0.0,-3.552713678800501e-15,0.0,1.7763568394002505e-15
442,lp_demand_vickrey_raw_fine_wtp,21.31,21.31,21.31,21.310000000000002,0.0,-3.552713678800501e-15,0.0,1.7763568394002505e-15
442,lp_integrated_supply_demand,21.31,21.31,17.44514774503709,17.44514774503709,3.8648522549629085,3.8648522549629085,0.0,0.0
443,equal_split_first_best,87.60000000000001,87.60000000000001,87.60000000000001,87.60000000000001,0.0,0.0,0.0,1.7763568394002505e-15
443,equal_split_vickrey_majority,87.60000000000001,87.60000000000001,87.60000000000001,87.60000000000001,0.0,0.0,0.0,0.0
443,equal_split_vickrey_faltings_fair,87.60000000000001,87.60000000000001,87.60000000000001,87.60000000000001,0.0,0.0,0.0,0.0
443,equal_split_vickrey_guo_2019_asymptotic,87.60000000000001,87.60000000000001,87.60000000000001,52.420000000000044,0.0,35.179999999999964,0.0,-35.179999999999964
443,equal_split_vickrey_guo_2019_finite_n,87.60000000000001,87.60000000000001,87.60000000000001,70.01000000000006,0.0,17.589999999999947,0.0,-17.589999999999947
443,lp_demand_vickrey_raw_coarse_wtp,87.60000000000001,87.60000000000001,87.60000000000001,87.60000000000001,0.0,0.0,0.0,-8.881784197001252e-16
443,lp_demand_vickrey_raw_fine_wtp,87.60000000000001,87.60000000000001,87.60000000000001,87.60000000000001,0.0,0.0,0.0,0.0
443,lp_integrated_supply_demand,87.60000000000001,87.60000000000001,85.74052343740297,85.74052343740297,1.8594765625970382,1.8594765625970382,0.0,0.0
444,equal_split_first_best,10.61,10.61,10.61,10.61,0.0,0.0,0.0,0.0
444,equal_split_vickrey_majority,10.61,10.61,10.61,10.61,0.0,0.0,0.0,-8.881784197001252e-16
444,equal_split_vickrey_faltings_fair,10.61,10.61,10.61,10.61,0.0,0.0,0.0,0.0
444,equal_split_vickrey_guo_2019_asymptotic,10.61,10.61,10.61,0.0833333333333357,0.0,10.526666666666664,0.0,-10.526666666666664
444,equal_split_vickrey_guo_2019_finite_n,10.61,10.61,10.61,7.690000000000003,0.0,2.9199999999999964,0.0,-2.919999999999997
444,lp_demand_vickrey_raw_coarse_wtp,10.61,10.61,0.0,0.0,10.61,10.61,0.0,0.0
444,lp_demand_vickrey_raw_fine_wtp,10.61,10.61,10.609999616733267,10.609999616733267,3.832667321290728e-07,3.832667321290728e-07,0.0,0.0
444,lp_integrated_supply_demand,10.61,10.61,5.872313502496224,5.872313502496224,4.737686497503775,4.737686497503775,0.0,0.0
445,equal_split_first_best,29.71,29.71,29.71,29.71,0.0,0.0,0.0,-8.881784197001252e-16
445,equal_split_vickrey_majority,29.71,29.71,29.71,29.71,0.0,0.0,0.0,8.881784197001252e-16
445,equal_split_vickrey_faltings_fair,29.71,29.71,29.71,29.71,0.0,0.0,0.0,1.7763568394002505e-15
445,equal_split_vickrey_guo_2019_asymptotic,29.71,29.71,29.71,9.356666666666676,0.0,20.353333333333325,0.0,-20.353333333333325
445,equal_split_vickrey_guo_2019_finite_n,29.71,29.71,29.71,20.360000000000014,0.0,9.349999999999987,0.0,-9.349999999999989
445,lp_demand_vickrey_raw_coarse_wtp,29.71,29.71,29.70999933977778,29.70999933977778,6.60222220005835e-07,6.60222220005835e-07,0.0,-1.7763568394002505e-15
445,lp_demand_vickrey_raw_fine_wtp,29.71,29.71,29.71,29.71,0.0,0.0,0.0,-8.881784197001252e-16
445,lp_integrated_supply_demand,29.71,29.71,27.22333224763132,27.22333224763132,2.4866677523686818,2.4866677523686818,0.0,0.0
446,equal_split_first_best,40.540000000000006,40.540000000000006,40.540000000000006,40.540000000000006,0.0,0.0,0.0,1.7763568394002505e-15
446,equal_split_vickrey_majority,40.540000000000006,40.540000000000006,40.540000000000006,40.540000000000006,0.0,0.0,0.0,1.7763568394002505e-15
446,equal_split_vickrey_faltings_fair,40.540000000000006,40.540000000000006,40.540000000000006,40.540000000000006,0.0,0.0,0.0,3.552713678800501e-15
446,equal_split_vickrey_guo_2019_asymptotic,40.540000000000006,40.540000000000006,40.540000000000006,13.126666666666676,0.0,27.41333333333333,0.0,-27.41333333333333
446,equal_split_vickrey_guo_2019_finite_n,40.540000000000006,40.540000000000006,40.540000000000006,28.700000000000014,0.0,11.839999999999993,0.0,-11.839999999999993
446,lp_demand_vickrey_raw_coarse_wtp,40.540000000000006,40.540000000000006,40.53999864866667,40.53999864866667,1.3513333385617443e-06,1.3513333385617443e-06,0.0,1.7763568394002505e-15
446,lp_demand_vickrey_raw_fine_wtp,40.540000000000006,40.540000000000006,40.540000000000006,40.540000000000006,0.0,0.0,0.0,1.7763568394002505e-15
446,lp_integrated_supply_demand,40.540000000000006,40.540000000000006,37.709998496076054,37.709998496076054,2.8300015039239526,2.8300015039239526,0.0,0.0
447,equal_split_first_best,49.709999999999994,49.709999999999994,49.709999999999994,49.709999999999994,0.0,0.0,0.0,0.0
447,equal_split_vickrey_majority,49.709999999999994,49.709999999999994,49.709999999999994,49.709999999999994,0.0,0.0,0.0,-1.7763568394002505e-15
447,equal_split_vickrey_faltings_fair,49.709999999999994,49.709999999999994,49.709999999999994,49.709999999999994,0.0,0.0,0.0,-1.7763568394002505e-15
447,equal_split_vickrey_guo_2019_asymptotic,49.709999999999994,49.709999999999994,49.709999999999994,19.44999999999998,0.0,30.260000000000012,0.0,-30.260000000000012
447,equal_split_vickrey_guo_2019_finite_n,49.709999999999994,49.709999999999994,49.709999999999994,34.57999999999996,0.0,15.130000000000031,0.0,-15.13000000000003
447,lp_demand_vickrey_raw_coarse_wtp,49.709999999999994,49.709999999999994,49.70999875724999,49.70999875724999,1.2427500024614346e-06,1.2427500024614346e-06,0.0,1.7763568394002505e-15
447,lp_demand_vickrey_raw_fine_wtp,49.709999999999994,49.709999999999994,49.709999999999994,49.709999999999994,0.0,0.0,0.0,-8.881784197001252e-16
447,lp_integrated_supply_demand,49.709999999999994,49.709999999999994,46.252082026530395,46.252082026530395,3.4579179734695984,3.4579179734695984,0.0,0.0
448,equal_split_first_best,55.61000000000001,55.61000000000001,55.61000000000001,55.61000000000001,0.0,0.0,0.0,0.0
448,equal_split_vickrey_majority,55.61000000000001,55.61000000000001,55.61000000000001,55.61000000000001,0.0,0.0,0.0,1.7763568394002505e-15
448,equal_split_vickrey_faltings_fair,55.61000000000001,55.61000000000001,55.61000000000001,55.610000000000014,0.0,-7.105427357601002e-15,0.0,3.552713678800501e-15
448,equal_split_vickrey_guo_2019_asymptotic,55.61000000000001,55.61000000000001,55.61000000000001,28.990000000000023,0.0,26.619999999999983,0.0,-26.619999999999983
448,equal_split_vickrey_guo_2019_finite_n,55.61000000000001,55.61000000000001,55.61000000000001,42.30000000000003,0.0,13.309999999999974,0.0,-13.309999999999976
448,lp_demand_vickrey_raw_coarse_wtp,55.61000000000001,55.61000000000001,55.60999907316668,55.60999907316668,9.268333300838094e-07,9.268333300838094e-07,0.0,8.881784197001252e-16
448,lp_demand_vickrey_raw_fine_wtp,55.61000000000001,55.61000000000001,55.61000000000001,55.61000000000001,0.0,0.0,0.0,0.0
448,lp_integrated_supply_demand,55.61000000000001,55.61000000000001,53.73582103135969,53.73582103135969,1.8741789686403152,1.8741789686403152,0.0,0.0
449,equal_split_first_best,8.9,8.9,8.9,8.899999999999999,0.0,1.7763568394002505e-15,0.0,-8.881784197001252e-16
449,equal_split_vickrey_majority,8.9,8.9,8.9,8.899999999999999,0.0,1.7763568394002505e-15,0.0,-8.881784197001252e-16
449,equal_split_vickrey_faltings_fair,8.9,8.9,8.9,8.9,0.0,0.0,0.0,0.0
449,equal_split_vickrey_guo_2019_asymptotic,8.9,8.9,8.9,-1.040000000000001,0.0,9.940000000000001,0.0,-9.940000000000001
449,equal_split_vickrey_guo_2019_finite_n,8.9,8.9,8.9,6.278333333333333,0.0,2.621666666666667,0.0,-2.621666666666667
449,lp_demand_vickrey_raw_coarse_wtp,8.9,8.9,0.0,0.0,8.9,8.9,0.0,0.0
449,lp_demand_vickrey_raw_fine_wtp,8.9,8.9,8.899999703333332,8.899999703333332,2.966666681203378e-07,2.966666681203378e-07,0.0,8.881784197001252e-16
449,lp_integrated_supply_demand,8.9,8.9,4.927857195905,4.927857195905,3.972142804095,3.972142804095,0.0,0.0
450,equal_split_first_best,12.43,12.43,12.43,12.43,0.0,0.0,0.0,2.220446049250313e-16
450,equal_split_vickrey_majority,12.43,12.43,12.43,12.43,0.0,0.0,0.0,-4.440892098500626e-16
450,equal_split_vickrey_faltings_fair,12.43,12.43,12.43,12.43,0.0,0.0,0.0,0.0
450,equal_split_vickrey_guo_2019_asymptotic,12.43,12.43,12.43,6.129999999999997,0.0,6.3000000000000025,0.0,-6.3000000000000025
450,equal_split_vickrey_guo_2019_finite_n,12.43,12.43,12.43,9.279999999999994,0.0,3.1500000000000057,0.0,-3.150000000000006
450,lp_demand_vickrey_raw_coarse_wtp,12.43,12.43,0.0,0.0,12.43,12.43,0.0,0.0
450,lp_demand_vickrey_raw_fine_wtp,12.43,12.43,12.42999983498458,12.42999983498458,1.6501541999502933e-07,1.6501541999502933e-07,0.0,2.220446049250313e-16
450,lp_integrated_supply_demand,12.43,12.43,5.81185400354787,5.81185400354787,6.61814599645213,6.61814599645213,0.0,0.0
451,equal_split_first_best,47.050000000000004,47.050000000000004,47.050000000000004,47.050000000000004,0.0,0.0,0.0,0.0
451,equal_split_vickrey_majority,47.050000000000004,47.050000000000004,47.050000000000004,47.050000000000004,0.0,0.0,0.0,0.0
451,equal_split_vickrey_faltings_fair,47.050000000000004,47.050000000000004,47.050000000000004,47.050000000000004,0.0,0.0,0.0,0.0
451,equal_split_vickrey_guo_2019_asymptotic,47.050000000000004,47.050000000000004,47.050000000000004,16.710000000000008,0.0,30.339999999999996,0.0,-30.339999999999996
451,equal_split_vickrey_guo_2019_finite_n,47.050000000000004,47.050000000000004,47.050000000000004,31.880000000000038,0.0,15.169999999999966,0.0,-15.169999999999966
451,lp_demand_vickrey_raw_coarse_wtp,47.050000000000004,47.050000000000004,47.04999882375,47.04999882375,1.1762500022882705e-06,1.1762500022882705e-06,0.0,1.7763568394002505e-15
451,lp_demand_vickrey_raw_fine_wtp,47.050000000000004,47.050000000000004,47.050000000000004,47.050000000000004,0.0,0.0,0.0,8.881784197001252e-16
451,lp_integrated_supply_demand,47.050000000000004,47.050000000000004,45.41858841998549,45.41858841998549,1.6314115800145146,1.6314115800145146,0.0,0.0
452,equal_split_first_best,65.51,65.51,65.51,65.51,0.0,0.0,0.0,-1.7763568394002505e-15
452,equal_split_vickrey_majority,65.51,65.51,65.51,65.51,0.0,0.0,0.0,1.7763568394002505e-15
452,equal_split_vickrey_faltings_fair,65.51,65.51,65.51,65.51,0.0,0.0,0.0,3.552713678800501e-15
452,equal_split_vickrey_guo_2019_asymptotic,65.51,65.51,65.51,39.91000000000001,0.0,25.599999999999994,0.0,-25.59999999999999
452,equal_split_vickrey_guo_2019_finite_n,65.51,65.51,65.51,52.71000000000001,0.0,12.799999999999997,0.0,-12.799999999999994
452,lp_demand_vickrey_raw_coarse_wtp,65.51,65.51,65.50999890816668,65.50999890816668,1.0918333259724022e-06,1.0918333259724022e-06,0.0,-1.7763568394002505e-15
452,lp_demand_vickrey_raw_fine_wtp,65.51,65.51,65.51,65.51,0.0,0.0,0.0,0.0
452,lp_integrated_supply_demand,65.51,65.51,65.48432158928978,65.48432158928978,0.025678410710227695,0.025678410710227695,0.0,0.0
453,equal_split_first_best,10.589999999999996,10.589999999999996,10.589999999999996,10.589999999999996,0.0,0.0,0.0,0.0
453,equal_split_vickrey_majority,10.589999999999996,10.589999999999996,0.0,0.0,10.589999999999996,10.589999999999996,0.0,0.0
453,equal_split_vickrey_faltings_fair,10.589999999999996,10.589999999999996,3.5299999999999985,3.5299999999999967,7.059999999999998,7.06,0.0,-1.7763568394002505e-15
453,equal_split_vickrey_guo_2019_asymptotic,10.589999999999996,10.589999999999996,0.0,-108.30000000000001,10.589999999999996,118.89000000000001,0.0,-108.30000000000001
453,equal_split_vickrey_guo_2019_finite_n,10.589999999999996,10.589999999999996,0.0,-1.2999999999999972,10.589999999999996,11.889999999999993,0.0,-1.2999999999999972
453,lp_demand_vickrey_raw_coarse_wtp,10.589999999999996,10.589999999999996,10.58982121131272,10.589821211312717,0.00017878868727549957,0.00017878868727905228,0.0,-3.552713678800501e-15
453,lp_demand_vickrey_raw_fine_wtp,10.589999999999996,10.589999999999996,10.589999999999996,10.589999999999996,0.0,0.0,0.0,0.0
453,lp_integrated_supply_demand,10.589999999999996,10.589999999999996,9.178933312009256,9.178933312009256,1.4110666879907399,1.4110666879907399,0.0,0.0
454,equal_split_first_best,21.67,21.67,21.67,21.67,0.0,0.0,0.0,8.881784197001252e-16
454,equal_split_vickrey_majority,21.67,21.67,21.67,21.67,0.0,0.0,0.0,1.7763568394002505e-15
454,equal_split_vickrey_faltings_fair,21.67,21.67,21.67,21.67,0.0,0.0,0.0,1.7763568394002505e-15
454,equal_split_vickrey_guo_2019_asymptotic,21.67,21.67,21.67,0.4833333333333414,0.0,21.18666666666666,0.0,-21.18666666666666
454,equal_split_vickrey_guo_2019_finite_n,21.67,21.67,21.67,19.255000000000003,0.0,2.414999999999999,0.0,-2.4149999999999974
454,lp_demand_vickrey_raw_coarse_wtp,21.67,21.67,21.669998916500003,21.669998916500003,1.0834999990549932e-06,1.0834999990549932e-06,0.0,0.0
454,lp_demand_vickrey_raw_fine_wtp,21.67,21.67,21.67,21.67,0.0,0.0,0.0,1.7763568394002505e-15
454,lp_integrated_supply_demand,21.67,21.67,16.795090118787762,16.795090118787762,4.87490988121224,4.87490988121224,0.0,0.0
455,equal_split_first_best,15.380000000000003,15.380000000000003,15.380000000000003,15.380000000000003,0.0,0.0,0.0,4.440892098500626e-16
455,equal_split_vickrey_majority,15.380000000000003,15.380000000000003,15.380000000000003,15.380000000000003,0.0,0.0,0.0,0.0
455,equal_split_vickrey_faltings_fair,15.380000000000003,15.380000000000003,15.380000000000003,15.380000000000003,0.0,0.0,0.0,0.0
455,equal_split_vickrey_guo_2019_asymptotic,15.380000000000003,15.380000000000003,15.380000000000003,7.033333333333337,0.0,8.346666666666666,0.0,-8.346666666666666
455,equal_split_vickrey_guo_2019_finite_n,15.380000000000003,15.380000000000003,15.380000000000003,11.660000000000004,0.0,3.719999999999999,0.0,-3.719999999999999
455,lp_demand_vickrey_raw_coarse_wtp,15.380000000000003,15.380000000000003,15.379999487333336,15.379999487333336,5.126666664523327e-07,5.126666664523327e-07,0.0,-4.440892098500626e-16
455,lp_demand_vickrey_raw_fine_wtp,15.380000000000003,15.380000000000003,15.379999608094966,15.379999608094966,3.91905036423168e-07,3.91905036423168e-07,0.0,0.0
455,lp_integrated_supply_demand,15.380000000000003,15.380000000000003,15.025079133488372,15.025079133488372,0.35492086651163035,0.35492086651163035,0.0,0.0
456,equal_split_first_best,73.05999999999999,73.05999999999999,73.05999999999999,73.05999999999999,0.0,0.0,0.0,0.0
456,equal_split_vickrey_majority,73.05999999999999,73.05999999999999,73.05999999999999,73.05999999999999,0.0,0.0,0.0,-1.7763568394002505e-15
456,equal_split_vickrey_faltings_fair,73.05999999999999,73.05999999999999,73.05999999999999,73.05999999999999,0.0,0.0,0.0,-1.7763568394002505e-15
456,equal_split_vickrey_guo_2019_asymptotic,73.05999999999999,73.05999999999999,73.05999999999999,44.65999999999997,0.0,28.40000000000002,0.0,-28.400000000000023
456,equal_split_vickrey_guo_2019_finite_n,73.05999999999999,73.05999999999999,73.05999999999999,58.85999999999996,0.0,14.200000000000031,0.0,-14.200000000000035
456,lp_demand_vickrey_raw_coarse_wtp,73.05999999999999,73.05999999999999,73.05999878233311,73.05999878233311,1.2176668775509825e-06,1.2176668775509825e-06,0.0,-8.881784197001252e-16
456,lp_demand_vickrey_raw_fine_wtp,73.05999999999999,73.05999999999999,73.05999999999999,73.05999999999999,0.0,0.0,0.0,-1.7763568394002505e-15
456,lp_integrated_supply_demand,73.05999999999999,73.05999999999999,70.65052353243858,70.65052353243858,2.4094764675614044,2.4094764675614044,0.0,-2.7755575615628914e-17
457,equal_split_first_best,47.51,47.51,47.51,47.51,0.0,0.0,0.0,0.0
457,equal_split_vickrey_majority,47.51,47.51,47.51,47.51,0.0,0.0,0.0,0.0
457,equal_split_vickrey_faltings_fair,47.51,47.51,47.51,47.51,0.0,0.0,0.0,0.0
457,equal_split_vickrey_guo_2019_asymptotic,47.51,47.51,47.51,16.723333333333308,0.0,30.78666666666669,0.0,-30.78666666666669
457,equal_split_vickrey_guo_2019_finite_n,47.51,47.51,47.51,33.52999999999998,0.0,13.980000000000018,0.0,-13.980000000000018
457,lp_demand_vickrey_raw_coarse_wtp,47.51,47.51,47.50999881225,47.50999881225,1.187750001463428e-06,1.187750001463428e-06,0.0,1.7763568394002505e-15
457,lp_demand_vickrey_raw_fine_wtp,47.51,47.51,47.51,47.51,0.0,0.0,0.0,0.0
457,lp_integrated_supply_demand,47.51,47.51,46.37472872571438,46.37472872571438,1.1352712742856212,1.1352712742856212,0.0,0.0
458,equal_split_first_best,15.04,15.04,15.04,15.04,0.0,0.0,0.0,4.440892098500626e-16
458,equal_split_vickrey_majority,15.04,15.04,15.04,15.04,0.0,0.0,0.0,-4.440892098500626e-16
458,equal_split_vickrey_faltings_fair,15.04,15.04,15.04,15.04,0.0,0.0,0.0,0.0
458,equal_split_vickrey_guo_2019_asymptotic,15.04,15.04,15.04,6.199999999999992,0.0,8.840000000000007,0.0,-8.840000000000007
458,equal_split_vickrey_guo_2019_finite_n,15.04,15.04,15.04,11.419999999999991,0.0,3.620000000000008,0.0,-3.620000000000007
458,lp_demand_vickrey_raw_coarse_wtp,15.04,15.04,15.039999498666667,15.039999498666667,5.013333321812752e-07,5.013333321812752e-07,0.0,-8.881784197001252e-16
458,lp_demand_vickrey_raw_fine_wtp,15.04,15.04,15.039999616758664,15.039999616758664,3.832413355553399e-07,3.832413355553399e-07,0.0,8.881784197001252e-16
458,lp_integrated_supply_demand,15.04,15.04,13.548243899589927,13.548243899589927,1.491756100410072,1.491756100410072,0.0,0.0
459,equal_split_first_best,50.42999999999999,50.42999999999999,50.42999999999999,50.42999999999999,0.0,0.0,0.0,-1.7763568394002505e-15
459,equal_split_vickrey_majority,50.42999999999999,50.42999999999999,50.42999999999999,50.42999999999999,0.0,0.0,0.0,1.7763568394002505e-15
459,equal_split_vickrey_faltings_fair,50.42999999999999,50.42999999999999,50.42999999999999,50.42999999999999,0.0,0.0,0.0,1.7763568394002505e-15
459,equal_split_vickrey_guo_2019_asymptotic,50.42999999999999,50.42999999999999,50.42999999999999,19.350000000000005,0.0,31.079999999999988,0.0,-31.079999999999988
459,equal_split_vickrey_guo_2019_finite_n,50.42999999999999,50.42999999999999,50.42999999999999,35.81,0.0,14.61999999999999,0.0,-14.619999999999994
459,lp_demand_vickrey_raw_coarse_wtp,50.42999999999999,50.42999999999999,50.42999873924999,50.42999873924999,1.2607500039507613e-06,1.2607500039507613e-06,0.0,1.7763568394002505e-15
459,lp_demand_vickrey_raw_fine_wtp,50.42999999999999,50.42999999999999,50.42999999999999,50.42999999999999,0.0,0.0,0.0,1.7763568394002505e-15
459,lp_integrated_supply_demand,50.42999999999999,50.42999999999999,47.08506678526365,47.08506678526365,3.3449332147363435,3.3449332147363435,0.0,0.0
460,equal_split_first_best,51.1,51.1,51.1,51.1,0.0,0.0,0.0,1.7763568394002505e-15
460,equal_split_vickrey_majority,51.1,51.1,51.1,51.1,0.0,0.0,0.0,-1.7763568394002505e-15
460,equal_split_vickrey_faltings_fair,51.1,51.1,51.1,51.1,0.0,0.0,0.0,-1.7763568394002505e-15
460,equal_split_vickrey_guo_2019_asymptotic,51.1,51.1,51.1,23.406666666666673,0.0,27.693333333333328,0.0,-27.693333333333328
460,equal_split_vickrey_guo_2019_finite_n,51.1,51.1,51.1,39.120000000000005,0.0,11.979999999999997,0.0,-11.979999999999999
460,lp_demand_vickrey_raw_coarse_wtp,51.1,51.1,51.099998978,51.099998978,1.0219999992955309e-06,1.0219999992955309e-06,0.0,-2.6645352591003757e-15
460,lp_demand_vickrey_raw_fine_wtp,51.1,51.1,51.1,51.1,0.0,0.0,0.0,-2.6645352591003757e-15
460,lp_integrated_supply_demand,51.1,51.1,50.56120891867736,50.56120891867736,0.5387910813226426,0.5387910813226426,0.0,0.0
461,equal_split_first_best,13.249999999999998,13.249999999999998,13.249999999999998,13.249999999999998,0.0,0.0,0.0,0.0
461,equal_split_vickrey_majority,13.249999999999998,13.249999999999998,13.249999999999998,13.249999999999998,0.0,0.0,0.0,0.0
461,equal_split_vickrey_faltings_fair,13.249999999999998,13.249999999999998,13.249999999999998,13.249999999999998,0.0,0.0,0.0,0.0
461,equal_split_vickrey_guo_2019_asymptotic,13.249999999999998,13.249999999999998,13.249999999999998,5.616666666666662,0.0,7.633333333333336,0.0,-7.633333333333336
461,equal_split_vickrey_guo_2019_finite_n,13.249999999999998,13.249999999999998,13.249999999999998,9.519999999999989,0.0,3.7300000000000093,0.0,-3.7300000000000093
461,lp_demand_vickrey_raw_coarse_wtp,13.249999999999998,13.249999999999998,13.249999558333332,13.249999558333332,4.416666659068369e-07,4.416666659068369e-07,0.0,-4.440892098500626e-16
461,lp_demand_vickrey_raw_fine_wtp,13.249999999999998,13.249999999999998,13.249999662370497,13.249999662370497,3.376295012458286e-07,3.376295012458286e-07,0.0,4.440892098500626e-16
461,lp_integrated_supply_demand,13.249999999999998,13.249999999999998,12.877460424401187,12.877460424401187,0.372539575598811,0.372539575598811,0.0,0.0
462,equal_split_first_best,17.66,17.66,17.66,17.66,0.0,0.0,0.0,0.0
462,equal_split_vickrey_majority,17.66,17.66,17.66,17.660000000000004,0.0,-3.552713678800501e-15,0.0,1.7763568394002505e-15
462,equal_split_vickrey_faltings_fair,17.66,17.66,17.66,17.660000000000004,0.0,-3.552713678800501e-15,0.0,3.552713678800501e-15
462,equal_split_vickrey_guo_2019_asymptotic,17.66,17.66,17.66,-3.479999999999997,0.0,21.139999999999997,0.0,-21.139999999999997
462,equal_split_vickrey_guo_2019_finite_n,17.66,17.66,17.66,14.443333333333333,0.0,3.216666666666667,0.0,-3.216666666666667
462,lp_demand_vickrey_raw_coarse_wtp,17.66,17.66,17.66,17.66,0.0,0.0,0.0,8.881784197001252e-16
462,lp_demand_vickrey_raw_fine_wtp,17.66,17.66,17.66,17.66,0.0,0.0,0.0,0.0
462,lp_integrated_supply_demand,17.66,17.66,16.14499903405438,16.14499903405438,1.515000965945621,1.515000965945621,0.0,0.0
463,equal_split_first_best,26.730000000000004,26.730000000000004,26.730000000000004,26.730000000000004,0.0,0.0,0.0,0.0
463,equal_split_vickrey_majority,26.730000000000004,26.730000000000004,26.730000000000004,26.730000000000004,0.0,0.0,0.0,8.881784197001252e-16
463,equal_split_vickrey_faltings_fair,26.730000000000004,26.730000000000004,26.730000000000004,26.730000000000004,0.0,0.0,0.0,0.0
463,equal_split_vickrey_guo_2019_asymptotic,26.730000000000004,26.730000000000004,26.730000000000004,7.3700000000000045,0.0,19.36,0.0,-19.36
463,equal_split_vickrey_guo_2019_finite_n,26.730000000000004,26.730000000000004,26.730000000000004,19.955000000000013,0.0,6.7749999999999915,0.0,-6.77499999999999
463,lp_demand_vickrey_raw_coarse_wtp,26.730000000000004,26.730000000000004,26.729999257500005,26.729999257500005,7.424999992622361e-07,7.424999992622361e-07,0.0,8.881784197001252e-16
463,lp_demand_vickrey_raw_fine_wtp,26.730000000000004,26.730000000000004,26.730000000000004,26.730000000000004,0.0,0.0,0.0,-1.7763568394002505e-15
463,lp_integrated_supply_demand,26.730000000000004,26.730000000000004,24.049999040854658,24.049999040854658,2.680000959145346,2.680000959145346,0.0,0.0
464,equal_split_first_best,31.880000000000003,31.880000000000003,31.880000000000003,31.880000000000003,0.0,0.0,0.0,-8.881784197001252e-16
464,equal_split_vickrey_majority,31.880000000000003,31.880000000000003,31.880000000000003,31.880000000000003,0.0,0.0,0.0,-1.7763568394002505e-15
464,equal_split_vickrey_faltings_fair,31.880000000000003,31.880000000000003,31.880000000000003,31.880000000000003,0.0,0.0,0.0,0.0
464,equal_split_vickrey_guo_2019_asymptotic,31.880000000000003,31.880000000000003,31.880000000000003,10.266666666666659,0.0,21.613333333333344,0.0,-21.613333333333344
464,equal_split_vickrey_guo_2019_finite_n,31.880000000000003,31.880000000000003,31.880000000000003,23.98,0.0,7.900000000000002,0.0,-7.900000000000003
464,lp_demand_vickrey_raw_coarse_wtp,31.880000000000003,31.880000000000003,31.879999335833336,31.879999335833336,6.64166666553001e-07,6.64166666553001e-07,0.0,0.0
464,lp_demand_vickrey_raw_fine_wtp,31.880000000000003,31.880000000000003,31.880000000000003,31.88,0.0,3.552713678800501e-15,0.0,-2.6645352591003757e-15
464,lp_integrated_supply_demand,31.880000000000003,31.880000000000003,29.895706235609918,29.895706235609918,1.9842937643900846,1.9842937643900846,0.0,0.0
465,equal_split_first_best,8.76,8.76,8.76,8.76,0.0,0.0,0.0,0.0
465,equal_split_vickrey_majority,8.76,8.76,8.76,8.759999999999998,0.0,1.7763568394002505e-15,0.0,-8.881784197001252e-16
465,equal_split_vickrey_faltings_fair,8.76,8.76,8.76,8.759999999999998,0.0,1.7763568394002505e-15,0.0,-8.881784197001252e-16
465,equal_split_vickrey_guo_2019_asymptotic,8.76,8.76,8.76,-1.6933333333333387,0.0,10.453333333333338,0.0,-10.453333333333338
465,equal_split_vickrey_guo_2019_finite_n,8.76,8.76,8.76,5.881666666666667,0.0,2.878333333333333,0.0,-2.878333333333333
465,lp_demand_vickrey_raw_coarse_wtp,8.76,8.76,0.0,0.0,8.76,8.76,0.0,0.0
465,lp_demand_vickrey_raw_fine_wtp,8.76,8.76,8.759999707999999,8.759999707999999,2.920000010675494e-07,2.920000010675494e-07,0.0,8.881784197001252e-16
465,lp_integrated_supply_demand,8.76,8.76,5.09223829654833,5.09223829654833,3.66776170345167,3.66776170345167,0.0,0.0
466,equal_split_first_best,9.0,9.0,9.0,9.0,0.0,0.0,0.0,0.0
466,equal_split_vickrey_majority,9.0,9.0,9.0,9.0,0.0,0.0,0.0,8.881784197001252e-16
466,equal_split_vickrey_faltings_fair,9.0,9.0,9.0,9.000000000000002,0.0,-1.7763568394002505e-15,0.0,1.7763568394002505e-15
466,equal_split_vickrey_guo_2019_asymptotic,9.0,9.0,9.0,-1.06666666666667,0.0,10.06666666666667,0.0,-10.06666666666667
466,equal_split_vickrey_guo_2019_finite_n,9.0,9.0,9.0,6.843333333333328,0.0,2.1566666666666716,0.0,-2.156666666666671
466,lp_demand_vickrey_raw_coarse_wtp,9.0,9.0,0.0,0.0,9.0,9.0,0.0,0.0
466,lp_demand_vickrey_raw_fine_wtp,9.0,9.0,8.9999997,8.9999997,2.9999999995311555e-07,2.9999999995311555e-07,0.0,8.881784197001252e-16
466,lp_integrated_supply_demand,9.0,9.0,5.154288360892171,5.154288360892171,3.8457116391078294,3.8457116391078294,0.0,0.0
467,equal_split_first_best,11.25,11.25,11.25,11.25,0.0,0.0,0.0,0.0
467,equal_split_vickrey_majority,11.25,11.25,0.0,0.0,11.25,11.25,0.0,0.0
467,equal_split_vickrey_faltings_fair,11.25,11.25,7.5,7.4999999999999964,3.75,3.7500000000000036,0.0,-3.552713678800501e-15
467,equal_split_vickrey_guo_2019_asymptotic,11.25,11.25,0.0,-139.22,11.25,150.47,0.0,-139.22
467,equal_split_vickrey_guo_2019_finite_n,11.25,11.25,0.0,-7.06666666666667,11.25,18.31666666666667,0.0,-7.06666666666667
467,lp_demand_vickrey_raw_coarse_wtp,11.25,11.25,11.25,11.25,0.0,0.0,0.0,0.0
467,lp_demand_vickrey_raw_fine_wtp,11.25,11.25,11.25,11.249999999999996,0.0,3.552713678800501e-15,0.0,-3.552713678800501e-15
467,lp_integrated_supply_demand,11.25,11.25,-2.3944078005731564,-2.3944078005731564,13.644407800573155,13.644407800573155,0.0,0.0
468,equal_split_first_best,54.43000000000001,54.43000000000001,54.43000000000001,54.43000000000001,0.0,0.0,0.0,1.7763568394002505e-15
468,equal_split_vickrey_majority,54.43000000000001,54.43000000000001,54.43000000000001,54.43000000000001,0.0,0.0,0.0,-1.7763568394002505e-15
468,equal_split_vickrey_faltings_fair,54.43000000000001,54.43000000000001,54.43000000000001,54.43000000000001,0.0,0.0,0.0,-1.7763568394002505e-15
468,equal_split_vickrey_guo_2019_asymptotic,54.43000000000001,54.43000000000001,54.43000000000001,15.090000000000018,0.0,39.33999999999999,0.0,-39.33999999999999
468,equal_split_vickrey_guo_2019_finite_n,54.43000000000001,54.43000000000001,54.43000000000001,34.76000000000002,0.0,19.669999999999987,0.0,-19.669999999999984
468,lp_demand_vickrey_raw_coarse_wtp,54.43000000000001,54.43000000000001,54.43000000000001,54.43000000000001,0.0,0.0,0.0,8.881784197001252e-16
468,lp_demand_vickrey_raw_fine_wtp,54.43000000000001,54.43000000000001,54.43000000000001,54.43000000000001,0.0,0.0,0.0,-1.7763568394002505e-15
468,lp_integrated_supply_demand,54.43000000000001,54.43000000000001,52.82999878171828,52.82999878171828,1.6000012182817258,1.6000012182817258,0.0,0.0
469,equal_split_first_best,76.1,76.1,76.1,76.1,0.0,0.0,0.0,1.7763568394002505e-15
469,equal_split_vickrey_majority,76.1,76.1,76.1,76.1,0.0,0.0,0.0,-1.7763568394002505e-15
469,equal_split_vickrey_faltings_fair,76.1,76.1,76.1,76.1,0.0,0.0,0.0,-1.7763568394002505e-15
469,equal_split_vickrey_guo_2019_asymptotic,76.1,76.1,76.1,48.15999999999996,0.0,27.940000000000033,0.0,-27.940000000000033
469,equal_split_vickrey_guo_2019_finite_n,76.1,76.1,76.1,62.12999999999996,0.0,13.970000000000034,0.0,-13.970000000000033
469,lp_demand_vickrey_raw_coarse_wtp,76.1,76.1,76.09999873166643,76.09999873166643,1.2683335626206826e-06,1.2683335626206826e-06,0.0,0.0
469,lp_demand_vickrey_raw_fine_wtp,76.1,76.1,76.1,76.1,0.0,0.0,0.0,-8.881784197001252e-16
469,lp_integrated_supply_demand,76.1,76.1,75.40466652125919,75.40466652125919,0.6953334787408068,0.6953334787408068,0.0,-2.7755575615628914e-17
470,equal_split_first_best,40.839999999999996,40.839999999999996,40.839999999999996,40.839999999999996,0.0,0.0,0.0,-1.7763568394002505e-15
470,equal_split_vickrey_majority,40.839999999999996,40.839999999999996,40.839999999999996,40.839999999999996,0.0,0.0,0.0,0.0
470,equal_split_vickrey_faltings_fair,40.839999999999996,40.839999999999996,40.839999999999996,40.839999999999996,0.0,0.0,0.0,0.0
470,equal_split_vickrey_guo_2019_asymptotic,40.839999999999996,40.839999999999996,40.839999999999996,9.379999999999981,0.0,31.460000000000015,0.0,-31.460000000000015
470,equal_split_vickrey_guo_2019_finite_n,40.839999999999996,40.839999999999996,40.839999999999996,29.59999999999997,0.0,11.240000000000027,0.0,-11.240000000000027
470,lp_demand_vickrey_raw_coarse_wtp,40.839999999999996,40.839999999999996,40.839999999999996,40.839999999999996,0.0,0.0,0.0,0.0
470,lp_demand_vickrey_raw_fine_wtp,40.839999999999996,40.839999999999996,40.839999999999996,40.839999999999996,0.0,0.0,0.0,-1.7763568394002505e-15
470,lp_integrated_supply_demand,40.839999999999996,40.839999999999996,37.87694920332095,37.87694920332095,2.963050796679049,2.963050796679049,0.0,0.0
471,equal_split_first_best,18.580000000000002,18.580000000000002,18.580000000000002,18.580000000000005,0.0,-3.552713678800501e-15,0.0,1.7763568394002505e-15
471,equal_split_vickrey_majority,18.580000000000002,18.580000000000002,18.580000000000002,18.58,0.0,3.552713678800501e-15,0.0,-1.7763568394002505e-15
471,equal_split_vickrey_faltings_fair,18.580000000000002,18.580000000000002,18.580000000000002,18.58,0.0,3.552713678800501e-15,0.0,-1.7763568394002505e-15
471,equal_split_vickrey_guo_2019_asymptotic,18.580000000000002,18.580000000000002,18.580000000000002,-1.9399999999999942,0.0,20.519999999999996,0.0,-20.519999999999996
471,equal_split_vickrey_guo_2019_finite_n,18.580000000000002,18.580000000000002,18.580000000000002,12.730000000000008,0.0,5.849999999999994,0.0,-5.849999999999995
471,lp_demand_vickrey_raw_coarse_wtp,18.580000000000002,18.580000000000002,18.57999948388889,18.57999948388889,5.161111111817718e-07,5.161111111817718e-07,0.0,0.0
471,lp_demand_vickrey_raw_fine_wtp,18.580000000000002,18.580000000000002,18.580000000000002,18.580000000000002,0.0,0.0,0.0,-8.881784197001252e-16
471,lp_integrated_supply_demand,18.580000000000002,18.580000000000002,17.216665980043565,17.216665980043565,1.3633340199564365,1.3633340199564365,0.0,0.0
472,equal_split_first_best,76.99,76.99,76.99,76.99,0.0,0.0,0.0,-8.881784197001252e-16
472,equal_split_vickrey_majority,76.99,76.99,76.99,76.99,0.0,0.0,0.0,0.0
472,equal_split_vickrey_faltings_fair,76.99,76.99,76.99,76.99,0.0,0.0,0.0,0.0
472,equal_split_vickrey_guo_2019_asymptotic,76.99,76.99,76.99,47.94999999999997,0.0,29.040000000000028,0.0,-29.040000000000028
472,equal_split_vickrey_guo_2019_finite_n,76.99,76.99,76.99,62.46999999999999,0.0,14.520000000000003,0.0,-14.520000000000003
472,lp_demand_vickrey_raw_coarse_wtp,76.99,76.99,76.9899987168331,76.9899987168331,1.2831668954049746e-06,1.2831668954049746e-06,0.0,-8.881784197001252e-16
472,lp_demand_vickrey_raw_fine_wtp,76.99,76.99,76.99,76.99,0.0,0.0,0.0,0.0
472,lp_integrated_supply_demand,76.99,76.99,72.06580430546433,72.06580430546433,4.924195694535669,4.924195694535669,0.0,-2.7755575615628914e-17
473,equal_split_first_best,79.87,79.87,79.87,79.87,0.0,0.0,0.0,8.881784197001252e-16
473,equal_split_vickrey_majority,79.87,79.87,79.87,79.87,0.0,0.0,0.0,-1.7763568394002505e-15
473,equal_split_vickrey_faltings_fair,79.87,79.87,79.87,79.87,0.0,0.0,0.0,-1.7763568394002505e-15
473,equal_split_vickrey_guo_2019_asymptotic,79.87,79.87,79.87,46.40999999999998,0.0,33.46000000000002,0.0,-33.46000000000002
473,equal_split_vickrey_guo_2019_finite_n,79.87,79.87,79.87,63.14,0.0,16.730000000000004,0.0,-16.730000000000008
473,lp_demand_vickrey_raw_coarse_wtp,79.87,79.87,79.87,79.87,0.0,0.0,0.0,1.7763568394002505e-15
473,lp_demand_vickrey_raw_fine_wtp,79.87,79.87,79.87,79.87,0.0,0.0,0.0,1.7763568394002505e-15
473,lp_integrated_supply_demand,79.87,79.87,77.27499903898855,77.27499903898855,2.5950009610114506,2.5950009610114506,0.0,0.0
474,equal_split_first_best,25.720000000000002,25.720000000000002,25.720000000000002,25.720000000000002,0.0,0.0,0.0,0.0
474,equal_split_vickrey_majority,25.720000000000002,25.720000000000002,25.720000000000002,25.72,0.0,3.552713678800501e-15,0.0,-1.7763568394002505e-15
474,equal_split_vickrey_faltings_fair,25.720000000000002,25.720000000000002,25.720000000000002,25.72,0.0,3.552713678800501e-15,0.0,-1.7763568394002505e-15
474,equal_split_vickrey_guo_2019_asymptotic,25.720000000000002,25.720000000000002,25.720000000000002,4.133333333333333,0.0,21.58666666666667,0.0,-21.58666666666667
474,equal_split_vickrey_guo_2019_finite_n,25.720000000000002,25.720000000000002,25.720000000000002,23.196666666666673,0.0,2.52333333333333,0.0,-2.5233333333333317
474,lp_demand_vickrey_raw_coarse_wtp,25.720000000000002,25.720000000000002,25.719999142666666,25.719999142666666,8.573333367678515e-07,8.573333367678515e-07,0.0,0.0
474,lp_demand_vickrey_raw_fine_wtp,25.720000000000002,25.720000000000002,25.720000000000002,25.720000000000002,0.0,0.0,0.0,-8.881784197001252e-16
474,lp_integrated_supply_demand,25.720000000000002,25.720000000000002,22.65888334034374,22.65888334034374,3.061116659656264,3.061116659656264,0.0,0.0
475,equal_split_first_best,58.68,58.68,58.68,58.68,0.0,0.0,0.0,0.0
475,equal_split_vickrey_majority,58.68,58.68,58.68,58.68,0.0,0.0,0.0,-1.7763568394002505e-15
475,equal_split_vickrey_faltings_fair,58.68,58.68,58.68,58.68,0.0,0.0,0.0,-1.7763568394002505e-15
475,equal_split_vickrey_guo_2019_asymptotic,58.68,58.68,58.68,30.959999999999997,0.0,27.720000000000002,0.0,-27.720000000000002
475,equal_split_vickrey_guo_2019_finite_n,58.68,58.68,58.68,44.82000000000001,0.0,13.859999999999992,0.0,-13.859999999999996
475,lp_demand_vickrey_raw_coarse_wtp,58.68,58.68,58.679998532999996,58.679998532999996,1.4670000041405729e-06,1.4670000041405729e-06,0.0,1.7763568394002505e-15
475,lp_demand_vickrey_raw_fine_wtp,58.68,58.68,58.68,58.68,0.0,0.0,0.0,-2.6645352591003757e-15
475,lp_integrated_supply_demand,58.68,58.68,54.90405112557586,54.90405112557586,3.775948874424138,3.775948874424138,0.0,0.0
476,equal_split_first_best,50.86,50.86,50.86,50.86,0.0,0.0,0.0,-8.881784197001252e-16
476,equal_split_vickrey_majority,50.86,50.86,50.86,50.86,0.0,0.0,0.0,0.0
476,equal_split_vickrey_faltings_fair,50.86,50.86,50.86,50.86,0.0,0.0,0.0,0.0
476,equal_split_vickrey_guo_2019_asymptotic,50.86,50.86,50.86,26.58,0.0,24.28,0.0,-24.28
476,equal_split_vickrey_guo_2019_finite_n,50.86,50.86,50.86,38.720000000000006,0.0,12.139999999999993,0.0,-12.139999999999993
476,lp_demand_vickrey_raw_coarse_wtp,50.86,50.86,50.859998940416666,50.859998940416666,1.0595833330739879e-06,1.0595833330739879e-06,0.0,0.0
476,lp_demand_vickrey_raw_fine_wtp,50.86,50.86,50.86,50.86,0.0,0.0,0.0,-8.881784197001252e-16
476,lp_integrated_supply_demand,50.86,50.86,47.69844778756872,47.69844778756872,3.161552212431282,3.161552212431282,0.0,0.0
477,equal_split_first_best,10.809999999999995,10.809999999999995,10.809999999999995,10.809999999999999,0.0,-3.552713678800501e-15,0.0,3.552713678800501e-15
477,equal_split_vickrey_majority,10.809999999999995,10.809999999999995,0.0,0.0,10.809999999999995,10.809999999999995,0.0,0.0
477,equal_split_vickrey_faltings_fair,10.809999999999995,10.809999999999995,0.0,0.0,10.809999999999995,10.809999999999995,0.0,0.0
477,equal_split_vickrey_guo_2019_asymptotic,10.809999999999995,10.809999999999995,0.0,-135.66,10.809999999999995,146.47,0.0,-135.66
477,equal_split_vickrey_guo_2019_finite_n,10.809999999999995,10.809999999999995,0.0,2.1316282072803006e-14,10.809999999999995,10.809999999999974,0.0,2.1316282072803006e-14
477,lp_demand_vickrey_raw_coarse_wtp,10.809999999999995,10.809999999999995,10.809999999999995,10.809999999999995,0.0,0.0,0.0,0.0
477,lp_demand_vickrey_raw_fine_wtp,10.809999999999995,10.809999999999995,10.809999999999995,10.809999999999995,0.0,0.0,0.0,0.0
477,lp_integrated_supply_demand,10.809999999999995,10.809999999999995,-7.645096251437152,-7.645096251437152,18.455096251437148,18.455096251437148,0.0,0.0
478,equal_split_first_best,12.850000000000001,12.850000000000001,12.850000000000001,12.850000000000001,0.0,0.0,0.0,-4.440892098500626e-16
478,equal_split_vickrey_majority,12.850000000000001,12.850000000000001,12.850000000000001,12.850000000000001,0.0,0.0,0.0,0.0
478,equal_split_vickrey_faltings_fair,12.850000000000001,12.850000000000001,12.850000000000001,12.850000000000001,0.0,0.0,0.0,0.0
478,equal_split_vickrey_guo_2019_asymptotic,12.850000000000001,12.850000000000001,12.850000000000001,5.710000000000003,0.0,7.139999999999999,0.0,-7.139999999999999
478,equal_split_vickrey_guo_2019_finite_n,12.850000000000001,12.850000000000001,12.850000000000001,9.280000000000003,0.0,3.5699999999999985,0.0,-3.5699999999999985
478,lp_demand_vickrey_raw_coarse_wtp,12.850000000000001,12.850000000000001,12.849999785833335,12.849999785833335,2.1416666662332773e-07,2.1416666662332773e-07,0.0,0.0
478,lp_demand_vickrey_raw_fine_wtp,12.850000000000001,12.850000000000001,12.849999829408839,12.849999829408839,1.7059116252937656e-07,1.7059116252937656e-07,0.0,2.220446049250313e-16
478,lp_integrated_supply_demand,12.850000000000001,12.850000000000001,12.257931302423454,12.257931302423454,0.592068697576547,0.592068697576547,0.0,0.0
479,equal_split_first_best,17.42,17.42,17.42,17.42,0.0,0.0,0.0,-2.220446049250313e-16
479,equal_split_vickrey_majority,17.42,17.42,17.42,17.42,0.0,0.0,0.0,0.0
479,equal_split_vickrey_faltings_fair,17.42,17.42,17.42,17.42,0.0,0.0,0.0,0.0
479,equal_split_vickrey_guo_2019_asymptotic,17.42,17.42,17.42,9.200000000000001,0.0,8.22,0.0,-8.22
479,equal_split_vickrey_guo_2019_finite_n,17.42,17.42,17.42,13.31,0.0,4.110000000000001,0.0,-4.110000000000001
479,lp_demand_vickrey_raw_coarse_wtp,17.42,17.42,17.419999419333337,17.419999419333337,5.806666649732506e-07,5.806666649732506e-07,0.0,-4.440892098500626e-16
479,lp_demand_vickrey_raw_fine_wtp,17.42,17.42,17.419999659265102,17.419999659265102,3.4073489985075867e-07,3.4073489985075867e-07,0.0,-2.220446049250313e-16
479,lp_integrated_supply_demand,17.42,17.42,15.377672505769965,15.377672505769965,2.0423274942300367,2.0423274942300367,0.0,0.0
480,equal_split_first_best,20.5,20.5,20.5,20.5,0.0,0.0,0.0,0.0
480,equal_split_vickrey_majority,20.5,20.5,20.5,20.5,0.0,0.0,0.0,0.0
480,equal_split_vickrey_faltings_fair,20.5,20.5,20.5,20.5,0.0,0.0,0.0,0.0
480,equal_split_vickrey_guo_2019_asymptotic,20.5,20.5,20.5,-2.9600000000000044,0.0,23.460000000000004,0.0,-23.460000000000004
480,equal_split_vickrey_guo_2019_finite_n,20.5,20.5,20.5,14.86666666666666,0.0,5.63333333333334,0.0,-5.63333333333334
480,lp_demand_vickrey_raw_coarse_wtp,20.5,20.5,20.5,20.5,0.0,0.0,0.0,-8.881784197001252e-16
480,lp_demand_vickrey_raw_fine_wtp,20.5,20.5,20.5,20.5,0.0,0.0,0.0,0.0
480,lp_integrated_supply_demand,20.5,20.5,19.254998985089646,19.254998985089646,1.245001014910354,1.245001014910354,0.0,0.0
481,equal_split_first_best,3.969999999999999,3.969999999999999,3.969999999999999,3.9699999999999918,0.0,7.105427357601002e-15,0.0,-7.105427357601002e-15
481,equal_split_vickrey_majority,3.969999999999999,3.969999999999999,0.0,0.0,3.969999999999999,3.969999999999999,0.0,0.0
481,equal_split_vickrey_faltings_fair,3.969999999999999,3.969999999999999,2.6466666666666656,2.6466666666666674,1.3233333333333333,1.3233333333333315,0.0,1.7763568394002505e-15
481,equal_split_vickrey_guo_2019_asymptotic,3.969999999999999,3.969999999999999,3.969999999999999,-98.44999999999997,0.0,102.41999999999997,0.0,-102.41999999999997
481,equal_split_vickrey_guo_2019_finite_n,3.969999999999999,3.969999999999999,3.969999999999999,0.10333333333332817,0.0,3.8666666666666707,0.0,-3.8666666666666707
481,lp_demand_vickrey_raw_coarse_wtp,3.969999999999999,3.969999999999999,3.969999999999999,3.970000000000006,0.0,-7.105427357601002e-15,0.0,7.105427357601002e-15
481,lp_demand_vickrey_raw_fine_wtp,3.969999999999999,3.969999999999999,3.969999999999999,3.969999999999999,0.0,0.0,0.0,0.0
481,lp_integrated_supply_demand,3.969999999999999,3.969999999999999,-5.924449771443593,-5.924449771443593,9.894449771443592,9.894449771443592,0.0,0.0
482,equal_split_first_best,9.98,9.98,9.98,9.98,0.0,0.0,0.0,4.440892098500626e-16
482,equal_split_vickrey_majority,9.98,9.98,9.98,9.98,0.0,0.0,0.0,0.0
482,equal_split_vickrey_faltings_fair,9.98,9.98,9.98,9.98,0.0,0.0,0.0,0.0
482,equal_split_vickrey_guo_2019_asymptotic,9.98,9.98,9.98,2.7933333333333286,0.0,7.186666666666672,0.0,-7.186666666666672
482,equal_split_vickrey_guo_2019_finite_n,9.98,9.98,9.98,6.919999999999997,0.0,3.060000000000003,0.0,-3.060000000000003
482,lp_demand_vickrey_raw_coarse_wtp,9.98,9.98,0.0,0.0,9.98,9.98,0.0,0.0
482,lp_demand_vickrey_raw_fine_wtp,9.98,9.98,9.979999745694911,9.979999745694911,2.5430508898693915e-07,2.5430508898693915e-07,0.0,6.661338147750939e-16
482,lp_integrated_supply_demand,9.98,9.98,4.893754360212183,4.893754360212183,5.086245639787817,5.086245639787817,0.0,0.0
483,equal_split_first_best,16.36,16.36,16.36,16.36,0.0,0.0,0.0,-1.7763568394002505e-15
483,equal_split_vickrey_majority,16.36,16.36,16.36,16.36,0.0,0.0,0.0,1.7763568394002505e-15
483,equal_split_vickrey_faltings_fair,16.36,16.36,16.36,16.360000000000003,0.0,-3.552713678800501e-15,0.0,3.552713678800501e-15
483,equal_split_vickrey_guo_2019_asymptotic,16.36,16.36,16.36,-7.506666666666657,0.0,23.866666666666656,0.0,-23.866666666666656
483,equal_split_vickrey_guo_2019_finite_n,16.36,16.36,16.36,13.459999999999997,0.0,2.900000000000002,0.0,-2.900000000000003
483,lp_demand_vickrey_raw_coarse_wtp,16.36,16.36,16.36,16.36,0.0,0.0,0.0,-1.7763568394002505e-15
483,lp_demand_vickrey_raw_fine_wtp,16.36,16.36,16.36,16.359999999999996,0.0,3.552713678800501e-15,0.0,-2.6645352591003757e-15
483,lp_integrated_supply_demand,16.36,16.36,15.37666605342516,15.37666605342516,0.9833339465748399,0.9833339465748399,0.0,0.0
484,equal_split_first_best,22.290000000000003,22.290000000000003,22.290000000000003,22.290000000000003,0.0,0.0,0.0,0.0
484,equal_split_vickrey_majority,22.290000000000003,22.290000000000003,22.290000000000003,22.290000000000006,0.0,-3.552713678800501e-15,0.0,1.7763568394002505e-15
484,equal_split_vickrey_faltings_fair,22.290000000000003,22.290000000000003,22.290000000000003,22.290000000000006,0.0,-3.552713678800501e-15,0.0,3.552713678800501e-15
484,equal_split_vickrey_guo_2019_asymptotic,22.290000000000003,22.290000000000003,22.290000000000003,-1.2233333333333327,0.0,23.513333333333335,0.0,-23.513333333333335
484,equal_split_vickrey_guo_2019_finite_n,22.290000000000003,22.290000000000003,22.290000000000003,15.599999999999993,0.0,6.69000000000001,0.0,-6.69000000000001
484,lp_demand_vickrey_raw_coarse_wtp,22.290000000000003,22.290000000000003,22.289999257,22.289999257,7.430000010799631e-07,7.430000010799631e-07,0.0,0.0
484,lp_demand_vickrey_raw_fine_wtp,22.290000000000003,22.290000000000003,22.290000000000003,22.290000000000006,0.0,-3.552713678800501e-15,0.0,1.7763568394002505e-15
484,lp_integrated_supply_demand,22.290000000000003,22.290000000000003,20.993332496091842,20.993332496091842,1.2966675039081608,1.2966675039081608,0.0,0.0
485,equal_split_first_best,29.54,29.54,29.54,29.54,0.0,0.0,0.0,0.0
485,equal_split_vickrey_majority,29.54,29.54,29.54,29.54,0.0,0.0,0.0,-1.7763568394002505e-15
485,equal_split_vickrey_faltings_fair,29.54,29.54,29.54,29.54,0.0,0.0,0.0,-1.7763568394002505e-15
485,equal_split_vickrey_guo_2019_asymptotic,29.54,29.54,29.54,7.419999999999991,0.0,22.120000000000008,0.0,-22.120000000000008
485,equal_split_vickrey_guo_2019_finite_n,29.54,29.54,29.54,21.39499999999999,0.0,8.14500000000001,0.0,-8.14500000000001
485,lp_demand_vickrey_raw_coarse_wtp,29.54,29.54,29.539999179444443,29.539999179444443,8.205555559470668e-07,8.205555559470668e-07,0.0,1.7763568394002505e-15
485,lp_demand_vickrey_raw_fine_wtp,29.54,29.54,29.54,29.539999999999996,0.0,3.552713678800501e-15,0.0,-2.6645352591003757e-15
485,lp_integrated_supply_demand,29.54,29.54,26.949998925198877,26.949998925198877,2.5900010748011226,2.5900010748011226,0.0,0.0
486,equal_split_first_best,10.399999999999999,10.399999999999999,10.399999999999999,10.399999999999999,0.0,0.0,0.0,-4.440892098500626e-16
486,equal_split_vickrey_majority,10.399999999999999,10.399999999999999,10.399999999999999,10.399999999999999,0.0,0.0,0.0,4.440892098500626e-16
486,equal_split_vickrey_faltings_fair,10.399999999999999,10.399999999999999,10.399999999999999,10.399999999999999,0.0,0.0,0.0,4.440892098500626e-16
486,equal_split_vickrey_guo_2019_asymptotic,10.399999999999999,10.399999999999999,10.399999999999999,3.333333333333335,0.0,7.066666666666664,0.0,-7.066666666666664
486,equal_split_vickrey_guo_2019_finite_n,10.399999999999999,10.399999999999999,10.399999999999999,6.879999999999995,0.0,3.520000000000004,0.0,-3.520000000000004
486,lp_demand_vickrey_raw_coarse_wtp,10.399999999999999,10.399999999999999,0.0,0.0,10.399999999999999,10.399999999999999,0.0,0.0
486,lp_demand_vickrey_raw_fine_wtp,10.399999999999999,10.399999999999999,10.399999861933999,10.399999861933999,1.3806599952204124e-07,1.3806599952204124e-07,0.0,-2.220446049250313e-16
486,lp_integrated_supply_demand,10.399999999999999,10.399999999999999,5.065377342541722,5.065377342541722,5.334622657458277,5.334622657458277,0.0,0.0
487,equal_split_first_best,86.36000000000001,86.36000000000001,86.36000000000001,86.36000000000001,0.0,0.0,0.0,-1.7763568394002505e-15
487,equal_split_vickrey_majority,86.36000000000001,86.36000000000001,86.36000000000001,86.36000000000001,0.0,0.0,0.0,-1.7763568394002505e-15
487,equal_split_vickrey_faltings_fair,86.36000000000001,86.36000000000001,86.36000000000001,86.36000000000001,0.0,0.0,0.0,-1.7763568394002505e-15
487,equal_split_vickrey_guo_2019_asymptotic,86.36000000000001,86.36000000000001,86.36000000000001,57.00000000000003,0.0,29.359999999999985,0.0,-29.35999999999999
487,equal_split_vickrey_guo_2019_finite_n,86.36000000000001,86.36000000000001,86.36000000000001,71.68,0.0,14.680000000000007,0.0,-14.68000000000001
487,lp_demand_vickrey_raw_coarse_wtp,86.36000000000001,86.36000000000001,86.35999856066668,86.35999856066668,1.4393333316320422e-06,1.4393333316320422e-06,0.0,1.7763568394002505e-15
487,lp_demand_vickrey_raw_fine_wtp,86.36000000000001,86.36000000000001,86.36000000000001,86.36000000000001,0.0,0.0,0.0,-1.7763568394002505e-15
487,lp_integrated_supply_demand,86.36000000000001,86.36000000000001,84.83999932525269,84.83999932525269,1.5200006747473225,1.5200006747473225,0.0,0.0
488,equal_split_first_best,52.74000000000001,52.74000000000001,52.74000000000001,52.74000000000001,0.0,0.0,0.0,-8.881784197001252e-16
488,equal_split_vickrey_majority,52.74000000000001,52.74000000000001,52.74000000000001,52.74000000000001,0.0,0.0,0.0,1.7763568394002505e-15
488,equal_split_vickrey_faltings_fair,52.74000000000001,52.74000000000001,52.74000000000001,52.74000000000001,0.0,0.0,0.0,1.7763568394002505e-15
488,equal_split_vickrey_guo_2019_asymptotic,52.74000000000001,52.74000000000001,52.74000000000001,25.90000000000002,0.0,26.83999999999999,0.0,-26.83999999999999
488,equal_split_vickrey_guo_2019_finite_n,52.74000000000001,52.74000000000001,52.74000000000001,41.000000000000014,0.0,11.739999999999995,0.0,-11.739999999999997
488,lp_demand_vickrey_raw_coarse_wtp,52.74000000000001,52.74000000000001,52.739998681500005,52.739998681500005,1.3185000042881256e-06,1.3185000042881256e-06,0.0,0.0
488,lp_demand_vickrey_raw_fine_wtp,52.74000000000001,52.74000000000001,52.74000000000001,52.74000000000001,0.0,0.0,0.0,1.7763568394002505e-15
488,lp_integrated_supply_demand,52.74000000000001,52.74000000000001,49.77532584587862,49.77532584587862,2.96467415412139,2.96467415412139,0.0,0.0
489,equal_split_first_best,23.490000000000002,23.490000000000002,23.490000000000002,23.490000000000002,0.0,0.0,0.0,0.0
489,equal_split_vickrey_majority,23.490000000000002,23.490000000000002,23.490000000000002,23.490000000000002,0.0,0.0,0.0,0.0
489,equal_split_vickrey_faltings_fair,23.490000000000002,23.490000000000002,23.490000000000002,23.490000000000002,0.0,0.0,0.0,0.0
489,equal_split_vickrey_guo_2019_asymptotic,23.490000000000002,23.490000000000002,23.490000000000002,0.9233333333333356,0.0,22.566666666666666,0.0,-22.566666666666666
489,equal_split_vickrey_guo_2019_finite_n,23.490000000000002,23.490000000000002,23.490000000000002,16.784999999999997,0.0,6.705000000000005,0.0,-6.705000000000005
489,lp_demand_vickrey_raw_coarse_wtp,23.490000000000002,23.490000000000002,23.489999217,23.489999217000005,7.830000008368643e-07,7.829999972841506e-07,0.0,1.7763568394002505e-15
489,lp_demand_vickrey_raw_fine_wtp,23.490000000000002,23.490000000000002,23.490000000000002,23.490000000000002,0.0,0.0,0.0,0.0
489,lp_integrated_supply_demand,23.490000000000002,23.490000000000002,20.65666584285188,20.65666584285188,2.8333341571481228,2.8333341571481228,0.0,0.0
490,equal_split_first_best,101.81,101.81,101.81,101.81,0.0,0.0,0.0,-8.881784197001252e-16
490,equal_split_vickrey_majority,101.81,101.81,101.81,101.81,0.0,0.0,0.0,0.0
490,equal_split_vickrey_faltings_fair,101.81,101.81,101.81,101.81,0.0,0.0,0.0,0.0
490,equal_split_vickrey_guo_2019_asymptotic,101.81,101.81,101.81,64.03,0.0,37.78,0.0,-37.78
490,equal_split_vickrey_guo_2019_finite_n,101.81,101.81,101.81,82.92,0.0,18.89,0.0,-18.89
490,lp_demand_vickrey_raw_coarse_wtp,101.81,101.81,101.81,101.81,0.0,0.0,0.0,0.0
490,lp_demand_vickrey_raw_fine_wtp,101.81,101.81,101.81,101.81,0.0,0.0,0.0,-8.881784197001252e-16
490,lp_integrated_supply_demand,101.81,101.81,96.55934926839878,96.55934926839878,5.250650731601226,5.250650731601226,0.0,-2.7755575615628914e-17
491,equal_split_first_best,9.79,9.79,9.79,9.79,0.0,0.0,0.0,0.0
491,equal_split_vickrey_majority,9.79,9.79,0.0,0.0,9.79,9.79,0.0,0.0
491,equal_split_vickrey_faltings_fair,9.79,9.79,3.2633333333333328,3.2633333333333328,6.526666666666666,6.526666666666666,0.0,0.0
491,equal_split_vickrey_guo_2019_asymptotic,9.79,9.79,0.0,-114.36000000000001,9.79,124.15,0.0,-114.36000000000001
491,equal_split_vickrey_guo_2019_finite_n,9.79,9.79,0.0,-1.6599999999999895,9.79,11.449999999999989,0.0,-1.6599999999999895
491,lp_demand_vickrey_raw_coarse_wtp,9.79,9.79,9.789834717540279,9.789834717540279,0.00016528245972047273,0.00016528245972047273,0.0,0.0
491,lp_demand_vickrey_raw_fine_wtp,9.79,9.79,9.79,9.790000000000006,0.0,-7.105427357601002e-15,0.0,7.105427357601002e-15
491,lp_integrated_supply_demand,9.79,9.79,-0.4417470633849033,-0.4417470633849033,10.231747063384903,10.231747063384903,0.0,0.0
492,equal_split_first_best,73.84,73.84,73.84,73.84,0.0,0.0,0.0,-8.881784197001252e-16
492,equal_split_vickrey_majority,73.84,73.84,73.84,73.84,0.0,0.0,0.0,0.0
492,equal_split_vickrey_faltings_fair,73.84,73.84,73.84,73.84,0.0,0.0,0.0,0.0
492,equal_split_vickrey_guo_2019_asymptotic,73.84,73.84,73.84,47.86000000000002,0.0,25.979999999999983,0.0,-25.979999999999983
492,equal_split_vickrey_guo_2019_finite_n,73.84,73.84,73.84,60.85000000000003,0.0,12.989999999999974,0.0,-12.989999999999974
492,lp_demand_vickrey_raw_coarse_wtp,73.84,73.84,73.83999897444446,73.83999897444446,1.025555548039847e-06,1.025555548039847e-06,0.0,-1.7763568394002505e-15
492,lp_demand_vickrey_raw_fine_wtp,73.84,73.84,73.84,73.84,0.0,0.0,0.0,0.0
492,lp_integrated_supply_demand,73.84,73.84,71.60015800453118,71.60015800453118,2.2398419954688222,2.2398419954688222,0.0,-2.7755575615628914e-17
493,equal_split_first_best,43.04,43.04,43.04,43.04,0.0,0.0,0.0,-1.7763568394002505e-15
493,equal_split_vickrey_majority,43.04,43.04,43.04,43.04,0.0,0.0,0.0,0.0
493,equal_split_vickrey_faltings_fair,43.04,43.04,43.04,43.04,0.0,0.0,0.0,0.0
493,equal_split_vickrey_guo_2019_asymptotic,43.04,43.04,43.04,13.02666666666666,0.0,30.01333333333334,0.0,-30.01333333333334
493,equal_split_vickrey_guo_2019_finite_n,43.04,43.04,43.04,29.52,0.0,13.52,0.0,-13.52
493,lp_demand_vickrey_raw_coarse_wtp,43.04,43.04,43.039998923999995,43.039998923999995,1.076000003763511e-06,1.076000003763511e-06,0.0,-1.7763568394002505e-15
493,lp_demand_vickrey_raw_fine_wtp,43.04,43.04,43.04,43.04,0.0,0.0,0.0,8.881784197001252e-16
493,lp_integrated_supply_demand,43.04,43.04,42.218953304562035,42.218953304562035,0.821046695437964,0.821046695437964,0.0,0.0
494,equal_split_first_best,0.0,0.0,0.0,0.0,0.0,0.0,0.0,0.0
494,equal_split_vickrey_majority,0.0,0.0,0.0,0.0,0.0,0.0,0.0,0.0
494,equal_split_vickrey_faltings_fair,0.0,0.0,0.0,0.0,0.0,0.0,0.0,0.0
494,equal_split_vickrey_guo_2019_asymptotic,0.0,0.0,0.0,-115.91999999999997,0.0,115.91999999999997,0.0,-115.91999999999997
494,equal_split_vickrey_guo_2019_finite_n,0.0,0.0,0.0,-7.105427357601002e-15,0.0,7.105427357601002e-15,0.0,-7.105427357601002e-15
494,lp_demand_vickrey_raw_coarse_wtp,0.0,0.0,-9.289843158932502,-9.289843158932506,9.289843158932502,9.289843158932506,0.0,-3.552713678800501e-15
494,lp_demand_vickrey_raw_fine_wtp,0.0,0.0,-9.29,-9.29,9.29,9.29,0.0,0.0
494,lp_integrated_supply_demand,0.0,0.0,-8.17982203784798,-8.17982203784798,8.17982203784798,8.17982203784798,0.0,0.0
495,equal_split_first_best,49.53999999999999,49.53999999999999,49.53999999999999,49.53999999999999,0.0,0.0,0.0,-1.7763568394002505e-15
495,equal_split_vickrey_majority,49.53999999999999,49.53999999999999,49.53999999999999,49.53999999999999,0.0,0.0,0.0,1.7763568394002505e-15
495,equal_split_vickrey_faltings_fair,49.53999999999999,49.53999999999999,49.53999999999999,49.53999999999999,0.0,0.0,0.0,1.7763568394002505e-15
495,equal_split_vickrey_guo_2019_asymptotic,49.53999999999999,49.53999999999999,49.53999999999999,17.04666666666664,0.0,32.493333333333354,0.0,-32.493333333333354
495,equal_split_vickrey_guo_2019_finite_n,49.53999999999999,49.53999999999999,49.53999999999999,36.75999999999999,0.0,12.780000000000001,0.0,-12.779999999999998
495,lp_demand_vickrey_raw_coarse_wtp,49.53999999999999,49.53999999999999,49.53999999999999,49.53999999999999,0.0,0.0,0.0,0.0
495,lp_demand_vickrey_raw_fine_wtp,49.53999999999999,49.53999999999999,49.53999999999999,49.53999999999999,0.0,0.0,0.0,-1.7763568394002505e-15
495,lp_integrated_supply_demand,49.53999999999999,49.53999999999999,48.77499860287947,48.77499860287947,0.7650013971205212,0.7650013971205212,0.0,0.0
496,equal_split_first_best,46.830000000000005,46.830000000000005,46.830000000000005,46.830000000000005,0.0,0.0,0.0,-8.881784197001252e-16
496,equal_split_vickrey_majority,46.830000000000005,46.830000000000005,46.830000000000005,46.830000000000005,0.0,0.0,0.0,-1.7763568394002505e-15
496,equal_split_vickrey_faltings_fair,46.830000000000005,46.830000000000005,46.830000000000005,46.830000000000005,0.0,0.0,0.0,-1.7763568394002505e-15
496,equal_split_vickrey_guo_2019_asymptotic,46.830000000000005,46.830000000000005,46.830000000000005,15.163333333333338,0.0,31.666666666666668,0.0,-31.666666666666668
496,equal_split_vickrey_guo_2019_finite_n,46.830000000000005,46.830000000000005,46.830000000000005,34.42999999999999,0.0,12.400000000000013,0.0,-12.40000000000001
496,lp_demand_vickrey_raw_coarse_wtp,46.830000000000005,46.830000000000005,46.830000000000005,46.830000000000005,0.0,0.0,0.0,1.7763568394002505e-15
496,lp_demand_vickrey_raw_fine_wtp,46.830000000000005,46.830000000000005,46.830000000000005,46.830000000000005,0.0,0.0,0.0,0.0
496,lp_integrated_supply_demand,46.830000000000005,46.830000000000005,41.84502508693967,41.84502508693967,4.984974913060334,4.984974913060334,0.0,0.0
497,equal_split_first_best,23.270000000000003,23.270000000000003,23.270000000000003,23.270000000000003,0.0,0.0,0.0,-8.881784197001252e-16
497,equal_split_vickrey_majority,23.270000000000003,23.270000000000003,23.270000000000003,23.270000000000003,0.0,0.0,0.0,-8.881784197001252e-16
497,equal_split_vickrey_faltings_fair,23.270000000000003,23.270000000000003,23.270000000000003,23.270000000000003,0.0,0.0,0.0,-8.881784197001252e-16
497,equal_split_vickrey_guo_2019_asymptotic,23.270000000000003,23.270000000000003,23.270000000000003,4.643333333333338,0.0,18.626666666666665,0.0,-18.626666666666665
497,equal_split_vickrey_guo_2019_finite_n,23.270000000000003,23.270000000000003,23.270000000000003,15.53,0.0,7.740000000000004,0.0,-7.740000000000004
497,lp_demand_vickrey_raw_coarse_wtp,23.270000000000003,23.270000000000003,23.269999482888892,23.269999482888892,5.171111112645121e-07,5.171111112645121e-07,0.0,-4.440892098500626e-16
497,lp_demand_vickrey_raw_fine_wtp,23.270000000000003,23.270000000000003,23.270000000000003,23.270000000000003,0.0,0.0,0.0,0.0
497,lp_integrated_supply_demand,23.270000000000003,23.270000000000003,22.793332424305493,22.793332424305493,0.4766675756945098,0.4766675756945098,0.0,0.0
498,equal_split_first_best,50.1,50.1,50.1,50.1,0.0,0.0,0.0,-1.7763568394002505e-15
498,equal_split_vickrey_majority,50.1,50.1,50.1,50.1,0.0,0.0,0.0,-1.7763568394002505e-15
498,equal_split_vickrey_faltings_fair,50.1,50.1,50.1,50.1,0.0,0.0,0.0,-1.7763568394002505e-15
498,equal_split_vickrey_guo_2019_asymptotic,50.1,50.1,50.1,15.346666666666657,0.0,34.753333333333345,0.0,-34.753333333333345
498,equal_split_vickrey_guo_2019_finite_n,50.1,50.1,50.1,35.47000000000001,0.0,14.629999999999988,0.0,-14.629999999999992
498,lp_demand_vickrey_raw_coarse_wtp,50.1,50.1,50.1,50.1,0.0,0.0,0.0,8.881784197001252e-16
498,lp_demand_vickrey_raw_fine_wtp,50.1,50.1,50.1,50.1,0.0,0.0,0.0,8.881784197001252e-16
498,lp_integrated_supply_demand,50.1,50.1,44.589987276976935,44.589987276976935,5.510012723023067,5.510012723023067,0.0,0.0
499,equal_split_first_best,41.53,41.53,41.53,41.53,0.0,0.0,0.0,1.7763568394002505e-15
499,equal_split_vickrey_majority,41.53,41.53,41.53,41.53,0.0,0.0,0.0,1.7763568394002505e-15
499,equal_split_vickrey_faltings_fair,41.53,41.53,41.53,41.53,0.0,0.0,0.0,1.7763568394002505e-15
499,equal_split_vickrey_guo_2019_asymptotic,41.53,41.53,41.53,11.23,0.0,30.3,0.0,-30.3
499,equal_split_vickrey_guo_2019_finite_n,41.53,41.53,41.53,28.500000000000018,0.0,13.029999999999983,0.0,-13.029999999999983
499,lp_demand_vickrey_raw_coarse_wtp,41.53,41.53,41.529998961749996,41.529998961749996,1.038250005080954e-06,1.038250005080954e-06,0.0,0.0
499,lp_demand_vickrey_raw_fine_wtp,41.53,41.53,41.53,41.53,0.0,0.0,0.0,0.0
499,lp_integrated_supply_demand,41.53,41.53,40.58397252537506,40.58397252537506,0.9460274746249411,0.9460274746249411,0.0,0.0
