profile_id,mechanism,first_best_welfare,reported_first_best_welfare,welfare,regret,rounding_regret,budget_imbalance
0,equal_split_first_best,47.2,47.2,47.2,0.0,0.0,0.0
1,equal_split_first_best,112.53999999999999,109.57,109.57,2.969999999999999,2.969999999999999,0.0
2,equal_split_first_best,141.91,140.76000000000002,140.76000000000002,1.1499999999999773,1.1499999999999773,0.0
3,equal_split_first_best,73.21,71.34,71.34,1.8699999999999903,1.8699999999999903,0.0
4,equal_split_first_best,30.889999999999993,26.629999999999995,26.629999999999995,4.259999999999998,4.259999999999998,0.0
5,equal_split_first_best,149.29,138.1,138.1,11.189999999999998,11.189999999999998,0.0
6,equal_split_first_best,44.690000000000005,44.690000000000005,44.690000000000005,0.0,0.0,0.0
7,equal_split_first_best,38.230000000000004,33.1,33.1,5.130000000000003,5.130000000000003,0.0
8,equal_split_first_best,137.26,137.01,137.01,0.25,0.25,0.0
9,equal_split_first_best,73.80000000000001,73.80000000000001,73.80000000000001,0.0,0.0,0.0
10,equal_split_first_best,33.8,26.049999999999997,26.049999999999997,7.75,7.75,0.0
11,equal_split_first_best,37.31999999999999,36.48,36.48,0.8399999999999963,0.8399999999999963,0.0
12,equal_split_first_best,20.84,19.810000000000002,19.810000000000002,1.0299999999999976,1.0299999999999976,0.0
13,equal_split_first_best,98.03999999999999,90.99,90.99,7.049999999999997,7.049999999999997,0.0
14,equal_split_first_best,90.62,90.62,90.62,0.0,0.0,0.0
15,equal_split_first_best,93.99000000000001,93.60000000000001,93.60000000000001,0.39000000000000057,0.39000000000000057,0.0
16,equal_split_first_best,84.51,76.01,76.01,8.5,8.5,0.0
17,equal_split_first_best,35.629999999999995,22.609999999999992,22.609999999999992,13.020000000000003,13.020000000000003,0.0
18,equal_split_first_best,51.27,49.760000000000005,49.760000000000005,1.509999999999998,1.509999999999998,0.0
19,equal_split_first_best,28.72,14.980000000000004,14.980000000000004,13.739999999999995,13.739999999999995,0.0
20,equal_split_first_best,54.55,54.55,54.55,0.0,0.0,0.0
21,equal_split_first_best,80.42,80.42,80.42,0.0,0.0,0.0
22,equal_split_first_best,111.13999999999999,107.97,107.97,3.1699999999999875,3.1699999999999875,0.0
23,equal_split_first_best,20.46,20.46,20.46,0.0,0.0,0.0
24,equal_split_first_best,73.97,73.97,73.97,0.0,0.0,0.0
25,equal_split_first_best,45.43,41.449999999999996,41.449999999999996,3.980000000000004,3.980000000000004,0.0
26,equal_split_first_best,17.82,17.44,17.44,0.379999999999999,0.379999999999999,0.0
27,equal_split_first_best,79.87,76.3,76.3,3.5700000000000074,3.5700000000000074,0.0
28,equal_split_first_best,80.85999999999999,77.38,77.38,3.4799999999999898,3.4799999999999898,0.0
29,equal_split_first_best,38.19,37.66,37.66,0.5300000000000011,0.5300000000000011,0.0
30,equal_split_first_best,74.96000000000001,72.12,72.12,2.8400000000000034,2.8400000000000034,0.0
31,equal_split_first_best,34.66,25.959999999999997,25.959999999999997,8.7,8.7,0.0
32,equal_split_first_best,113.08,109.84,109.84,3.239999999999995,3.239999999999995,0.0
33,equal_split_first_best,82.07,71.17,71.17,10.899999999999991,10.899999999999991,0.0
34,equal_split_first_best,104.28,104.15,104.15,0.12999999999999545,0.12999999999999545,0.0
35,equal_split_first_best,69.06,66.57,66.57,2.490000000000009,2.490000000000009,0.0
36,equal_split_first_best,22.840000000000003,22.480000000000004,22.480000000000004,0.35999999999999943,0.35999999999999943,0.0
37,equal_split_first_best,123.27999999999999,116.43999999999998,116.43999999999998,6.840000000000003,6.840000000000003,0.0
38,equal_split_first_best,22.43,20.27,20.27,2.16,2.16,0.0
39,equal_split_first_best,64.22,62.38999999999999,62.38999999999999,1.8300000000000054,1.8300000000000054,0.0
40,equal_split_first_best,83.58,81.28,81.28,2.299999999999997,2.299999999999997,0.0
41,equal_split_first_best,23.11,21.86,21.86,1.25,1.25,0.0
42,equal_split_first_best,53.870000000000005,45.660000000000004,45.660000000000004,8.21,8.21,0.0
43,equal_split_first_best,19.91,17.26,17.26,2.6499999999999986,2.6499999999999986,0.0
44,equal_split_first_best,114.67,111.94,111.94,2.730000000000004,2.730000000000004,0.0
45,equal_split_first_best,28.89,23.89,23.89,5.0,5.0,0.0
46,equal_split_first_best,111.38,111.38,111.38,0.0,0.0,0.0
47,equal_split_first_best,109.04,107.47000000000001,107.47000000000001,1.5699999999999932,1.5699999999999932,0.0
48,equal_split_first_best,145.70999999999998,143.61999999999998,143.61999999999998,2.0900000000000034,2.0900000000000034,0.0
49,equal_split_first_best,15.91,13.96,13.96,1.9499999999999993,1.9499999999999993,0.0
50,equal_split_first_best,85.15,81.6,81.6,3.5500000000000114,3.5500000000000114,0.0
51,equal_split_first_best,46.04,35.56,35.56,10.479999999999997,10.479999999999997,0.0
52,equal_split_first_best,116.84,107.39,107.39,9.450000000000003,9.450000000000003,0.0
53,equal_split_first_best,112.63999999999999,110.19,110.19,2.4499999999999886,2.4499999999999886,0.0
54,equal_split_first_best,39.65,30.769999999999996,30.769999999999996,8.880000000000003,8.880000000000003,0.0
55,equal_split_first_best,33.739999999999995,13.319999999999993,13.319999999999993,20.42,20.42,0.0
56,equal_split_first_best,83.74,78.77,78.77,4.969999999999999,4.969999999999999,0.0
57,equal_split_first_best,67.99,66.96,66.96,1.0300000000000011,1.0300000000000011,0.0
58,equal_split_first_best,20.209999999999997,18.54,18.54,1.6699999999999982,1.6699999999999982,0.0
59,equal_split_first_best,19.39,17.17,17.17,2.219999999999999,2.219999999999999,0.0
60,equal_split_first_best,122.83999999999999,119.63999999999999,119.63999999999999,3.200000000000003,3.200000000000003,0.0
61,equal_split_first_best,70.9,59.97,59.97,10.930000000000007,10.930000000000007,0.0
62,equal_split_first_best,77.45,74.62,74.62,2.8299999999999983,2.8299999999999983,0.0
63,equal_split_first_best,64.95,64.23,64.23,0.7199999999999989,0.7199999999999989,0.0
64,equal_split_first_best,120.98,118.64,118.64,2.3400000000000034,2.3400000000000034,0.0
65,equal_split_first_best,86.14999999999999,81.53,81.53,4.61999999999999,4.61999999999999,0.0
66,equal_split_first_best,89.80999999999999,87.93999999999998,87.93999999999998,1.8700000000000045,1.8700000000000045,0.0
67,equal_split_first_best,142.32999999999998,138.04,138.04,4.289999999999992,4.289999999999992,0.0
68,equal_split_first_best,40.730000000000004,40.730000000000004,40.730000000000004,0.0,0.0,0.0
69,equal_split_first_best,81.46,75.53999999999999,75.53999999999999,5.920000000000002,5.920000000000002,0.0
70,equal_split_first_best,68.02,66.09,66.09,1.9299999999999926,1.9299999999999926,0.0
71,equal_split_first_best,74.38,74.38,74.38,0.0,0.0,0.0
72,equal_split_first_best,78.60000000000001,66.87,66.87,11.730000000000004,11.730000000000004,0.0
73,equal_split_first_best,49.91,43.45,43.45,6.459999999999994,6.459999999999994,0.0
74,equal_split_first_best,45.58,45.58,45.58,0.0,0.0,0.0
75,equal_split_first_best,56.129999999999995,56.129999999999995,56.129999999999995,0.0,0.0,0.0
76,equal_split_first_best,96.41,87.96,87.96,8.450000000000003,8.450000000000003,0.0
77,equal_split_first_best,79.81,73.8,73.8,6.010000000000005,6.010000000000005,0.0
78,equal_split_first_best,21.9,20.66,20.66,1.2399999999999984,1.2399999999999984,0.0
79,equal_split_first_best,48.82,48.82,48.82,0.0,0.0,0.0
80,equal_split_first_best,46.86,44.099999999999994,44.099999999999994,2.760000000000005,2.760000000000005,0.0
81,equal_split_first_best,77.78999999999999,71.78999999999999,71.78999999999999,6.0,6.0,0.0
82,equal_split_first_best,20.549999999999997,20.549999999999997,20.549999999999997,0.0,0.0,0.0
83,equal_split_first_best,82.12,78.35,78.35,3.7700000000000102,3.7700000000000102,0.0
84,equal_split_first_best,78.66,76.99,76.99,1.6700000000000017,1.6700000000000017,0.0
85,equal_split_first_best,46.83,45.989999999999995,45.989999999999995,0.8400000000000034,0.8400000000000034,0.0
86,equal_split_first_best,71.93,65.49000000000001,65.49000000000001,6.439999999999998,6.439999999999998,0.0
87,equal_split_first_best,39.71,37.12,37.12,2.5900000000000034,2.5900000000000034,0.0
88,equal_split_first_best,82.32,79.72,79.72,2.5999999999999943,2.5999999999999943,0.0
89,equal_split_first_best,32.16,32.16,32.16,0.0,0.0,0.0
90,equal_split_first_best,82.94,76.52,76.52,6.420000000000002,6.420000000000002,0.0
91,equal_split_first_best,41.41,41.41,41.41,0.0,0.0,0.0
92,equal_split_first_best,115.66000000000001,113.7,113.7,1.960000000000008,1.960000000000008,0.0
93,equal_split_first_best,45.29,45.29,45.29,0.0,0.0,0.0
94,equal_split_first_best,45.800000000000004,45.42,45.42,0.38000000000000256,0.38000000000000256,0.0
95,equal_split_first_best,85.16,82.43,82.43,2.7299999999999898,2.7299999999999898,0.0
96,equal_split_first_best,139.89,132.44,132.44,7.449999999999989,7.449999999999989,0.0
97,equal_split_first_best,45.81,45.81,45.81,0.0,0.0,0.0
98,equal_split_first_best,142.63,138.82,138.82,3.8100000000000023,3.8100000000000023,0.0
99,equal_split_first_best,43.14999999999999,20.639999999999993,20.639999999999993,22.509999999999998,22.509999999999998,0.0
100,equal_split_first_best,71.69999999999999,70.0,70.0,1.6999999999999886,1.6999999999999886,0.0
101,equal_split_first_best,28.8,27.130000000000003,27.130000000000003,1.6699999999999982,1.6699999999999982,0.0
102,equal_split_first_best,73.50999999999999,72.14,72.14,1.3699999999999903,1.3699999999999903,0.0
103,equal_split_first_best,20.93,20.75,20.75,0.17999999999999972,0.17999999999999972,0.0
104,equal_split_first_best,16.2,14.64,14.64,1.5599999999999987,1.5599999999999987,0.0
105,equal_split_first_best,70.19,59.53,59.53,10.659999999999997,10.659999999999997,0.0
106,equal_split_first_best,45.51,41.9,41.9,3.6099999999999994,3.6099999999999994,0.0
107,equal_split_first_best,67.46000000000001,66.15,66.15,1.3100000000000023,1.3100000000000023,0.0
108,equal_split_first_best,104.13,99.00999999999999,99.00999999999999,5.1200000000000045,5.1200000000000045,0.0
109,equal_split_first_best,32.31,25.030000000000005,25.030000000000005,7.279999999999998,7.279999999999998,0.0
110,equal_split_first_best,82.53,82.27,82.27,0.2600000000000051,0.2600000000000051,0.0
111,equal_split_first_best,18.79,18.37,18.37,0.41999999999999815,0.41999999999999815,0.0
112,equal_split_first_best,85.28999999999999,83.46,83.46,1.8299999999999983,1.8299999999999983,0.0
113,equal_split_first_best,37.2,37.2,37.2,0.0,0.0,0.0
114,equal_split_first_best,75.14999999999999,73.64,73.64,1.509999999999991,1.509999999999991,0.0
115,equal_split_first_best,44.98,42.43,42.43,2.549999999999997,2.549999999999997,0.0
116,equal_split_first_best,34.17999999999999,31.029999999999998,31.029999999999998,3.149999999999995,3.149999999999995,0.0
117,equal_split_first_best,41.42,38.78,38.78,2.6400000000000006,2.6400000000000006,0.0
118,equal_split_first_best,143.0,139.39,139.39,3.6100000000000136,3.6100000000000136,0.0
119,equal_split_first_best,45.03,40.8,40.8,4.230000000000004,4.230000000000004,0.0
120,equal_split_first_best,120.52999999999999,117.71,117.71,2.819999999999993,2.819999999999993,0.0
121,equal_split_first_best,23.470000000000002,22.76,22.76,0.7100000000000009,0.7100000000000009,0.0
122,equal_split_first_best,83.55000000000001,76.12,76.12,7.430000000000007,7.430000000000007,0.0
123,equal_split_first_best,83.71000000000001,81.13000000000001,81.13000000000001,2.5799999999999983,2.5799999999999983,0.0
124,equal_split_first_best,15.120000000000001,14.520000000000003,14.520000000000003,0.5999999999999979,0.5999999999999979,0.0
125,equal_split_first_best,44.790000000000006,42.95,42.95,1.8400000000000034,1.8400000000000034,0.0
126,equal_split_first_best,24.569999999999993,24.569999999999993,24.569999999999993,0.0,0.0,0.0
127,equal_split_first_best,34.39000000000001,30.440000000000005,30.440000000000005,3.950000000000003,3.950000000000003,0.0
128,equal_split_first_best,44.57,34.75,34.75,9.82,9.82,0.0
129,equal_split_first_best,117.73,115.59,115.59,2.1400000000000006,2.1400000000000006,0.0
130,equal_split_first_best,120.82000000000002,111.33000000000001,111.33000000000001,9.490000000000009,9.490000000000009,0.0
131,equal_split_first_best,48.92999999999999,48.42999999999999,48.42999999999999,0.5,0.5,0.0
132,equal_split_first_best,43.59,43.59,43.59,0.0,0.0,0.0
133,equal_split_first_best,78.86,76.67,76.67,2.1899999999999977,2.1899999999999977,0.0
134,equal_split_first_best,74.74,68.81,68.81,5.929999999999993,5.929999999999993,0.0
135,equal_split_first_best,84.04,83.69,83.69,0.3500000000000085,0.3500000000000085,0.0
136,equal_split_first_best,17.83,17.83,17.83,0.0,0.0,0.0
137,equal_split_first_best,128.44,123.39,123.39,5.049999999999997,5.049999999999997,0.0
138,equal_split_first_best,43.24,42.81,42.81,0.4299999999999997,0.4299999999999997,0.0
139,equal_split_first_best,127.88000000000001,126.64000000000001,126.64000000000001,1.2399999999999949,1.2399999999999949,0.0
140,equal_split_first_best,76.13,76.13,76.13,0.0,0.0,0.0
141,equal_split_first_best,30.59,29.04,29.04,1.5500000000000007,1.5500000000000007,0.0
142,equal_split_first_best,38.7,37.150000000000006,37.150000000000006,1.5499999999999972,1.5499999999999972,0.0
143,equal_split_first_best,134.29999999999998,127.30999999999999,127.30999999999999,6.989999999999995,6.989999999999995,0.0
144,equal_split_first_best,91.78,87.87,87.87,3.9099999999999966,3.9099999999999966,0.0
145,equal_split_first_best,116.99,109.35,109.35,7.640000000000001,7.640000000000001,0.0
146,equal_split_first_best,129.29999999999998,129.29999999999998,129.29999999999998,0.0,0.0,0.0
147,equal_split_first_best,89.38,80.32,80.32,9.060000000000002,9.060000000000002,0.0
148,equal_split_first_best,78.88000000000001,75.76,75.76,3.1200000000000045,3.1200000000000045,0.0
149,equal_split_first_best,19.77,19.77,19.77,0.0,0.0,0.0
150,equal_split_first_best,22.56,22.52,22.52,0.03999999999999915,0.03999999999999915,0.0
151,equal_split_first_best,78.11999999999999,73.66,73.66,4.459999999999994,4.459999999999994,0.0
152,equal_split_first_best,130.88,125.85000000000001,125.85000000000001,5.029999999999987,5.029999999999987,0.0
153,equal_split_first_best,51.11000000000001,51.11000000000001,51.11000000000001,0.0,0.0,0.0
154,equal_split_first_best,17.439999999999998,15.84,15.84,1.5999999999999979,1.5999999999999979,0.0
155,equal_split_first_best,98.88,96.14,96.14,2.739999999999995,2.739999999999995,0.0
156,equal_split_first_best,147.78,141.57,141.57,6.210000000000008,6.210000000000008,0.0
157,equal_split_first_best,33.72,30.58,30.58,3.1400000000000006,3.1400000000000006,0.0
158,equal_split_first_best,90.38,90.03999999999999,90.03999999999999,0.3400000000000034,0.3400000000000034,0.0
159,equal_split_first_best,49.78,46.43000000000001,46.43000000000001,3.3499999999999943,3.3499999999999943,0.0
160,equal_split_first_best,147.56,140.26999999999998,140.26999999999998,7.2900000000000205,7.2900000000000205,0.0
161,equal_split_first_best,38.17,38.17,38.17,0.0,0.0,0.0
162,equal_split_first_best,73.25,68.0,68.0,5.25,5.25,0.0
163,equal_split_first_best,86.62,86.62,86.62,0.0,0.0,0.0
164,equal_split_first_best,69.6,69.6,69.6,0.0,0.0,0.0
165,equal_split_first_best,46.84,43.27,43.27,3.5700000000000003,3.5700000000000003,0.0
166,equal_split_first_best,43.82,41.33,41.33,2.490000000000002,2.490000000000002,0.0
167,equal_split_first_best,74.46000000000001,74.46000000000001,74.46000000000001,0.0,0.0,0.0
168,equal_split_first_best,41.48,36.43,36.43,5.049999999999997,5.049999999999997,0.0
169,equal_split_first_best,160.19,156.52,156.52,3.6699999999999875,3.6699999999999875,0.0
170,equal_split_first_best,40.51,29.33,29.33,11.18,11.18,0.0
171,equal_split_first_best,47.019999999999996,47.019999999999996,47.019999999999996,0.0,0.0,0.0
172,equal_split_first_best,20.31,19.699999999999996,19.699999999999996,0.610000000000003,0.610000000000003,0.0
173,equal_split_first_best,50.099999999999994,49.489999999999995,49.489999999999995,0.6099999999999994,0.6099999999999994,0.0
174,equal_split_first_best,41.0,40.56999999999999,40.56999999999999,0.4300000000000068,0.4300000000000068,0.0
175,equal_split_first_best,18.470000000000002,17.830000000000002,17.830000000000002,0.6400000000000006,0.6400000000000006,0.0
176,equal_split_first_best,131.6,124.59,124.59,7.009999999999991,7.009999999999991,0.0
177,equal_split_first_best,66.8,65.67,65.67,1.1299999999999955,1.1299999999999955,0.0
178,equal_split_first_best,15.719999999999999,15.719999999999999,15.719999999999999,0.0,0.0,0.0
179,equal_split_first_best,125.70000000000002,123.32000000000001,123.32000000000001,2.3800000000000097,2.3800000000000097,0.0
180,equal_split_first_best,81.02000000000001,80.47,80.47,0.5500000000000114,0.5500000000000114,0.0
181,equal_split_first_best,14.370000000000001,13.48,13.48,0.8900000000000006,0.8900000000000006,0.0
182,equal_split_first_best,16.419999999999998,14.149999999999999,14.149999999999999,2.2699999999999996,2.2699999999999996,0.0
183,equal_split_first_best,79.30000000000001,79.30000000000001,79.30000000000001,0.0,0.0,0.0
184,equal_split_first_best,129.23999999999998,121.91,121.91,7.329999999999984,7.329999999999984,0.0
185,equal_split_first_best,18.38,15.029999999999998,15.029999999999998,3.3500000000000014,3.3500000000000014,0.0
186,equal_split_first_best,88.85999999999999,84.74,84.74,4.11999999999999,4.11999999999999,0.0
187,equal_split_first_best,112.07,100.78999999999999,100.78999999999999,11.280000000000001,11.280000000000001,0.0
188,equal_split_first_best,109.22999999999999,109.22999999999999,109.22999999999999,0.0,0.0,0.0
189,equal_split_first_best,108.88000000000001,100.89000000000001,100.89000000000001,7.989999999999995,7.989999999999995,0.0
190,equal_split_first_best,16.02,14.45,14.45,1.5700000000000003,1.5700000000000003,0.0
191,equal_split_first_best,70.98,70.57000000000001,70.57000000000001,0.4099999999999966,0.4099999999999966,0.0
192,equal_split_first_best,34.66,31.72,31.72,2.9399999999999977,2.9399999999999977,0.0
193,equal_split_first_best,71.35,68.6,68.6,2.75,2.75,0.0
194,equal_split_first_best,37.290000000000006,28.540000000000003,28.540000000000003,8.750000000000004,8.750000000000004,0.0
195,equal_split_first_best,65.1,63.21,63.21,1.8899999999999935,1.8899999999999935,0.0
196,equal_split_first_best,37.89,37.89,37.89,0.0,0.0,0.0
197,equal_split_first_best,44.379999999999995,42.67,42.67,1.7099999999999937,1.7099999999999937,0.0
198,equal_split_first_best,37.96,31.260000000000005,31.260000000000005,6.699999999999996,6.699999999999996,0.0
199,equal_split_first_best,64.72,63.050000000000004,63.050000000000004,1.6699999999999946,1.6699999999999946,0.0
200,equal_split_first_best,43.120000000000005,34.480000000000004,34.480000000000004,8.64,8.64,0.0
201,equal_split_first_best,89.47,87.38000000000001,87.38000000000001,2.089999999999989,2.089999999999989,0.0
202,equal_split_first_best,16.88,16.09,16.09,0.7899999999999991,0.7899999999999991,0.0
203,equal_split_first_best,99.8,96.56,96.56,3.239999999999995,3.239999999999995,0.0
204,equal_split_first_best,36.940000000000005,36.940000000000005,36.940000000000005,0.0,0.0,0.0
205,equal_split_first_best,26.46,24.970000000000002,24.970000000000002,1.4899999999999984,1.4899999999999984,0.0
206,equal_split_first_best,136.95000000000002,130.18,130.18,6.77000000000001,6.77000000000001,0.0
207,equal_split_first_best,105.95,104.75,104.75,1.2000000000000028,1.2000000000000028,0.0
208,equal_split_first_best,137.86,136.56,136.56,1.3000000000000114,1.3000000000000114,0.0
209,equal_split_first_best,110.97,110.97,110.97,0.0,0.0,0.0
210,equal_split_first_best,82.39000000000001,79.58000000000001,79.58000000000001,2.8100000000000023,2.8100000000000023,0.0
211,equal_split_first_best,124.2,121.09,121.09,3.1099999999999994,3.1099999999999994,0.0
212,equal_split_first_best,143.76999999999998,140.72,140.72,3.049999999999983,3.049999999999983,0.0
213,equal_split_first_best,126.43,125.2,125.2,1.230000000000004,1.230000000000004,0.0
214,equal_split_first_best,107.96000000000001,99.72,99.72,8.240000000000009,8.240000000000009,0.0
215,equal_split_first_best,135.0,135.0,135.0,0.0,0.0,0.0
216,equal_split_first_best,83.16,76.75999999999999,76.75999999999999,6.400000000000006,6.400000000000006,0.0
217,equal_split_first_best,136.23000000000002,133.47000000000003,133.47000000000003,2.759999999999991,2.759999999999991,0.0
218,equal_split_first_best,73.85000000000001,70.22,70.22,3.6300000000000097,3.6300000000000097,0.0
219,equal_split_first_best,48.099999999999994,47.839999999999996,47.839999999999996,0.259999999999998,0.259999999999998,0.0
220,equal_split_first_best,117.6,114.69,114.69,2.9099999999999966,2.9099999999999966,0.0
221,equal_split_first_best,89.07000000000001,88.80000000000001,88.80000000000001,0.269999999999996,0.269999999999996,0.0
222,equal_split_first_best,132.47,132.47,132.47,0.0,0.0,0.0
223,equal_split_first_best,119.54,114.97,114.97,4.570000000000007,4.570000000000007,0.0
224,equal_split_first_best,117.60000000000001,111.12,111.12,6.480000000000004,6.480000000000004,0.0
225,equal_split_first_best,45.15,45.15,45.15,0.0,0.0,0.0
226,equal_split_first_best,112.26,108.21000000000001,108.21000000000001,4.049999999999997,4.049999999999997,0.0
227,equal_split_first_best,134.34,132.92,132.92,1.420000000000016,1.420000000000016,0.0
228,equal_split_first_best,43.230000000000004,41.39,41.39,1.8400000000000034,1.8400000000000034,0.0
229,equal_split_first_best,29.789999999999992,29.789999999999992,29.789999999999992,0.0,0.0,0.0
230,equal_split_first_best,16.62,16.62,16.62,0.0,0.0,0.0
231,equal_split_first_best,29.849999999999994,26.299999999999997,26.299999999999997,3.549999999999997,3.549999999999997,0.0
232,equal_split_first_best,33.32000000000001,31.690000000000005,31.690000000000005,1.6300000000000026,1.6300000000000026,0.0
233,equal_split_first_best,21.76,20.75,20.75,1.0100000000000016,1.0100000000000016,0.0
234,equal_split_first_best,115.66,114.96000000000001,114.96000000000001,0.6999999999999886,0.6999999999999886,0.0
235,equal_split_first_best,81.93,79.34,79.34,2.5900000000000034,2.5900000000000034,0.0
236,equal_split_first_best,122.69,115.78,115.78,6.909999999999997,6.909999999999997,0.0
237,equal_split_first_best,32.55,32.55,32.55,0.0,0.0,0.0
238,equal_split_first_best,124.04,121.93,121.93,2.1099999999999994,2.1099999999999994,0.0
239,equal_split_first_best,62.0,62.0,62.0,0.0,0.0,0.0
240,equal_split_first_best,80.80000000000001,76.01,76.01,4.790000000000006,4.790000000000006,0.0
241,equal_split_first_best,32.620000000000005,30.200000000000003,30.200000000000003,2.4200000000000017,2.4200000000000017,0.0
242,equal_split_first_best,46.95,41.17,41.17,5.780000000000001,5.780000000000001,0.0
243,equal_split_first_best,78.99,69.3,69.3,9.689999999999998,9.689999999999998,0.0
244,equal_split_first_best,86.94,80.76,80.76,6.179999999999993,6.179999999999993,0.0
245,equal_split_first_best,39.16,33.019999999999996,33.019999999999996,6.140000000000001,6.140000000000001,0.0
246,equal_split_first_best,33.78,33.78,33.78,0.0,0.0,0.0
247,equal_split_first_best,70.89,70.89,70.89,0.0,0.0,0.0
248,equal_split_first_best,89.4,84.51,84.51,4.890000000000001,4.890000000000001,0.0
249,equal_split_first_best,17.6,17.05,17.05,0.5500000000000007,0.5500000000000007,0.0
250,equal_split_first_best,20.27,20.09,20.09,0.17999999999999972,0.17999999999999972,0.0
251,equal_split_first_best,39.480000000000004,39.480000000000004,39.480000000000004,0.0,0.0,0.0
252,equal_split_first_best,110.25,107.22,107.22,3.030000000000001,3.030000000000001,0.0
253,equal_split_first_best,69.00999999999999,63.139999999999986,63.139999999999986,5.8700000000000045,5.8700000000000045,0.0
254,equal_split_first_best,45.54,45.54,45.54,0.0,0.0,0.0
255,equal_split_first_best,126.52000000000001,124.96000000000001,124.96000000000001,1.5600000000000023,1.5600000000000023,0.0
256,equal_split_first_best,92.75999999999999,89.02,89.02,3.739999999999995,3.739999999999995,0.0
257,equal_split_first_best,29.42,28.790000000000003,28.790000000000003,0.629999999999999,0.629999999999999,0.0
258,equal_split_first_best,36.56,19.68,19.68,16.880000000000003,16.880000000000003,0.0
259,equal_split_first_best,113.05000000000001,112.37,112.37,0.6800000000000068,0.6800000000000068,0.0
260,equal_split_first_best,43.6,42.220000000000006,42.220000000000006,1.3799999999999955,1.3799999999999955,0.0
261,equal_split_first_best,127.34,116.54,116.54,10.799999999999997,10.799999999999997,0.0
262,equal_split_first_best,15.349999999999998,13.669999999999998,13.669999999999998,1.6799999999999997,1.6799999999999997,0.0
263,equal_split_first_best,72.26,72.26,72.26,0.0,0.0,0.0
264,equal_split_first_best,61.86,61.73,61.73,0.13000000000000256,0.13000000000000256,0.0
265,equal_split_first_best,44.61,44.61,44.61,0.0,0.0,0.0
266,equal_split_first_best,42.879999999999995,38.96,38.96,3.9199999999999946,3.9199999999999946,0.0
267,equal_split_first_best,45.09,45.09,45.09,0.0,0.0,0.0
268,equal_split_first_best,120.8,118.17999999999999,118.17999999999999,2.6200000000000045,2.6200000000000045,0.0
269,equal_split_first_best,18.759999999999998,18.759999999999998,18.759999999999998,0.0,0.0,0.0
270,equal_split_first_best,37.2,32.22,32.22,4.980000000000004,4.980000000000004,0.0
271,equal_split_first_best,39.93,38.230000000000004,38.230000000000004,1.6999999999999957,1.6999999999999957,0.0
272,equal_split_first_best,43.57,38.35,38.35,5.219999999999999,5.219999999999999,0.0
273,equal_split_first_best,51.89,47.62,47.62,4.270000000000003,4.270000000000003,0.0
274,equal_split_first_best,18.19,17.8,17.8,0.39000000000000057,0.39000000000000057,0.0
275,equal_split_first_best,123.89,115.28,115.28,8.61,8.61,0.0
276,equal_split_first_best,97.23,94.95,94.95,2.280000000000001,2.280000000000001,0.0
277,equal_split_first_best,128.51999999999998,128.51999999999998,128.51999999999998,0.0,0.0,0.0
278,equal_split_first_best,107.32000000000001,107.32000000000001,107.32000000000001,0.0,0.0,0.0
279,equal_split_first_best,81.5,81.5,81.5,0.0,0.0,0.0
280,equal_split_first_best,20.560000000000002,20.060000000000002,20.060000000000002,0.5,0.5,0.0
281,equal_split_first_best,27.86,21.189999999999998,21.189999999999998,6.670000000000002,6.670000000000002,0.0
282,equal_split_first_best,38.35,37.940000000000005,37.940000000000005,0.4099999999999966,0.4099999999999966,0.0
283,equal_split_first_best,40.42,40.42,40.42,0.0,0.0,0.0
284,equal_split_first_best,15.88,12.8,12.8,3.08,3.08,0.0
285,equal_split_first_best,66.69,62.76,62.76,3.9299999999999997,3.9299999999999997,0.0
286,equal_split_first_best,86.96,84.7,84.7,2.259999999999991,2.259999999999991,0.0
287,equal_split_first_best,73.72999999999999,66.12,66.12,7.609999999999985,7.609999999999985,0.0
288,equal_split_first_best,49.53,45.67,45.67,3.8599999999999994,3.8599999999999994,0.0
289,equal_split_first_best,72.58,68.16999999999999,68.16999999999999,4.410000000000011,4.410000000000011,0.0
290,equal_split_first_best,23.6,22.57,22.57,1.0300000000000011,1.0300000000000011,0.0
291,equal_split_first_best,20.71,20.430000000000003,20.430000000000003,0.2799999999999976,0.2799999999999976,0.0
292,equal_split_first_best,77.58,65.11,65.11,12.469999999999999,12.469999999999999,0.0
293,equal_split_first_best,17.68,17.330000000000005,17.330000000000005,0.3499999999999943,0.3499999999999943,0.0
294,equal_split_first_best,74.22,72.02,72.02,2.200000000000003,2.200000000000003,0.0
295,equal_split_first_best,130.82999999999998,130.82999999999998,130.82999999999998,0.0,0.0,0.0
296,equal_split_first_best,42.22,39.11,39.11,3.1099999999999994,3.1099999999999994,0.0
297,equal_split_first_best,44.86,40.190000000000005,40.190000000000005,4.669999999999995,4.669999999999995,0.0
298,equal_split_first_best,34.58,34.150000000000006,34.150000000000006,0.4299999999999926,0.4299999999999926,0.0
299,equal_split_first_best,80.35000000000001,79.65,79.65,0.7000000000000028,0.7000000000000028,0.0
300,equal_split_first_best,78.99,78.99,78.99,0.0,0.0,0.0
301,equal_split_first_best,32.040000000000006,31.150000000000002,31.150000000000002,0.8900000000000041,0.8900000000000041,0.0
302,equal_split_first_best,42.76,42.199999999999996,42.199999999999996,0.5600000000000023,0.5600000000000023,0.0
303,equal_split_first_best,126.03000000000002,126.03000000000002,126.03000000000002,0.0,0.0,0.0
304,equal_split_first_best,44.67999999999999,44.67999999999999,44.67999999999999,0.0,0.0,0.0
305,equal_split_first_best,84.92,83.72,83.72,1.2000000000000028,1.2000000000000028,0.0
306,equal_split_first_best,38.11000000000001,25.110000000000007,25.110000000000007,13.0,13.0,0.0
307,equal_split_first_best,76.07000000000001,72.3,72.3,3.7700000000000102,3.7700000000000102,0.0
308,equal_split_first_best,70.91999999999999,70.91999999999999,70.91999999999999,0.0,0.0,0.0
309,equal_split_first_best,45.81,44.12,44.12,1.6900000000000048,1.6900000000000048,0.0
310,equal_split_first_best,16.67,16.04,16.04,0.6300000000000026,0.6300000000000026,0.0
311,equal_split_first_best,17.44,17.4,17.4,0.0400000000000027,0.0400000000000027,0.0
312,equal_split_first_best,83.83999999999999,81.75999999999999,81.75999999999999,2.0799999999999983,2.0799999999999983,0.0
313,equal_split_first_best,46.99,46.09,46.09,0.8999999999999986,0.8999999999999986,0.0
314,equal_split_first_best,103.61,103.61,103.61,0.0,0.0,0.0
315,equal_split_first_best,84.07,81.50999999999999,81.50999999999999,2.5600000000000023,2.5600000000000023,0.0
316,equal_split_first_best,54.33,50.13,50.13,4.199999999999996,4.199999999999996,0.0
317,equal_split_first_best,57.63,57.63,57.63,0.0,0.0,0.0
318,equal_split_first_best,40.26,35.15,35.15,5.109999999999999,5.109999999999999,0.0
319,equal_split_first_best,52.379999999999995,52.379999999999995,52.379999999999995,0.0,0.0,0.0
320,equal_split_first_best,115.05,109.35,109.35,5.700000000000003,5.700000000000003,0.0
321,equal_split_first_best,19.46,19.21,19.21,0.25,0.25,0.0
322,equal_split_first_best,114.78,112.36,112.36,2.4200000000000017,2.4200000000000017,0.0
323,equal_split_first_best,22.020000000000003,20.0,20.0,2.020000000000003,2.020000000000003,0.0
324,equal_split_first_best,114.7,112.69,112.69,2.010000000000005,2.010000000000005,0.0
325,equal_split_first_best,47.11,46.35,46.35,0.759999999999998,0.759999999999998,0.0
326,equal_split_first_best,136.67999999999998,135.54,135.54,1.1399999999999864,1.1399999999999864,0.0
327,equal_split_first_best,117.20999999999998,112.57999999999998,112.57999999999998,4.6299999999999955,4.6299999999999955,0.0
328,equal_split_first_best,20.44,20.44,20.44,0.0,0.0,0.0
329,equal_split_first_best,34.1,31.39,31.39,2.710000000000001,2.710000000000001,0.0
330,equal_split_first_best,45.9,45.9,45.9,0.0,0.0,0.0
331,equal_split_first_best,125.08000000000001,125.08000000000001,125.08000000000001,0.0,0.0,0.0
332,equal_split_first_best,37.28,37.28,37.28,0.0,0.0,0.0
333,equal_split_first_best,43.07,41.57,41.57,1.5,1.5,0.0
334,equal_split_first_best,20.41,20.229999999999997,20.229999999999997,0.18000000000000327,0.18000000000000327,0.0
335,equal_split_first_best,47.17,45.15,45.15,2.020000000000003,2.020000000000003,0.0
336,equal_split_first_best,44.96,37.379999999999995,37.379999999999995,7.580000000000005,7.580000000000005,0.0
337,equal_split_first_best,36.16,32.03,32.03,4.1299999999999955,4.1299999999999955,0.0
338,equal_split_first_best,70.63,67.24,67.24,3.3900000000000006,3.3900000000000006,0.0
339,equal_split_first_best,14.759999999999998,14.759999999999998,14.759999999999998,0.0,0.0,0.0
340,equal_split_first_best,77.54,75.79,75.79,1.75,1.75,0.0
341,equal_split_first_best,124.36000000000001,119.89,119.89,4.470000000000013,4.470000000000013,0.0
342,equal_split_first_best,19.810000000000002,18.490000000000002,18.490000000000002,1.3200000000000003,1.3200000000000003,0.0
343,equal_split_first_best,31.589999999999996,31.589999999999996,31.589999999999996,0.0,0.0,0.0
344,equal_split_first_best,131.44,126.01,126.01,5.429999999999993,5.429999999999993,0.0
345,equal_split_first_best,131.18,128.39000000000001,128.39000000000001,2.789999999999992,2.789999999999992,0.0
346,equal_split_first_best,47.599999999999994,44.099999999999994,44.099999999999994,3.5,3.5,0.0
347,equal_split_first_best,122.85999999999999,119.42999999999999,119.42999999999999,3.4299999999999926,3.4299999999999926,0.0
348,equal_split_first_best,81.76,72.15,72.15,9.61,9.61,0.0
349,equal_split_first_best,41.91,36.37,36.37,5.539999999999999,5.539999999999999,0.0
350,equal_split_first_best,53.55,48.55,48.55,5.0,5.0,0.0
351,equal_split_first_best,17.71,17.71,17.71,0.0,0.0,0.0
352,equal_split_first_best,34.76,34.76,34.76,0.0,0.0,0.0
353,equal_split_first_best,37.50000000000001,13.990000000000009,13.990000000000009,23.509999999999998,23.509999999999998,0.0
354,equal_split_first_best,40.42,17.39,17.39,23.03,23.03,0.0
355,equal_split_first_best,20.689999999999998,20.349999999999998,20.349999999999998,0.33999999999999986,0.33999999999999986,0.0
356,equal_split_first_best,122.42,118.9,118.9,3.519999999999996,3.519999999999996,0.0
357,equal_split_first_best,69.25,68.81,68.81,0.4399999999999977,0.4399999999999977,0.0
358,equal_split_first_best,60.330000000000005,60.330000000000005,60.330000000000005,0.0,0.0,0.0
359,equal_split_first_best,122.5,113.99000000000001,113.99000000000001,8.509999999999991,8.509999999999991,0.0
360,equal_split_first_best,69.14999999999999,68.86999999999999,68.86999999999999,0.28000000000000114,0.28000000000000114,0.0
361,equal_split_first_best,107.26,100.67,100.67,6.590000000000003,6.590000000000003,0.0
362,equal_split_first_best,44.660000000000004,39.83,39.83,4.830000000000005,4.830000000000005,0.0
363,equal_split_first_best,34.0,31.23,31.23,2.7699999999999996,2.7699999999999996,0.0
364,equal_split_first_best,41.559999999999995,41.559999999999995,41.559999999999995,0.0,0.0,0.0
365,equal_split_first_best,116.29,112.77000000000001,112.77000000000001,3.519999999999996,3.519999999999996,0.0
366,equal_split_first_best,48.42,48.42,48.42,0.0,0.0,0.0
367,equal_split_first_best,81.10000000000001,80.37,80.37,0.730000000000004,0.730000000000004,0.0
368,equal_split_first_best,17.12,13.670000000000002,13.670000000000002,3.4499999999999993,3.4499999999999993,0.0
369,equal_split_first_best,20.28,18.54,18.54,1.740000000000002,1.740000000000002,0.0
370,equal_split_first_best,24.939999999999998,20.42,20.42,4.519999999999996,4.519999999999996,0.0
371,equal_split_first_best,46.790000000000006,45.74,45.74,1.0500000000000043,1.0500000000000043,0.0
372,equal_split_first_best,44.15,44.15,44.15,0.0,0.0,0.0
373,equal_split_first_best,85.97,83.63,83.63,2.3400000000000034,2.3400000000000034,0.0
374,equal_split_first_best,37.089999999999996,37.089999999999996,37.089999999999996,0.0,0.0,0.0
375,equal_split_first_best,128.42000000000002,123.45,123.45,4.970000000000013,4.970000000000013,0.0
376,equal_split_first_best,125.26000000000002,121.54000000000002,121.54000000000002,3.719999999999999,3.719999999999999,0.0
377,equal_split_first_best,17.409999999999997,17.409999999999997,17.409999999999997,0.0,0.0,0.0
378,equal_split_first_best,44.06999999999999,44.06999999999999,44.06999999999999,0.0,0.0,0.0
379,equal_split_first_best,52.64000000000001,52.64000000000001,52.64000000000001,0.0,0.0,0.0
380,equal_split_first_best,14.529999999999998,12.739999999999998,12.739999999999998,1.7899999999999991,1.7899999999999991,0.0
381,equal_split_first_best,128.33,125.72,125.72,2.6100000000000136,2.6100000000000136,0.0
382,equal_split_first_best,19.27,18.07,18.07,1.1999999999999993,1.1999999999999993,0.0
383,equal_split_first_best,25.35,24.91,24.91,0.4400000000000013,0.4400000000000013,0.0
384,equal_split_first_best,30.58,30.58,30.58,0.0,0.0,0.0
385,equal_split_first_best,37.879999999999995,37.879999999999995,37.879999999999995,0.0,0.0,0.0
386,equal_split_first_best,79.36,76.92,76.92,2.4399999999999977,2.4399999999999977,0.0
387,equal_split_first_best,134.18,130.24,130.24,3.9399999999999977,3.9399999999999977,0.0
388,equal_split_first_best,123.99999999999999,118.6,118.6,5.3999999999999915,5.3999999999999915,0.0
389,equal_split_first_best,125.83999999999999,117.47999999999999,117.47999999999999,8.36,8.36,0.0
390,equal_split_first_best,35.900000000000006,35.900000000000006,35.900000000000006,0.0,0.0,0.0
391,equal_split_first_best,28.689999999999998,22.049999999999997,22.049999999999997,6.640000000000001,6.640000000000001,0.0
392,equal_split_first_best,82.76,82.76,82.76,0.0,0.0,0.0
393,equal_split_first_best,15.49,14.030000000000001,14.030000000000001,1.459999999999999,1.459999999999999,0.0
394,equal_split_first_best,62.14000000000001,58.85000000000001,58.85000000000001,3.289999999999999,3.289999999999999,0.0
395,equal_split_first_best,77.28999999999999,72.52,72.52,4.769999999999996,4.769999999999996,0.0
396,equal_split_first_best,21.5,21.330000000000002,21.330000000000002,0.16999999999999815,0.16999999999999815,0.0
397,equal_split_first_best,39.19,39.19,39.19,0.0,0.0,0.0
398,equal_split_first_best,21.34,19.62,19.62,1.7199999999999989,1.7199999999999989,0.0
399,equal_split_first_best,13.779999999999998,13.779999999999998,13.779999999999998,0.0,0.0,0.0
400,equal_split_first_best,54.800000000000004,54.800000000000004,54.800000000000004,0.0,0.0,0.0
401,equal_split_first_best,37.050000000000004,32.42,32.42,4.630000000000003,4.630000000000003,0.0
402,equal_split_first_best,17.78,16.29,16.29,1.490000000000002,1.490000000000002,0.0
403,equal_split_first_best,42.75,42.75,42.75,0.0,0.0,0.0
404,equal_split_first_best,118.41000000000001,113.34,113.34,5.070000000000007,5.070000000000007,0.0
405,equal_split_first_best,20.84,18.14,18.14,2.6999999999999993,2.6999999999999993,0.0
406,equal_split_first_best,81.58,81.31,81.31,0.269999999999996,0.269999999999996,0.0
407,equal_split_first_best,84.94,82.42,82.42,2.519999999999996,2.519999999999996,0.0
408,equal_split_first_best,73.25999999999999,71.77,71.77,1.4899999999999949,1.4899999999999949,0.0
409,equal_split_first_best,129.74,129.74,129.74,0.0,0.0,0.0
410,equal_split_first_best,79.42999999999999,79.42999999999999,79.42999999999999,0.0,0.0,0.0
411,equal_split_first_best,18.180000000000003,18.180000000000003,18.180000000000003,0.0,0.0,0.0
412,equal_split_first_best,88.72,86.72,86.72,2.0,2.0,0.0
413,equal_split_first_best,28.1,14.340000000000003,14.340000000000003,13.759999999999998,13.759999999999998,0.0
414,equal_split_first_best,45.64,42.67,42.67,2.969999999999999,2.969999999999999,0.0
415,equal_split_first_best,69.25,64.99,64.99,4.260000000000005,4.260000000000005,0.0
416,equal_split_first_best,136.76,136.76,136.76,0.0,0.0,0.0
417,equal_split_first_best,42.260000000000005,33.86000000000001,33.86000000000001,8.399999999999999,8.399999999999999,0.0
418,equal_split_first_best,30.620000000000005,24.090000000000003,24.090000000000003,6.530000000000001,6.530000000000001,0.0
419,equal_split_first_best,133.21999999999997,133.21999999999997,133.21999999999997,0.0,0.0,0.0
420,equal_split_first_best,129.22,129.2,129.2,0.020000000000010232,0.020000000000010232,0.0
421,equal_split_first_best,34.01,29.409999999999997,29.409999999999997,4.600000000000001,4.600000000000001,0.0
422,equal_split_first_best,17.919999999999998,16.15,16.15,1.7699999999999996,1.7699999999999996,0.0
423,equal_split_first_best,51.07,51.05,51.05,0.020000000000003126,0.020000000000003126,0.0
424,equal_split_first_best,104.21,100.33,100.33,3.8799999999999955,3.8799999999999955,0.0
425,equal_split_first_best,71.31,66.73,66.73,4.579999999999998,4.579999999999998,0.0
426,equal_split_first_best,70.45,67.66000000000001,67.66000000000001,2.789999999999992,2.789999999999992,0.0
427,equal_split_first_best,17.18,15.11,15.11,2.0700000000000003,2.0700000000000003,0.0
428,equal_split_first_best,39.230000000000004,33.59,33.59,5.640000000000001,5.640000000000001,0.0
429,equal_split_first_best,38.620000000000005,38.120000000000005,38.120000000000005,0.5,0.5,0.0
430,equal_split_first_best,72.08,68.25999999999999,68.25999999999999,3.8200000000000074,3.8200000000000074,0.0
431,equal_split_first_best,16.27,15.129999999999999,15.129999999999999,1.1400000000000006,1.1400000000000006,0.0
432,equal_split_first_best,81.69999999999999,71.17999999999999,71.17999999999999,10.519999999999996,10.519999999999996,0.0
433,equal_split_first_best,110.22,100.14999999999999,100.14999999999999,10.070000000000007,10.070000000000007,0.0
434,equal_split_first_best,17.31,16.04,16.04,1.2699999999999996,1.2699999999999996,0.0
435,equal_split_first_best,79.46000000000001,76.47000000000001,76.47000000000001,2.989999999999995,2.989999999999995,0.0
436,equal_split_first_best,48.87,47.53,47.53,1.3399999999999963,1.3399999999999963,0.0
437,equal_split_first_best,48.879999999999995,48.879999999999995,48.879999999999995,0.0,0.0,0.0
438,equal_split_first_best,107.62,101.28,101.28,6.340000000000003,6.340000000000003,0.0
439,equal_split_first_best,129.35,128.47,128.47,0.8799999999999955,0.8799999999999955,0.0
440,equal_split_first_best,53.78000000000001,53.78000000000001,53.78000000000001,0.0,0.0,0.0
441,equal_split_first_best,141.37,138.67000000000002,138.67000000000002,2.6999999999999886,2.6999999999999886,0.0
442,equal_split_first_best,30.47,30.47,30.47,0.0,0.0,0.0
443,equal_split_first_best,67.09,67.09,67.09,0.0,0.0,0.0
444,equal_split_first_best,75.99,75.99,75.99,0.0,0.0,0.0
445,equal_split_first_best,108.34,108.34,108.34,0.0,0.0,0.0
446,equal_split_first_best,16.8,16.8,16.8,0.0,0.0,0.0
447,equal_split_first_best,19.6,19.26,19.26,0.33999999999999986,0.33999999999999986,0.0
448,equal_split_first_best,123.30000000000001,119.19000000000001,119.19000000000001,4.109999999999999,4.109999999999999,0.0
449,equal_split_first_best,49.739999999999995,47.12,47.12,2.6199999999999974,2.6199999999999974,0.0
450,equal_split_first_best,101.89000000000001,101.89000000000001,101.89000000000001,0.0,0.0,0.0
451,equal_split_first_best,76.91,72.16,72.16,4.75,4.75,0.0
452,equal_split_first_best,117.54000000000002,112.21000000000001,112.21000000000001,5.3300000000000125,5.3300000000000125,0.0
453,equal_split_first_best,22.119999999999997,19.56,19.56,2.5599999999999987,2.5599999999999987,0.0
454,equal_split_first_best,154.72,153.37,153.37,1.3499999999999943,1.3499999999999943,0.0
455,equal_split_first_best,74.87,73.72999999999999,73.72999999999999,1.1400000000000148,1.1400000000000148,0.0
456,equal_split_first_best,46.48,46.17,46.17,0.30999999999999517,0.30999999999999517,0.0
457,equal_split_first_best,134.19,133.75,133.75,0.4399999999999977,0.4399999999999977,0.0
458,equal_split_first_best,121.84999999999998,121.84999999999998,121.84999999999998,0.0,0.0,0.0
459,equal_split_first_best,79.74000000000001,76.82,76.82,2.920000000000016,2.920000000000016,0.0
460,equal_split_first_best,34.22,10.469999999999999,10.469999999999999,23.75,23.75,0.0
461,equal_split_first_best,48.81,46.04,46.04,2.770000000000003,2.770000000000003,0.0
462,equal_split_first_best,20.909999999999997,19.15,19.15,1.759999999999998,1.759999999999998,0.0
463,equal_split_first_best,43.9,38.41,38.41,5.490000000000002,5.490000000000002,0.0
464,equal_split_first_best,21.810000000000002,21.12,21.12,0.6900000000000013,0.6900000000000013,0.0
465,equal_split_first_best,65.65,65.65,65.65,0.0,0.0,0.0
466,equal_split_first_best,37.16,34.58,34.58,2.5799999999999983,2.5799999999999983,0.0
467,equal_split_first_best,32.83,32.83,32.83,0.0,0.0,0.0
468,equal_split_first_best,114.11,101.38,101.38,12.730000000000004,12.730000000000004,0.0
469,equal_split_first_best,29.439999999999998,29.089999999999996,29.089999999999996,0.3500000000000014,0.3500000000000014,0.0
470,equal_split_first_best,21.09,19.84,19.84,1.25,1.25,0.0
471,equal_split_first_best,40.150000000000006,40.150000000000006,40.150000000000006,0.0,0.0,0.0
472,equal_split_first_best,44.68000000000001,41.21,41.21,3.470000000000006,3.470000000000006,0.0
473,equal_split_first_best,122.1,113.70999999999998,113.70999999999998,8.390000000000015,8.390000000000015,0.0
474,equal_split_first_best,18.89,17.55,17.55,1.3399999999999999,1.3399999999999999,0.0
475,equal_split_first_best,75.33,73.02,73.02,2.3100000000000023,2.3100000000000023,0.0
476,equal_split_first_best,88.47,83.69,83.69,4.780000000000001,4.780000000000001,0.0
477,equal_split_first_best,37.25,34.25,34.25,3.0,3.0,0.0
478,equal_split_first_best,37.019999999999996,32.42,32.42,4.599999999999994,4.599999999999994,0.0
479,equal_split_first_best,45.11,41.629999999999995,41.629999999999995,3.480000000000004,3.480000000000004,0.0
480,equal_split_first_best,21.75,20.99,20.99,0.7600000000000016,0.7600000000000016,0.0
481,equal_split_first_best,88.75,88.75,88.75,0.0,0.0,0.0
482,equal_split_first_best,48.82,46.730000000000004,46.730000000000004,2.0899999999999963,2.0899999999999963,0.0
483,equal_split_first_best,78.4,77.28,77.28,1.1200000000000045,1.1200000000000045,0.0
484,equal_split_first_best,38.89,30.090000000000003,30.090000000000003,8.799999999999997,8.799999999999997,0.0
485,equal_split_first_best,121.38,118.33,118.33,3.049999999999997,3.049999999999997,0.0
486,equal_split_first_best,17.200000000000003,17.200000000000003,17.200000000000003,0.0,0.0,0.0
487,equal_split_first_best,32.2,31.340000000000003,31.340000000000003,0.8599999999999994,0.8599999999999994,0.0
488,equal_split_first_best,78.39000000000001,78.39000000000001,78.39000000000001,0.0,0.0,0.0
489,equal_split_first_best,33.29,25.279999999999998,25.279999999999998,8.010000000000002,8.010000000000002,0.0
490,equal_split_first_best,128.04000000000002,124.06,124.06,3.980000000000018,3.980000000000018,0.0
491,equal_split_first_best,36.78,33.92,33.92,2.8599999999999994,2.8599999999999994,0.0
492,equal_split_first_best,22.12,22.12,22.12,0.0,0.0,0.0
493,equal_split_first_best,46.61,46.61,46.61,0.0,0.0,0.0
494,equal_split_first_best,42.21,42.21,42.21,0.0,0.0,0.0
495,equal_split_first_best,51.34,51.34,51.34,0.0,0.0,0.0
496,equal_split_first_best,19.29,19.29,19.29,0.0,0.0,0.0
497,equal_split_first_best,76.86,69.19,69.19,7.670000000000002,7.670000000000002,0.0
498,equal_split_first_best,48.75,48.75,48.75,0.0,0.0,0.0
499,equal_split_first_best,17.89,15.81,15.81,2.08,2.08,0.0
0,equal_split_vickrey_majority,47.2,47.2,47.2,0.0,0.0,0.0
1,equal_split_vickrey_majority,112.53999999999999,109.57,109.57,2.969999999999999,2.969999999999999,0.0
2,equal_split_vickrey_majority,141.91,140.76000000000002,140.76000000000002,1.1499999999999773,1.1499999999999773,0.0
3,equal_split_vickrey_majority,73.21,71.34,71.34,1.8699999999999903,1.8699999999999903,0.0
4,equal_split_vickrey_majority,30.889999999999993,26.629999999999995,0.0,30.889999999999993,4.259999999999998,0.0
5,equal_split_vickrey_majority,149.29,138.1,138.1,11.189999999999998,11.189999999999998,0.0
6,equal_split_vickrey_majority,44.690000000000005,44.690000000000005,44.690000000000005,0.0,0.0,0.0
7,equal_split_vickrey_majority,38.230000000000004,33.1,33.1,5.130000000000003,5.130000000000003,0.0
8,equal_split_vickrey_majority,137.26,137.01,137.01,0.25,0.25,0.0
9,equal_split_vickrey_majority,73.80000000000001,73.80000000000001,73.80000000000001,0.0,0.0,0.0
10,equal_split_vickrey_majority,33.8,26.049999999999997,26.049999999999997,7.75,7.75,0.0
11,equal_split_vickrey_majority,37.31999999999999,36.48,36.48,0.8399999999999963,0.8399999999999963,0.0
12,equal_split_vickrey_majority,20.84,19.810000000000002,19.810000000000002,1.0299999999999976,1.0299999999999976,0.0
13,equal_split_vickrey_majority,98.03999999999999,90.99,90.99,7.049999999999997,7.049999999999997,0.0
14,equal_split_vickrey_majority,90.62,90.62,90.62,0.0,0.0,0.0
15,equal_split_vickrey_majority,93.99000000000001,93.60000000000001,93.60000000000001,0.39000000000000057,0.39000000000000057,0.0
16,equal_split_vickrey_majority,84.51,76.01,76.01,8.5,8.5,0.0
17,equal_split_vickrey_majority,35.629999999999995,22.609999999999992,22.609999999999992,13.020000000000003,13.020000000000003,0.0
18,equal_split_vickrey_majority,51.27,49.760000000000005,49.760000000000005,1.509999999999998,1.509999999999998,0.0
19,equal_split_vickrey_majority,28.72,14.980000000000004,14.980000000000004,13.739999999999995,13.739999999999995,0.0
20,equal_split_vickrey_majority,54.55,54.55,54.55,0.0,0.0,0.0
21,equal_split_vickrey_majority,80.42,80.42,80.42,0.0,0.0,0.0
22,equal_split_vickrey_majority,111.13999999999999,107.97,107.97,3.1699999999999875,3.1699999999999875,0.0
23,equal_split_vickrey_majority,20.46,20.46,20.46,0.0,0.0,0.0
24,equal_split_vickrey_majority,73.97,73.97,73.97,0.0,0.0,0.0
25,equal_split_vickrey_majority,45.43,41.449999999999996,41.449999999999996,3.980000000000004,3.980000000000004,0.0
26,equal_split_vickrey_majority,17.82,17.44,17.44,0.379999999999999,0.379999999999999,0.0
27,equal_split_vickrey_majority,79.87,76.3,76.3,3.5700000000000074,3.5700000000000074,0.0
28,equal_split_vickrey_majority,80.85999999999999,77.38,77.38,3.4799999999999898,3.4799999999999898,0.0
29,equal_split_vickrey_majority,38.19,37.66,37.66,0.5300000000000011,0.5300000000000011,0.0
30,equal_split_vickrey_majority,74.96000000000001,72.12,72.12,2.8400000000000034,2.8400000000000034,0.0
31,equal_split_vickrey_majority,34.66,25.959999999999997,25.959999999999997,8.7,8.7,0.0
32,equal_split_vickrey_majority,113.08,109.84,109.84,3.239999999999995,3.239999999999995,0.0
33,equal_split_vickrey_majority,82.07,71.17,71.17,10.899999999999991,10.899999999999991,0.0
34,equal_split_vickrey_majority,104.28,104.15,104.15,0.12999999999999545,0.12999999999999545,0.0
35,equal_split_vickrey_majority,69.06,66.57,66.57,2.490000000000009,2.490000000000009,0.0
36,equal_split_vickrey_majority,22.840000000000003,22.480000000000004,22.480000000000004,0.35999999999999943,0.35999999999999943,0.0
37,equal_split_vickrey_majority,123.27999999999999,116.43999999999998,116.43999999999998,6.840000000000003,6.840000000000003,0.0
38,equal_split_vickrey_majority,22.43,20.27,20.27,2.16,2.16,0.0
39,equal_split_vickrey_majority,64.22,62.38999999999999,62.38999999999999,1.8300000000000054,1.8300000000000054,0.0
40,equal_split_vickrey_majority,83.58,81.28,81.28,2.299999999999997,2.299999999999997,0.0
41,equal_split_vickrey_majority,23.11,21.86,21.86,1.25,1.25,0.0
42,equal_split_vickrey_majority,53.870000000000005,45.660000000000004,45.660000000000004,8.21,8.21,0.0
43,equal_split_vickrey_majority,19.91,17.26,17.26,2.6499999999999986,2.6499999999999986,0.0
44,equal_split_vickrey_majority,114.67,111.94,111.94,2.730000000000004,2.730000000000004,0.0
45,equal_split_vickrey_majority,28.89,23.89,23.89,5.0,5.0,0.0
46,equal_split_vickrey_majority,111.38,111.38,111.38,0.0,0.0,0.0
47,equal_split_vickrey_majority,109.04,107.47000000000001,107.47000000000001,1.5699999999999932,1.5699999999999932,0.0
48,equal_split_vickrey_majority,145.70999999999998,143.61999999999998,143.61999999999998,2.0900000000000034,2.0900000000000034,0.0
49,equal_split_vickrey_majority,15.91,13.96,13.96,1.9499999999999993,1.9499999999999993,0.0
50,equal_split_vickrey_majority,85.15,81.6,81.6,3.5500000000000114,3.5500000000000114,0.0
51,equal_split_vickrey_majority,46.04,35.56,35.56,10.479999999999997,10.479999999999997,0.0
52,equal_split_vickrey_majority,116.84,107.39,107.39,9.450000000000003,9.450000000000003,0.0
53,equal_split_vickrey_majority,112.63999999999999,110.19,110.19,2.4499999999999886,2.4499999999999886,0.0
54,equal_split_vickrey_majority,39.65,30.769999999999996,30.769999999999996,8.880000000000003,8.880000000000003,0.0
55,equal_split_vickrey_majority,33.739999999999995,13.319999999999993,13.319999999999993,20.42,20.42,0.0
56,equal_split_vickrey_majority,83.74,78.77,78.77,4.969999999999999,4.969999999999999,0.0
57,equal_split_vickrey_majority,67.99,66.96,66.96,1.0300000000000011,1.0300000000000011,0.0
58,equal_split_vickrey_majority,20.209999999999997,18.54,18.54,1.6699999999999982,1.6699999999999982,0.0
59,equal_split_vickrey_majority,19.39,17.17,17.17,2.219999999999999,2.219999999999999,0.0
60,equal_split_vickrey_majority,122.83999999999999,119.63999999999999,119.63999999999999,3.200000000000003,3.200000000000003,0.0
61,equal_split_vickrey_majority,70.9,59.97,59.97,10.930000000000007,10.930000000000007,0.0
62,equal_split_vickrey_majority,77.45,74.62,74.62,2.8299999999999983,2.8299999999999983,0.0
63,equal_split_vickrey_majority,64.95,64.23,64.23,0.7199999999999989,0.7199999999999989,0.0
64,equal_split_vickrey_majority,120.98,118.64,118.64,2.3400000000000034,2.3400000000000034,0.0
65,equal_split_vickrey_majority,86.14999999999999,81.53,81.53,4.61999999999999,4.61999999999999,0.0
66,equal_split_vickrey_majority,89.80999999999999,87.93999999999998,87.93999999999998,1.8700000000000045,1.8700000000000045,0.0
67,equal_split_vickrey_majority,142.32999999999998,138.04,138.04,4.289999999999992,4.289999999999992,0.0
68,equal_split_vickrey_majority,40.730000000000004,40.730000000000004,40.730000000000004,0.0,0.0,0.0
69,equal_split_vickrey_majority,81.46,75.53999999999999,75.53999999999999,5.920000000000002,5.920000000000002,0.0
70,equal_split_vickrey_majority,68.02,66.09,66.09,1.9299999999999926,1.9299999999999926,0.0
71,equal_split_vickrey_majority,74.38,74.38,74.38,0.0,0.0,0.0
72,equal_split_vickrey_majority,78.60000000000001,66.87,66.87,11.730000000000004,11.730000000000004,0.0
73,equal_split_vickrey_majority,49.91,43.45,43.45,6.459999999999994,6.459999999999994,0.0
74,equal_split_vickrey_majority,45.58,45.58,45.58,0.0,0.0,0.0
75,equal_split_vickrey_majority,56.129999999999995,56.129999999999995,56.129999999999995,0.0,0.0,0.0
76,equal_split_vickrey_majority,96.41,87.96,87.96,8.450000000000003,8.450000000000003,0.0
77,equal_split_vickrey_majority,79.81,73.8,73.8,6.010000000000005,6.010000000000005,0.0
78,equal_split_vickrey_majority,21.9,20.66,20.66,1.2399999999999984,1.2399999999999984,0.0
79,equal_split_vickrey_majority,48.82,48.82,48.82,0.0,0.0,0.0
80,equal_split_vickrey_majority,46.86,44.099999999999994,44.099999999999994,2.760000000000005,2.760000000000005,0.0
81,equal_split_vickrey_majority,77.78999999999999,71.78999999999999,71.78999999999999,6.0,6.0,0.0
82,equal_split_vickrey_majority,20.549999999999997,20.549999999999997,20.549999999999997,0.0,0.0,0.0
83,equal_split_vickrey_majority,82.12,78.35,78.35,3.7700000000000102,3.7700000000000102,0.0
84,equal_split_vickrey_majority,78.66,76.99,76.99,1.6700000000000017,1.6700000000000017,0.0
85,equal_split_vickrey_majority,46.83,45.989999999999995,45.989999999999995,0.8400000000000034,0.8400000000000034,0.0
86,equal_split_vickrey_majority,71.93,65.49000000000001,65.49000000000001,6.439999999999998,6.439999999999998,0.0
87,equal_split_vickrey_majority,39.71,37.12,0.0,39.71,2.5900000000000034,0.0
88,equal_split_vickrey_majority,82.32,79.72,79.72,2.5999999999999943,2.5999999999999943,0.0
89,equal_split_vickrey_majority,32.16,32.16,32.16,0.0,0.0,0.0
90,equal_split_vickrey_majority,82.94,76.52,76.52,6.420000000000002,6.420000000000002,0.0
91,equal_split_vickrey_majority,41.41,41.41,41.41,0.0,0.0,0.0
92,equal_split_vickrey_majority,115.66000000000001,113.7,113.7,1.960000000000008,1.960000000000008,0.0
93,equal_split_vickrey_majority,45.29,45.29,45.29,0.0,0.0,0.0
94,equal_split_vickrey_majority,45.800000000000004,45.42,45.42,0.38000000000000256,0.38000000000000256,0.0
95,equal_split_vickrey_majority,85.16,82.43,82.43,2.7299999999999898,2.7299999999999898,0.0
96,equal_split_vickrey_majority,139.89,132.44,132.44,7.449999999999989,7.449999999999989,0.0
97,equal_split_vickrey_majority,45.81,45.81,45.81,0.0,0.0,0.0
98,equal_split_vickrey_majority,142.63,138.82,138.82,3.8100000000000023,3.8100000000000023,0.0
99,equal_split_vickrey_majority,43.14999999999999,20.639999999999993,20.639999999999993,22.509999999999998,22.509999999999998,0.0
100,equal_split_vickrey_majority,71.69999999999999,70.0,70.0,1.6999999999999886,1.6999999999999886,0.0
101,equal_split_vickrey_majority,28.8,27.130000000000003,27.130000000000003,1.6699999999999982,1.6699999999999982,0.0
102,equal_split_vickrey_majority,73.50999999999999,72.14,72.14,1.3699999999999903,1.3699999999999903,0.0
103,equal_split_vickrey_majority,20.93,20.75,20.75,0.17999999999999972,0.17999999999999972,0.0
104,equal_split_vickrey_majority,16.2,14.64,14.64,1.5599999999999987,1.5599999999999987,0.0
105,equal_split_vickrey_majority,70.19,59.53,59.53,10.659999999999997,10.659999999999997,0.0
106,equal_split_vickrey_majority,45.51,41.9,41.9,3.6099999999999994,3.6099999999999994,0.0
107,equal_split_vickrey_majority,67.46000000000001,66.15,66.15,1.3100000000000023,1.3100000000000023,0.0
108,equal_split_vickrey_majority,104.13,99.00999999999999,99.00999999999999,5.1200000000000045,5.1200000000000045,0.0
109,equal_split_vickrey_majority,32.31,25.030000000000005,25.030000000000005,7.279999999999998,7.279999999999998,0.0
110,equal_split_vickrey_majority,82.53,82.27,82.27,0.2600000000000051,0.2600000000000051,0.0
111,equal_split_vickrey_majority,18.79,18.37,18.37,0.41999999999999815,0.41999999999999815,0.0
112,equal_split_vickrey_majority,85.28999999999999,83.46,83.46,1.8299999999999983,1.8299999999999983,0.0
113,equal_split_vickrey_majority,37.2,37.2,37.2,0.0,0.0,0.0
114,equal_split_vickrey_majority,75.14999999999999,73.64,73.64,1.509999999999991,1.509999999999991,0.0
115,equal_split_vickrey_majority,44.98,42.43,42.43,2.549999999999997,2.549999999999997,0.0
116,equal_split_vickrey_majority,34.17999999999999,31.029999999999998,0.0,34.17999999999999,3.149999999999995,0.0
117,equal_split_vickrey_majority,41.42,38.78,38.78,2.6400000000000006,2.6400000000000006,0.0
118,equal_split_vickrey_majority,143.0,139.39,139.39,3.6100000000000136,3.6100000000000136,0.0
119,equal_split_vickrey_majority,45.03,40.8,40.8,4.230000000000004,4.230000000000004,0.0
120,equal_split_vickrey_majority,120.52999999999999,117.71,117.71,2.819999999999993,2.819999999999993,0.0
121,equal_split_vickrey_majority,23.470000000000002,22.76,22.76,0.7100000000000009,0.7100000000000009,0.0
122,equal_split_vickrey_majority,83.55000000000001,76.12,76.12,7.430000000000007,7.430000000000007,0.0
123,equal_split_vickrey_majority,83.71000000000001,81.13000000000001,81.13000000000001,2.5799999999999983,2.5799999999999983,0.0
124,equal_split_vickrey_majority,15.120000000000001,14.520000000000003,14.520000000000003,0.5999999999999979,0.5999999999999979,0.0
125,equal_split_vickrey_majority,44.790000000000006,42.95,42.95,1.8400000000000034,1.8400000000000034,0.0
126,equal_split_vickrey_majority,24.569999999999993,24.569999999999993,24.569999999999993,0.0,0.0,0.0
127,equal_split_vickrey_majority,34.39000000000001,30.440000000000005,30.440000000000005,3.950000000000003,3.950000000000003,0.0
128,equal_split_vickrey_majority,44.57,34.75,34.75,9.82,9.82,0.0
129,equal_split_vickrey_majority,117.73,115.59,115.59,2.1400000000000006,2.1400000000000006,0.0
130,equal_split_vickrey_majority,120.82000000000002,111.33000000000001,111.33000000000001,9.490000000000009,9.490000000000009,0.0
131,equal_split_vickrey_majority,48.92999999999999,48.42999999999999,48.42999999999999,0.5,0.5,0.0
132,equal_split_vickrey_majority,43.59,43.59,43.59,0.0,0.0,0.0
133,equal_split_vickrey_majority,78.86,76.67,76.67,2.1899999999999977,2.1899999999999977,0.0
134,equal_split_vickrey_majority,74.74,68.81,68.81,5.929999999999993,5.929999999999993,0.0
135,equal_split_vickrey_majority,84.04,83.69,83.69,0.3500000000000085,0.3500000000000085,0.0
136,equal_split_vickrey_majority,17.83,17.83,17.83,0.0,0.0,0.0
137,equal_split_vickrey_majority,128.44,123.39,123.39,5.049999999999997,5.049999999999997,0.0
138,equal_split_vickrey_majority,43.24,42.81,42.81,0.4299999999999997,0.4299999999999997,0.0
139,equal_split_vickrey_majority,127.88000000000001,126.64000000000001,126.64000000000001,1.2399999999999949,1.2399999999999949,0.0
140,equal_split_vickrey_majority,76.13,76.13,76.13,0.0,0.0,0.0
141,equal_split_vickrey_majority,30.59,29.04,0.0,30.59,1.5500000000000007,0.0
142,equal_split_vickrey_majority,38.7,37.150000000000006,37.150000000000006,1.5499999999999972,1.5499999999999972,0.0
143,equal_split_vickrey_majority,134.29999999999998,127.30999999999999,127.30999999999999,6.989999999999995,6.989999999999995,0.0
144,equal_split_vickrey_majority,91.78,87.87,87.87,3.9099999999999966,3.9099999999999966,0.0
145,equal_split_vickrey_majority,116.99,109.35,109.35,7.640000000000001,7.640000000000001,0.0
146,equal_split_vickrey_majority,129.29999999999998,129.29999999999998,129.29999999999998,0.0,0.0,0.0
147,equal_split_vickrey_majority,89.38,80.32,80.32,9.060000000000002,9.060000000000002,0.0
148,equal_split_vickrey_majority,78.88000000000001,75.76,75.76,3.1200000000000045,3.1200000000000045,0.0
149,equal_split_vickrey_majority,19.77,19.77,19.77,0.0,0.0,0.0
150,equal_split_vickrey_majority,22.56,22.52,22.52,0.03999999999999915,0.03999999999999915,0.0
151,equal_split_vickrey_majority,78.11999999999999,73.66,73.66,4.459999999999994,4.459999999999994,0.0
152,equal_split_vickrey_majority,130.88,125.85000000000001,125.85000000000001,5.029999999999987,5.029999999999987,0.0
153,equal_split_vickrey_majority,51.11000000000001,51.11000000000001,51.11000000000001,0.0,0.0,0.0
154,equal_split_vickrey_majority,17.439999999999998,15.84,15.84,1.5999999999999979,1.5999999999999979,0.0
155,equal_split_vickrey_majority,98.88,96.14,96.14,2.739999999999995,2.739999999999995,0.0
156,equal_split_vickrey_majority,147.78,141.57,141.57,6.210000000000008,6.210000000000008,0.0
157,equal_split_vickrey_majority,33.72,30.58,30.58,3.1400000000000006,3.1400000000000006,0.0
158,equal_split_vickrey_majority,90.38,90.03999999999999,90.03999999999999,0.3400000000000034,0.3400000000000034,0.0
159,equal_split_vickrey_majority,49.78,46.43000000000001,46.43000000000001,3.3499999999999943,3.3499999999999943,0.0
160,equal_split_vickrey_majority,147.56,140.26999999999998,140.26999999999998,7.2900000000000205,7.2900000000000205,0.0
161,equal_split_vickrey_majority,38.17,38.17,38.17,0.0,0.0,0.0
162,equal_split_vickrey_majority,73.25,68.0,68.0,5.25,5.25,0.0
163,equal_split_vickrey_majority,86.62,86.62,86.62,0.0,0.0,0.0
164,equal_split_vickrey_majority,69.6,69.6,69.6,0.0,0.0,0.0
165,equal_split_vickrey_majority,46.84,43.27,43.27,3.5700000000000003,3.5700000000000003,0.0
166,equal_split_vickrey_majority,43.82,41.33,41.33,2.490000000000002,2.490000000000002,0.0
167,equal_split_vickrey_majority,74.46000000000001,74.46000000000001,74.46000000000001,0.0,0.0,0.0
168,equal_split_vickrey_majority,41.48,36.43,36.43,5.049999999999997,5.049999999999997,0.0
169,equal_split_vickrey_majority,160.19,156.52,156.52,3.6699999999999875,3.6699999999999875,0.0
170,equal_split_vickrey_majority,40.51,29.33,29.33,11.18,11.18,0.0
171,equal_split_vickrey_majority,47.019999999999996,47.019999999999996,47.019999999999996,0.0,0.0,0.0
172,equal_split_vickrey_majority,20.31,19.699999999999996,19.699999999999996,0.610000000000003,0.610000000000003,0.0
173,equal_split_vickrey_majority,50.099999999999994,49.489999999999995,49.489999999999995,0.6099999999999994,0.6099999999999994,0.0
174,equal_split_vickrey_majority,41.0,40.56999999999999,40.56999999999999,0.4300000000000068,0.4300000000000068,0.0
175,equal_split_vickrey_majority,18.470000000000002,17.830000000000002,17.830000000000002,0.6400000000000006,0.6400000000000006,0.0
176,equal_split_vickrey_majority,131.6,124.59,124.59,7.009999999999991,7.009999999999991,0.0
177,equal_split_vickrey_majority,66.8,65.67,65.67,1.1299999999999955,1.1299999999999955,0.0
178,equal_split_vickrey_majority,15.719999999999999,15.719999999999999,15.719999999999999,0.0,0.0,0.0
179,equal_split_vickrey_majority,125.70000000000002,123.32000000000001,123.32000000000001,2.3800000000000097,2.3800000000000097,0.0
180,equal_split_vickrey_majority,81.02000000000001,80.47,80.47,0.5500000000000114,0.5500000000000114,0.0
181,equal_split_vickrey_majority,14.370000000000001,13.48,13.48,0.8900000000000006,0.8900000000000006,0.0
182,equal_split_vickrey_majority,16.419999999999998,14.149999999999999,14.149999999999999,2.2699999999999996,2.2699999999999996,0.0
183,equal_split_vickrey_majority,79.30000000000001,79.30000000000001,79.30000000000001,0.0,0.0,0.0
184,equal_split_vickrey_majority,129.23999999999998,121.91,121.91,7.329999999999984,7.329999999999984,0.0
185,equal_split_vickrey_majority,18.38,15.029999999999998,15.029999999999998,3.3500000000000014,3.3500000000000014,0.0
186,equal_split_vickrey_majority,88.85999999999999,84.74,84.74,4.11999999999999,4.11999999999999,0.0
187,equal_split_vickrey_majority,112.07,100.78999999999999,100.78999999999999,11.280000000000001,11.280000000000001,0.0
188,equal_split_vickrey_majority,109.22999999999999,109.22999999999999,109.22999999999999,0.0,0.0,0.0
189,equal_split_vickrey_majority,108.88000000000001,100.89000000000001,100.89000000000001,7.989999999999995,7.989999999999995,0.0
190,equal_split_vickrey_majority,16.02,14.45,14.45,1.5700000000000003,1.5700000000000003,0.0
191,equal_split_vickrey_majority,70.98,70.57000000000001,70.57000000000001,0.4099999999999966,0.4099999999999966,0.0
192,equal_split_vickrey_majority,34.66,31.72,31.72,2.9399999999999977,2.9399999999999977,0.0
193,equal_split_vickrey_majority,71.35,68.6,68.6,2.75,2.75,0.0
194,equal_split_vickrey_majority,37.290000000000006,28.540000000000003,28.540000000000003,8.750000000000004,8.750000000000004,0.0
195,equal_split_vickrey_majority,65.1,63.21,63.21,1.8899999999999935,1.8899999999999935,0.0
196,equal_split_vickrey_majority,37.89,37.89,0.0,37.89,0.0,0.0
197,equal_split_vickrey_majority,44.379999999999995,42.67,42.67,1.7099999999999937,1.7099999999999937,0.0
198,equal_split_vickrey_majority,37.96,31.260000000000005,31.260000000000005,6.699999999999996,6.699999999999996,0.0
199,equal_split_vickrey_majority,64.72,63.050000000000004,63.050000000000004,1.6699999999999946,1.6699999999999946,0.0
200,equal_split_vickrey_majority,43.120000000000005,34.480000000000004,34.480000000000004,8.64,8.64,0.0
201,equal_split_vickrey_majority,89.47,87.38000000000001,87.38000000000001,2.089999999999989,2.089999999999989,0.0
202,equal_split_vickrey_majority,16.88,16.09,16.09,0.7899999999999991,0.7899999999999991,0.0
203,equal_split_vickrey_majority,99.8,96.56,96.56,3.239999999999995,3.239999999999995,0.0
204,equal_split_vickrey_majority,36.940000000000005,36.940000000000005,36.940000000000005,0.0,0.0,0.0
205,equal_split_vickrey_majority,26.46,24.970000000000002,24.970000000000002,1.4899999999999984,1.4899999999999984,0.0
206,equal_split_vickrey_majority,136.95000000000002,130.18,130.18,6.77000000000001,6.77000000000001,0.0
207,equal_split_vickrey_majority,105.95,104.75,104.75,1.2000000000000028,1.2000000000000028,0.0
208,equal_split_vickrey_majority,137.86,136.56,136.56,1.3000000000000114,1.3000000000000114,0.0
209,equal_split_vickrey_majority,110.97,110.97,110.97,0.0,0.0,0.0
210,equal_split_vickrey_majority,82.39000000000001,79.58000000000001,79.58000000000001,2.8100000000000023,2.8100000000000023,0.0
211,equal_split_vickrey_majority,124.2,121.09,121.09,3.1099999999999994,3.1099999999999994,0.0
212,equal_split_vickrey_majority,143.76999999999998,140.72,140.72,3.049999999999983,3.049999999999983,0.0
213,equal_split_vickrey_majority,126.43,125.2,125.2,1.230000000000004,1.230000000000004,0.0
214,equal_split_vickrey_majority,107.96000000000001,99.72,99.72,8.240000000000009,8.240000000000009,0.0
215,equal_split_vickrey_majority,135.0,135.0,135.0,0.0,0.0,0.0
216,equal_split_vickrey_majority,83.16,76.75999999999999,76.75999999999999,6.400000000000006,6.400000000000006,0.0
217,equal_split_vickrey_majority,136.23000000000002,133.47000000000003,133.47000000000003,2.759999999999991,2.759999999999991,0.0
218,equal_split_vickrey_majority,73.85000000000001,70.22,70.22,3.6300000000000097,3.6300000000000097,0.0
219,equal_split_vickrey_majority,48.099999999999994,47.839999999999996,47.839999999999996,0.259999999999998,0.259999999999998,0.0
220,equal_split_vickrey_majority,117.6,114.69,114.69,2.9099999999999966,2.9099999999999966,0.0
221,equal_split_vickrey_majority,89.07000000000001,88.80000000000001,88.80000000000001,0.269999999999996,0.269999999999996,0.0
222,equal_split_vickrey_majority,132.47,132.47,132.47,0.0,0.0,0.0
223,equal_split_vickrey_majority,119.54,114.97,114.97,4.570000000000007,4.570000000000007,0.0
224,equal_split_vickrey_majority,117.60000000000001,111.12,111.12,6.480000000000004,6.480000000000004,0.0
225,equal_split_vickrey_majority,45.15,45.15,45.15,0.0,0.0,0.0
226,equal_split_vickrey_majority,112.26,108.21000000000001,108.21000000000001,4.049999999999997,4.049999999999997,0.0
227,equal_split_vickrey_majority,134.34,132.92,132.92,1.420000000000016,1.420000000000016,0.0
228,equal_split_vickrey_majority,43.230000000000004,41.39,41.39,1.8400000000000034,1.8400000000000034,0.0
229,equal_split_vickrey_majority,29.789999999999992,29.789999999999992,29.789999999999992,0.0,0.0,0.0
230,equal_split_vickrey_majority,16.62,16.62,16.62,0.0,0.0,0.0
231,equal_split_vickrey_majority,29.849999999999994,26.299999999999997,26.299999999999997,3.549999999999997,3.549999999999997,0.0
232,equal_split_vickrey_majority,33.32000000000001,31.690000000000005,31.690000000000005,1.6300000000000026,1.6300000000000026,0.0
233,equal_split_vickrey_majority,21.76,20.75,20.75,1.0100000000000016,1.0100000000000016,0.0
234,equal_split_vickrey_majority,115.66,114.96000000000001,114.96000000000001,0.6999999999999886,0.6999999999999886,0.0
235,equal_split_vickrey_majority,81.93,79.34,79.34,2.5900000000000034,2.5900000000000034,0.0
236,equal_split_vickrey_majority,122.69,115.78,115.78,6.909999999999997,6.909999999999997,0.0
237,equal_split_vickrey_majority,32.55,32.55,32.55,0.0,0.0,0.0
238,equal_split_vickrey_majority,124.04,121.93,121.93,2.1099999999999994,2.1099999999999994,0.0
239,equal_split_vickrey_majority,62.0,62.0,62.0,0.0,0.0,0.0
240,equal_split_vickrey_majority,80.80000000000001,76.01,76.01,4.790000000000006,4.790000000000006,0.0
241,equal_split_vickrey_majority,32.620000000000005,30.200000000000003,30.200000000000003,2.4200000000000017,2.4200000000000017,0.0
242,equal_split_vickrey_majority,46.95,41.17,41.17,5.780000000000001,5.780000000000001,0.0
243,equal_split_vickrey_majority,78.99,69.3,69.3,9.689999999999998,9.689999999999998,0.0
244,equal_split_vickrey_majority,86.94,80.76,80.76,6.179999999999993,6.179999999999993,0.0
245,equal_split_vickrey_majority,39.16,33.019999999999996,33.019999999999996,6.140000000000001,6.140000000000001,0.0
246,equal_split_vickrey_majority,33.78,33.78,33.78,0.0,0.0,0.0
247,equal_split_vickrey_majority,70.89,70.89,70.89,0.0,0.0,0.0
248,equal_split_vickrey_majority,89.4,84.51,84.51,4.890000000000001,4.890000000000001,0.0
249,equal_split_vickrey_majority,17.6,17.05,17.05,0.5500000000000007,0.5500000000000007,0.0
250,equal_split_vickrey_majority,20.27,20.09,20.09,0.17999999999999972,0.17999999999999972,0.0
251,equal_split_vickrey_majority,39.480000000000004,39.480000000000004,39.480000000000004,0.0,0.0,0.0
252,equal_split_vickrey_majority,110.25,107.22,107.22,3.030000000000001,3.030000000000001,0.0
253,equal_split_vickrey_majority,69.00999999999999,63.139999999999986,63.139999999999986,5.8700000000000045,5.8700000000000045,0.0
254,equal_split_vickrey_majority,45.54,45.54,45.54,0.0,0.0,0.0
255,equal_split_vickrey_majority,126.52000000000001,124.96000000000001,124.96000000000001,1.5600000000000023,1.5600000000000023,0.0
256,equal_split_vickrey_majority,92.75999999999999,89.02,89.02,3.739999999999995,3.739999999999995,0.0
257,equal_split_vickrey_majority,29.42,28.790000000000003,28.790000000000003,0.629999999999999,0.629999999999999,0.0
258,equal_split_vickrey_majority,36.56,19.68,19.68,16.880000000000003,16.880000000000003,0.0
259,equal_split_vickrey_majority,113.05000000000001,112.37,112.37,0.6800000000000068,0.6800000000000068,0.0
260,equal_split_vickrey_majority,43.6,42.220000000000006,42.220000000000006,1.3799999999999955,1.3799999999999955,0.0
261,equal_split_vickrey_majority,127.34,116.54,116.54,10.799999999999997,10.799999999999997,0.0
262,equal_split_vickrey_majority,15.349999999999998,13.669999999999998,13.669999999999998,1.6799999999999997,1.6799999999999997,0.0
263,equal_split_vickrey_majority,72.26,72.26,72.26,0.0,0.0,0.0
264,equal_split_vickrey_majority,61.86,61.73,61.73,0.13000000000000256,0.13000000000000256,0.0
265,equal_split_vickrey_majority,44.61,44.61,44.61,0.0,0.0,0.0
266,equal_split_vickrey_majority,42.879999999999995,38.96,38.96,3.9199999999999946,3.9199999999999946,0.0
267,equal_split_vickrey_majority,45.09,45.09,45.09,0.0,0.0,0.0
268,equal_split_vickrey_majority,120.8,118.17999999999999,118.17999999999999,2.6200000000000045,2.6200000000000045,0.0
269,equal_split_vickrey_majority,18.759999999999998,18.759999999999998,18.759999999999998,0.0,0.0,0.0
270,equal_split_vickrey_majority,37.2,32.22,32.22,4.980000000000004,4.980000000000004,0.0
271,equal_split_vickrey_majority,39.93,38.230000000000004,38.230000000000004,1.6999999999999957,1.6999999999999957,0.0
272,equal_split_vickrey_majority,43.57,38.35,38.35,5.219999999999999,5.219999999999999,0.0
273,equal_split_vickrey_majority,51.89,47.62,47.62,4.270000000000003,4.270000000000003,0.0
274,equal_split_vickrey_majority,18.19,17.8,17.8,0.39000000000000057,0.39000000000000057,0.0
275,equal_split_vickrey_majority,123.89,115.28,115.28,8.61,8.61,0.0
276,equal_split_vickrey_majority,97.23,94.95,94.95,2.280000000000001,2.280000000000001,0.0
277,equal_split_vickrey_majority,128.51999999999998,128.51999999999998,128.51999999999998,0.0,0.0,0.0
278,equal_split_vickrey_majority,107.32000000000001,107.32000000000001,107.32000000000001,0.0,0.0,0.0
279,equal_split_vickrey_majority,81.5,81.5,81.5,0.0,0.0,0.0
280,equal_split_vickrey_majority,20.560000000000002,20.060000000000002,20.060000000000002,0.5,0.5,0.0
281,equal_split_vickrey_majority,27.86,21.189999999999998,0.0,27.86,6.670000000000002,0.0
282,equal_split_vickrey_majority,38.35,37.940000000000005,37.940000000000005,0.4099999999999966,0.4099999999999966,0.0
283,equal_split_vickrey_majority,40.42,40.42,40.42,0.0,0.0,0.0
284,equal_split_vickrey_majority,15.88,12.8,12.8,3.08,3.08,0.0
285,equal_split_vickrey_majority,66.69,62.76,62.76,3.9299999999999997,3.9299999999999997,0.0
286,equal_split_vickrey_majority,86.96,84.7,84.7,2.259999999999991,2.259999999999991,0.0
287,equal_split_vickrey_majority,73.72999999999999,66.12,66.12,7.609999999999985,7.609999999999985,0.0
288,equal_split_vickrey_majority,49.53,45.67,45.67,3.8599999999999994,3.8599999999999994,0.0
289,equal_split_vickrey_majority,72.58,68.16999999999999,68.16999999999999,4.410000000000011,4.410000000000011,0.0
290,equal_split_vickrey_majority,23.6,22.57,22.57,1.0300000000000011,1.0300000000000011,0.0
291,equal_split_vickrey_majority,20.71,20.430000000000003,20.430000000000003,0.2799999999999976,0.2799999999999976,0.0
292,equal_split_vickrey_majority,77.58,65.11,65.11,12.469999999999999,12.469999999999999,0.0
293,equal_split_vickrey_majority,17.68,17.330000000000005,17.330000000000005,0.3499999999999943,0.3499999999999943,0.0
294,equal_split_vickrey_majority,74.22,72.02,72.02,2.200000000000003,2.200000000000003,0.0
295,equal_split_vickrey_majority,130.82999999999998,130.82999999999998,130.82999999999998,0.0,0.0,0.0
296,equal_split_vickrey_majority,42.22,39.11,39.11,3.1099999999999994,3.1099999999999994,0.0
297,equal_split_vickrey_majority,44.86,40.190000000000005,40.190000000000005,4.669999999999995,4.669999999999995,0.0
298,equal_split_vickrey_majority,34.58,34.150000000000006,34.150000000000006,0.4299999999999926,0.4299999999999926,0.0
299,equal_split_vickrey_majority,80.35000000000001,79.65,79.65,0.7000000000000028,0.7000000000000028,0.0
300,equal_split_vickrey_majority,78.99,78.99,78.99,0.0,0.0,0.0
301,equal_split_vickrey_majority,32.040000000000006,31.150000000000002,31.150000000000002,0.8900000000000041,0.8900000000000041,0.0
302,equal_split_vickrey_majority,42.76,42.199999999999996,42.199999999999996,0.5600000000000023,0.5600000000000023,0.0
303,equal_split_vickrey_majority,126.03000000000002,126.03000000000002,126.03000000000002,0.0,0.0,0.0
304,equal_split_vickrey_majority,44.67999999999999,44.67999999999999,44.67999999999999,0.0,0.0,0.0
305,equal_split_vickrey_majority,84.92,83.72,83.72,1.2000000000000028,1.2000000000000028,0.0
306,equal_split_vickrey_majority,38.11000000000001,25.110000000000007,25.110000000000007,13.0,13.0,0.0
307,equal_split_vickrey_majority,76.07000000000001,72.3,72.3,3.7700000000000102,3.7700000000000102,0.0
308,equal_split_vickrey_majority,70.91999999999999,70.91999999999999,70.91999999999999,0.0,0.0,0.0
309,equal_split_vickrey_majority,45.81,44.12,44.12,1.6900000000000048,1.6900000000000048,0.0
310,equal_split_vickrey_majority,16.67,16.04,16.04,0.6300000000000026,0.6300000000000026,0.0
311,equal_split_vickrey_majority,17.44,17.4,17.4,0.0400000000000027,0.0400000000000027,0.0
312,equal_split_vickrey_majority,83.83999999999999,81.75999999999999,81.75999999999999,2.0799999999999983,2.0799999999999983,0.0
313,equal_split_vickrey_majority,46.99,46.09,46.09,0.8999999999999986,0.8999999999999986,0.0
314,equal_split_vickrey_majority,103.61,103.61,103.61,0.0,0.0,0.0
315,equal_split_vickrey_majority,84.07,81.50999999999999,81.50999999999999,2.5600000000000023,2.5600000000000023,0.0
316,equal_split_vickrey_majority,54.33,50.13,50.13,4.199999999999996,4.199999999999996,0.0
317,equal_split_vickrey_majority,57.63,57.63,57.63,0.0,0.0,0.0
318,equal_split_vickrey_majority,40.26,35.15,35.15,5.109999999999999,5.109999999999999,0.0
319,equal_split_vickrey_majority,52.379999999999995,52.379999999999995,52.379999999999995,0.0,0.0,0.0
320,equal_split_vickrey_majority,115.05,109.35,109.35,5.700000000000003,5.700000000000003,0.0
321,equal_split_vickrey_majority,19.46,19.21,19.21,0.25,0.25,0.0
322,equal_split_vickrey_majority,114.78,112.36,112.36,2.4200000000000017,2.4200000000000017,0.0
323,equal_split_vickrey_majority,22.020000000000003,20.0,20.0,2.020000000000003,2.020000000000003,0.0
324,equal_split_vickrey_majority,114.7,112.69,112.69,2.010000000000005,2.010000000000005,0.0
325,equal_split_vickrey_majority,47.11,46.35,46.35,0.759999999999998,0.759999999999998,0.0
326,equal_split_vickrey_majority,136.67999999999998,135.54,135.54,1.1399999999999864,1.1399999999999864,0.0
327,equal_split_vickrey_majority,117.20999999999998,112.57999999999998,112.57999999999998,4.6299999999999955,4.6299999999999955,0.0
328,equal_split_vickrey_majority,20.44,20.44,20.44,0.0,0.0,0.0
329,equal_split_vickrey_majority,34.1,31.39,0.0,34.1,2.710000000000001,0.0
330,equal_split_vickrey_majority,45.9,45.9,45.9,0.0,0.0,0.0
331,equal_split_vickrey_majority,125.08000000000001,125.08000000000001,125.08000000000001,0.0,0.0,0.0
332,equal_split_vickrey_majority,37.28,37.28,37.28,0.0,0.0,0.0
333,equal_split_vickrey_majority,43.07,41.57,41.57,1.5,1.5,0.0
334,equal_split_vickrey_majority,20.41,20.229999999999997,20.229999999999997,0.18000000000000327,0.18000000000000327,0.0
335,equal_split_vickrey_majority,47.17,45.15,45.15,2.020000000000003,2.020000000000003,0.0
336,equal_split_vickrey_majority,44.96,37.379999999999995,37.379999999999995,7.580000000000005,7.580000000000005,0.0
337,equal_split_vickrey_majority,36.16,32.03,32.03,4.1299999999999955,4.1299999999999955,0.0
338,equal_split_vickrey_majority,70.63,67.24,67.24,3.3900000000000006,3.3900000000000006,0.0
339,equal_split_vickrey_majority,14.759999999999998,14.759999999999998,14.759999999999998,0.0,0.0,0.0
340,equal_split_vickrey_majority,77.54,75.79,75.79,1.75,1.75,0.0
341,equal_split_vickrey_majority,124.36000000000001,119.89,119.89,4.470000000000013,4.470000000000013,0.0
342,equal_split_vickrey_majority,19.810000000000002,18.490000000000002,18.490000000000002,1.3200000000000003,1.3200000000000003,0.0
343,equal_split_vickrey_majority,31.589999999999996,31.589999999999996,31.589999999999996,0.0,0.0,0.0
344,equal_split_vickrey_majority,131.44,126.01,126.01,5.429999999999993,5.429999999999993,0.0
345,equal_split_vickrey_majority,131.18,128.39000000000001,128.39000000000001,2.789999999999992,2.789999999999992,0.0
346,equal_split_vickrey_majority,47.599999999999994,44.099999999999994,44.099999999999994,3.5,3.5,0.0
347,equal_split_vickrey_majority,122.85999999999999,119.42999999999999,119.42999999999999,3.4299999999999926,3.4299999999999926,0.0
348,equal_split_vickrey_majority,81.76,72.15,72.15,9.61,9.61,0.0
349,equal_split_vickrey_majority,41.91,36.37,36.37,5.539999999999999,5.539999999999999,0.0
350,equal_split_vickrey_majority,53.55,48.55,48.55,5.0,5.0,0.0
351,equal_split_vickrey_majority,17.71,17.71,17.71,0.0,0.0,0.0
352,equal_split_vickrey_majority,34.76,34.76,34.76,0.0,0.0,0.0
353,equal_split_vickrey_majority,37.50000000000001,13.990000000000009,13.990000000000009,23.509999999999998,23.509999999999998,0.0
354,equal_split_vickrey_majority,40.42,17.39,17.39,23.03,23.03,0.0
355,equal_split_vickrey_majority,20.689999999999998,20.349999999999998,20.349999999999998,0.33999999999999986,0.33999999999999986,0.0
356,equal_split_vickrey_majority,122.42,118.9,118.9,3.519999999999996,3.519999999999996,0.0
357,equal_split_vickrey_majority,69.25,68.81,68.81,0.4399999999999977,0.4399999999999977,0.0
358,equal_split_vickrey_majority,60.330000000000005,60.330000000000005,60.330000000000005,0.0,0.0,0.0
359,equal_split_vickrey_majority,122.5,113.99000000000001,113.99000000000001,8.509999999999991,8.509999999999991,0.0
360,equal_split_vickrey_majority,69.14999999999999,68.86999999999999,68.86999999999999,0.28000000000000114,0.28000000000000114,0.0
361,equal_split_vickrey_majority,107.26,100.67,100.67,6.590000000000003,6.590000000000003,0.0
362,equal_split_vickrey_majority,44.660000000000004,39.83,39.83,4.830000000000005,4.830000000000005,0.0
363,equal_split_vickrey_majority,34.0,31.23,31.23,2.7699999999999996,2.7699999999999996,0.0
364,equal_split_vickrey_majority,41.559999999999995,41.559999999999995,41.559999999999995,0.0,0.0,0.0
365,equal_split_vickrey_majority,116.29,112.77000000000001,112.77000000000001,3.519999999999996,3.519999999999996,0.0
366,equal_split_vickrey_majority,48.42,48.42,48.42,0.0,0.0,0.0
367,equal_split_vickrey_majority,81.10000000000001,80.37,80.37,0.730000000000004,0.730000000000004,0.0
368,equal_split_vickrey_majority,17.12,13.670000000000002,13.670000000000002,3.4499999999999993,3.4499999999999993,0.0
369,equal_split_vickrey_majority,20.28,18.54,18.54,1.740000000000002,1.740000000000002,0.0
370,equal_split_vickrey_majority,24.939999999999998,20.42,20.42,4.519999999999996,4.519999999999996,0.0
371,equal_split_vickrey_majority,46.790000000000006,45.74,45.74,1.0500000000000043,1.0500000000000043,0.0
372,equal_split_vickrey_majority,44.15,44.15,44.15,0.0,0.0,0.0
373,equal_split_vickrey_majority,85.97,83.63,83.63,2.3400000000000034,2.3400000000000034,0.0
374,equal_split_vickrey_majority,37.089999999999996,37.089999999999996,37.089999999999996,0.0,0.0,0.0
375,equal_split_vickrey_majority,128.42000000000002,123.45,123.45,4.970000000000013,4.970000000000013,0.0
376,equal_split_vickrey_majority,125.26000000000002,121.54000000000002,121.54000000000002,3.719999999999999,3.719999999999999,0.0
377,equal_split_vickrey_majority,17.409999999999997,17.409999999999997,17.409999999999997,0.0,0.0,0.0
378,equal_split_vickrey_majority,44.06999999999999,44.06999999999999,44.06999999999999,0.0,0.0,0.0
379,equal_split_vickrey_majority,52.64000000000001,52.64000000000001,52.64000000000001,0.0,0.0,0.0
380,equal_split_vickrey_majority,14.529999999999998,12.739999999999998,12.739999999999998,1.7899999999999991,1.7899999999999991,0.0
381,equal_split_vickrey_majority,128.33,125.72,125.72,2.6100000000000136,2.6100000000000136,0.0
382,equal_split_vickrey_majority,19.27,18.07,18.07,1.1999999999999993,1.1999999999999993,0.0
383,equal_split_vickrey_majority,25.35,24.91,24.91,0.4400000000000013,0.4400000000000013,0.0
384,equal_split_vickrey_majority,30.58,30.58,0.0,30.58,0.0,0.0
385,equal_split_vickrey_majority,37.879999999999995,37.879999999999995,37.879999999999995,0.0,0.0,0.0
386,equal_split_vickrey_majority,79.36,76.92,76.92,2.4399999999999977,2.4399999999999977,0.0
387,equal_split_vickrey_majority,134.18,130.24,130.24,3.9399999999999977,3.9399999999999977,0.0
388,equal_split_vickrey_majority,123.99999999999999,118.6,118.6,5.3999999999999915,5.3999999999999915,0.0
389,equal_split_vickrey_majority,125.83999999999999,117.47999999999999,117.47999999999999,8.36,8.36,0.0
390,equal_split_vickrey_majority,35.900000000000006,35.900000000000006,35.900000000000006,0.0,0.0,0.0
391,equal_split_vickrey_majority,28.689999999999998,22.049999999999997,0.0,28.689999999999998,6.640000000000001,0.0
392,equal_split_vickrey_majority,82.76,82.76,82.76,0.0,0.0,0.0
393,equal_split_vickrey_majority,15.49,14.030000000000001,14.030000000000001,1.459999999999999,1.459999999999999,0.0
394,equal_split_vickrey_majority,62.14000000000001,58.85000000000001,58.85000000000001,3.289999999999999,3.289999999999999,0.0
395,equal_split_vickrey_majority,77.28999999999999,72.52,72.52,4.769999999999996,4.769999999999996,0.0
396,equal_split_vickrey_majority,21.5,21.330000000000002,21.330000000000002,0.16999999999999815,0.16999999999999815,0.0
397,equal_split_vickrey_majority,39.19,39.19,39.19,0.0,0.0,0.0
398,equal_split_vickrey_majority,21.34,19.62,19.62,1.7199999999999989,1.7199999999999989,0.0
399,equal_split_vickrey_majority,13.779999999999998,13.779999999999998,13.779999999999998,0.0,0.0,0.0
400,equal_split_vickrey_majority,54.800000000000004,54.800000000000004,54.800000000000004,0.0,0.0,0.0
401,equal_split_vickrey_majority,37.050000000000004,32.42,32.42,4.630000000000003,4.630000000000003,0.0
402,equal_split_vickrey_majority,17.78,16.29,16.29,1.490000000000002,1.490000000000002,0.0
403,equal_split_vickrey_majority,42.75,42.75,42.75,0.0,0.0,0.0
404,equal_split_vickrey_majority,118.41000000000001,113.34,113.34,5.070000000000007,5.070000000000007,0.0
405,equal_split_vickrey_majority,20.84,18.14,18.14,2.6999999999999993,2.6999999999999993,0.0
406,equal_split_vickrey_majority,81.58,81.31,81.31,0.269999999999996,0.269999999999996,0.0
407,equal_split_vickrey_majority,84.94,82.42,82.42,2.519999999999996,2.519999999999996,0.0
408,equal_split_vickrey_majority,73.25999999999999,71.77,71.77,1.4899999999999949,1.4899999999999949,0.0
409,equal_split_vickrey_majority,129.74,129.74,129.74,0.0,0.0,0.0
410,equal_split_vickrey_majority,79.42999999999999,79.42999999999999,79.42999999999999,0.0,0.0,0.0
411,equal_split_vickrey_majority,18.180000000000003,18.180000000000003,18.180000000000003,0.0,0.0,0.0
412,equal_split_vickrey_majority,88.72,86.72,86.72,2.0,2.0,0.0
413,equal_split_vickrey_majority,28.1,14.340000000000003,14.340000000000003,13.759999999999998,13.759999999999998,0.0
414,equal_split_vickrey_majority,45.64,42.67,42.67,2.969999999999999,2.969999999999999,0.0
415,equal_split_vickrey_majority,69.25,64.99,64.99,4.260000000000005,4.260000000000005,0.0
416,equal_split_vickrey_majority,136.76,136.76,136.76,0.0,0.0,0.0
417,equal_split_vickrey_majority,42.260000000000005,33.86000000000001,33.86000000000001,8.399999999999999,8.399999999999999,0.0
418,equal_split_vickrey_majority,30.620000000000005,24.090000000000003,24.090000000000003,6.530000000000001,6.530000000000001,0.0
419,equal_split_vickrey_majority,133.21999999999997,133.21999999999997,133.21999999999997,0.0,0.0,0.0
420,equal_split_vickrey_majority,129.22,129.2,129.2,0.020000000000010232,0.020000000000010232,0.0
421,equal_split_vickrey_majority,34.01,29.409999999999997,29.409999999999997,4.600000000000001,4.600000000000001,0.0
422,equal_split_vickrey_majority,17.919999999999998,16.15,16.15,1.7699999999999996,1.7699999999999996,0.0
423,equal_split_vickrey_majority,51.07,51.05,51.05,0.020000000000003126,0.020000000000003126,0.0
424,equal_split_vickrey_majority,104.21,100.33,100.33,3.8799999999999955,3.8799999999999955,0.0
425,equal_split_vickrey_majority,71.31,66.73,66.73,4.579999999999998,4.579999999999998,0.0
426,equal_split_vickrey_majority,70.45,67.66000000000001,67.66000000000001,2.789999999999992,2.789999999999992,0.0
427,equal_split_vickrey_majority,17.18,15.11,15.11,2.0700000000000003,2.0700000000000003,0.0
428,equal_split_vickrey_majority,39.230000000000004,33.59,33.59,5.640000000000001,5.640000000000001,0.0
429,equal_split_vickrey_majority,38.620000000000005,38.120000000000005,38.120000000000005,0.5,0.5,0.0
430,equal_split_vickrey_majority,72.08,68.25999999999999,68.25999999999999,3.8200000000000074,3.8200000000000074,0.0
431,equal_split_vickrey_majority,16.27,15.129999999999999,15.129999999999999,1.1400000000000006,1.1400000000000006,0.0
432,equal_split_vickrey_majority,81.69999999999999,71.17999999999999,71.17999999999999,10.519999999999996,10.519999999999996,0.0
433,equal_split_vickrey_majority,110.22,100.14999999999999,100.14999999999999,10.070000000000007,10.070000000000007,0.0
434,equal_split_vickrey_majority,17.31,16.04,16.04,1.2699999999999996,1.2699999999999996,0.0
435,equal_split_vickrey_majority,79.46000000000001,76.47000000000001,76.47000000000001,2.989999999999995,2.989999999999995,0.0
436,equal_split_vickrey_majority,48.87,47.53,47.53,1.3399999999999963,1.3399999999999963,0.0
437,equal_split_vickrey_majority,48.879999999999995,48.879999999999995,48.879999999999995,0.0,0.0,0.0
438,equal_split_vickrey_majority,107.62,101.28,101.28,6.340000000000003,6.340000000000003,0.0
439,equal_split_vickrey_majority,129.35,128.47,128.47,0.8799999999999955,0.8799999999999955,0.0
440,equal_split_vickrey_majority,53.78000000000001,53.78000000000001,53.78000000000001,0.0,0.0,0.0
441,equal_split_vickrey_majority,141.37,138.67000000000002,138.67000000000002,2.6999999999999886,2.6999999999999886,0.0
442,equal_split_vickrey_majority,30.47,30.47,30.47,0.0,0.0,0.0
443,equal_split_vickrey_majority,67.09,67.09,67.09,0.0,0.0,0.0
444,equal_split_vickrey_majority,75.99,75.99,75.99,0.0,0.0,0.0
445,equal_split_vickrey_majority,108.34,108.34,108.34,0.0,0.0,0.0
446,equal_split_vickrey_majority,16.8,16.8,16.8,0.0,0.0,0.0
447,equal_split_vickrey_majority,19.6,19.26,19.26,0.33999999999999986,0.33999999999999986,0.0
448,equal_split_vickrey_majority,123.30000000000001,119.19000000000001,119.19000000000001,4.109999999999999,4.109999999999999,0.0
449,equal_split_vickrey_majority,49.739999999999995,47.12,47.12,2.6199999999999974,2.6199999999999974,0.0
450,equal_split_vickrey_majority,101.89000000000001,101.89000000000001,101.89000000000001,0.0,0.0,0.0
451,equal_split_vickrey_majority,76.91,72.16,72.16,4.75,4.75,0.0
452,equal_split_vickrey_majority,117.54000000000002,112.21000000000001,112.21000000000001,5.3300000000000125,5.3300000000000125,0.0
453,equal_split_vickrey_majority,22.119999999999997,19.56,19.56,2.5599999999999987,2.5599999999999987,0.0
454,equal_split_vickrey_majority,154.72,153.37,153.37,1.3499999999999943,1.3499999999999943,0.0
455,equal_split_vickrey_majority,74.87,73.72999999999999,73.72999999999999,1.1400000000000148,1.1400000000000148,0.0
456,equal_split_vickrey_majority,46.48,46.17,46.17,0.30999999999999517,0.30999999999999517,0.0
457,equal_split_vickrey_majority,134.19,133.75,133.75,0.4399999999999977,0.4399999999999977,0.0
458,equal_split_vickrey_majority,121.84999999999998,121.84999999999998,121.84999999999998,0.0,0.0,0.0
459,equal_split_vickrey_majority,79.74000000000001,76.82,76.82,2.920000000000016,2.920000000000016,0.0
460,equal_split_vickrey_majority,34.22,10.469999999999999,10.469999999999999,23.75,23.75,0.0
461,equal_split_vickrey_majority,48.81,46.04,46.04,2.770000000000003,2.770000000000003,0.0
462,equal_split_vickrey_majority,20.909999999999997,19.15,19.15,1.759999999999998,1.759999999999998,0.0
463,equal_split_vickrey_majority,43.9,38.41,38.41,5.490000000000002,5.490000000000002,0.0
464,equal_split_vickrey_majority,21.810000000000002,21.12,21.12,0.6900000000000013,0.6900000000000013,0.0
465,equal_split_vickrey_majority,65.65,65.65,65.65,0.0,0.0,0.0
466,equal_split_vickrey_majority,37.16,34.58,0.0,37.16,2.5799999999999983,0.0
467,equal_split_vickrey_majority,32.83,32.83,32.83,0.0,0.0,0.0
468,equal_split_vickrey_majority,114.11,101.38,101.38,12.730000000000004,12.730000000000004,0.0
469,equal_split_vickrey_majority,29.439999999999998,29.089999999999996,29.089999999999996,0.3500000000000014,0.3500000000000014,0.0
470,equal_split_vickrey_majority,21.09,19.84,19.84,1.25,1.25,0.0
471,equal_split_vickrey_majority,40.150000000000006,40.150000000000006,40.150000000000006,0.0,0.0,0.0
472,equal_split_vickrey_majority,44.68000000000001,41.21,41.21,3.470000000000006,3.470000000000006,0.0
473,equal_split_vickrey_majority,122.1,113.70999999999998,113.70999999999998,8.390000000000015,8.390000000000015,0.0
474,equal_split_vickrey_majority,18.89,17.55,17.55,1.3399999999999999,1.3399999999999999,0.0
475,equal_split_vickrey_majority,75.33,73.02,73.02,2.3100000000000023,2.3100000000000023,0.0
476,equal_split_vickrey_majority,88.47,83.69,83.69,4.780000000000001,4.780000000000001,0.0
477,equal_split_vickrey_majority,37.25,34.25,34.25,3.0,3.0,0.0
478,equal_split_vickrey_majority,37.019999999999996,32.42,32.42,4.599999999999994,4.599999999999994,0.0
479,equal_split_vickrey_majority,45.11,41.629999999999995,41.629999999999995,3.480000000000004,3.480000000000004,0.0
480,equal_split_vickrey_majority,21.75,20.99,20.99,0.7600000000000016,0.7600000000000016,0.0
481,equal_split_vickrey_majority,88.75,88.75,88.75,0.0,0.0,0.0
482,equal_split_vickrey_majority,48.82,46.730000000000004,46.730000000000004,2.0899999999999963,2.0899999999999963,0.0
483,equal_split_vickrey_majority,78.4,77.28,77.28,1.1200000000000045,1.1200000000000045,0.0
484,equal_split_vickrey_majority,38.89,30.090000000000003,30.090000000000003,8.799999999999997,8.799999999999997,0.0
485,equal_split_vickrey_majority,121.38,118.33,118.33,3.049999999999997,3.049999999999997,0.0
486,equal_split_vickrey_majority,17.200000000000003,17.200000000000003,17.200000000000003,0.0,0.0,0.0
487,equal_split_vickrey_majority,32.2,31.340000000000003,31.340000000000003,0.8599999999999994,0.8599999999999994,0.0
488,equal_split_vickrey_majority,78.39000000000001,78.39000000000001,78.39000000000001,0.0,0.0,0.0
489,equal_split_vickrey_majority,33.29,25.279999999999998,25.279999999999998,8.010000000000002,8.010000000000002,0.0
490,equal_split_vickrey_majority,128.04000000000002,124.06,124.06,3.980000000000018,3.980000000000018,0.0
491,equal_split_vickrey_majority,36.78,33.92,0.0,36.78,2.8599999999999994,0.0
492,equal_split_vickrey_majority,22.12,22.12,22.12,0.0,0.0,0.0
493,equal_split_vickrey_majority,46.61,46.61,46.61,0.0,0.0,0.0
494,equal_split_vickrey_majority,42.21,42.21,42.21,0.0,0.0,0.0
495,equal_split_vickrey_majority,51.34,51.34,51.34,0.0,0.0,0.0
496,equal_split_vickrey_majority,19.29,19.29,19.29,0.0,0.0,0.0
497,equal_split_vickrey_majority,76.86,69.19,69.19,7.670000000000002,7.670000000000002,0.0
498,equal_split_vickrey_majority,48.75,48.75,48.75,0.0,0.0,0.0
499,equal_split_vickrey_majority,17.89,15.81,15.81,2.08,2.08,0.0
0,equal_split_vickrey_faltings_fair,47.2,47.2,47.2,0.0,0.0,0.0
1,equal_split_vickrey_faltings_fair,112.53999999999999,109.57,109.57,2.969999999999999,2.969999999999999,0.0
2,equal_split_vickrey_faltings_fair,141.91,140.76000000000002,140.76000000000002,1.1499999999999773,1.1499999999999773,0.0
3,equal_split_vickrey_faltings_fair,73.21,71.34,71.34,1.8699999999999903,1.8699999999999903,0.0
4,equal_split_vickrey_faltings_fair,30.889999999999993,26.629999999999995,26.629999999999995,4.259999999999998,4.259999999999998,0.0
5,equal_split_vickrey_faltings_fair,149.29,138.1,138.1,11.189999999999998,11.189999999999998,0.0
6,equal_split_vickrey_faltings_fair,44.690000000000005,44.690000000000005,44.690000000000005,0.0,0.0,0.0
7,equal_split_vickrey_faltings_fair,38.230000000000004,33.1,33.1,5.130000000000003,5.130000000000003,0.0
8,equal_split_vickrey_faltings_fair,137.26,137.01,137.01,0.25,0.25,0.0
9,equal_split_vickrey_faltings_fair,73.80000000000001,73.80000000000001,73.80000000000001,0.0,0.0,0.0
10,equal_split_vickrey_faltings_fair,33.8,26.049999999999997,26.049999999999997,7.75,7.75,0.0
11,equal_split_vickrey_faltings_fair,37.31999999999999,36.48,36.48,0.8399999999999963,0.8399999999999963,0.0
12,equal_split_vickrey_faltings_fair,20.84,19.810000000000002,19.810000000000002,1.0299999999999976,1.0299999999999976,0.0
13,equal_split_vickrey_faltings_fair,98.03999999999999,90.99,90.99,7.049999999999997,7.049999999999997,0.0
14,equal_split_vickrey_faltings_fair,90.62,90.62,90.62,0.0,0.0,0.0
15,equal_split_vickrey_faltings_fair,93.99000000000001,93.60000000000001,93.60000000000001,0.39000000000000057,0.39000000000000057,0.0
16,equal_split_vickrey_faltings_fair,84.51,76.01,76.01,8.5,8.5,0.0
17,equal_split_vickrey_faltings_fair,35.629999999999995,22.609999999999992,22.609999999999992,13.020000000000003,13.020000000000003,0.0
18,equal_split_vickrey_faltings_fair,51.27,49.760000000000005,49.760000000000005,1.509999999999998,1.509999999999998,0.0
19,equal_split_vickrey_faltings_fair,28.72,14.980000000000004,14.980000000000004,13.739999999999995,13.739999999999995,0.0
20,equal_split_vickrey_faltings_fair,54.55,54.55,54.55,0.0,0.0,0.0
21,equal_split_vickrey_faltings_fair,80.42,80.42,80.42,0.0,0.0,0.0
22,equal_split_vickrey_faltings_fair,111.13999999999999,107.97,107.97,3.1699999999999875,3.1699999999999875,0.0
23,equal_split_vickrey_faltings_fair,20.46,20.46,20.46,0.0,0.0,0.0
24,equal_split_vickrey_faltings_fair,73.97,73.97,73.97,0.0,0.0,0.0
25,equal_split_vickrey_faltings_fair,45.43,41.449999999999996,41.449999999999996,3.980000000000004,3.980000000000004,0.0
26,equal_split_vickrey_faltings_fair,17.82,17.44,17.44,0.379999999999999,0.379999999999999,0.0
27,equal_split_vickrey_faltings_fair,79.87,76.3,76.3,3.5700000000000074,3.5700000000000074,0.0
28,equal_split_vickrey_faltings_fair,80.85999999999999,77.38,77.38,3.4799999999999898,3.4799999999999898,0.0
29,equal_split_vickrey_faltings_fair,38.19,37.66,37.66,0.5300000000000011,0.5300000000000011,0.0
30,equal_split_vickrey_faltings_fair,74.96000000000001,72.12,72.12,2.8400000000000034,2.8400000000000034,0.0
31,equal_split_vickrey_faltings_fair,34.66,25.959999999999997,25.959999999999997,8.7,8.7,0.0
32,equal_split_vickrey_faltings_fair,113.08,109.84,109.84,3.239999999999995,3.239999999999995,0.0
33,equal_split_vickrey_faltings_fair,82.07,71.17,71.17,10.899999999999991,10.899999999999991,0.0
34,equal_split_vickrey_faltings_fair,104.28,104.15,104.15,0.12999999999999545,0.12999999999999545,0.0
35,equal_split_vickrey_faltings_fair,69.06,66.57,66.57,2.490000000000009,2.490000000000009,0.0
36,equal_split_vickrey_faltings_fair,22.840000000000003,22.480000000000004,22.480000000000004,0.35999999999999943,0.35999999999999943,0.0
37,equal_split_vickrey_faltings_fair,123.27999999999999,116.43999999999998,116.43999999999998,6.840000000000003,6.840000000000003,0.0
38,equal_split_vickrey_faltings_fair,22.43,20.27,20.27,2.16,2.16,0.0
39,equal_split_vickrey_faltings_fair,64.22,62.38999999999999,62.38999999999999,1.8300000000000054,1.8300000000000054,0.0
40,equal_split_vickrey_faltings_fair,83.58,81.28,81.28,2.299999999999997,2.299999999999997,0.0
41,equal_split_vickrey_faltings_fair,23.11,21.86,21.86,1.25,1.25,0.0
42,equal_split_vickrey_faltings_fair,53.870000000000005,45.660000000000004,45.660000000000004,8.21,8.21,0.0
43,equal_split_vickrey_faltings_fair,19.91,17.26,17.26,2.6499999999999986,2.6499999999999986,0.0
44,equal_split_vickrey_faltings_fair,114.67,111.94,111.94,2.730000000000004,2.730000000000004,0.0
45,equal_split_vickrey_faltings_fair,28.89,23.89,23.89,5.0,5.0,0.0
46,equal_split_vickrey_faltings_fair,111.38,111.38,111.38,0.0,0.0,0.0
47,equal_split_vickrey_faltings_fair,109.04,107.47000000000001,107.47000000000001,1.5699999999999932,1.5699999999999932,0.0
48,equal_split_vickrey_faltings_fair,145.70999999999998,143.61999999999998,143.61999999999998,2.0900000000000034,2.0900000000000034,0.0
49,equal_split_vickrey_faltings_fair,15.91,13.96,13.96,1.9499999999999993,1.9499999999999993,0.0
50,equal_split_vickrey_faltings_fair,85.15,81.6,81.6,3.5500000000000114,3.5500000000000114,0.0
51,equal_split_vickrey_faltings_fair,46.04,35.56,35.56,10.479999999999997,10.479999999999997,0.0
52,equal_split_vickrey_faltings_fair,116.84,107.39,107.39,9.450000000000003,9.450000000000003,0.0
53,equal_split_vickrey_faltings_fair,112.63999999999999,110.19,110.19,2.4499999999999886,2.4499999999999886,0.0
54,equal_split_vickrey_faltings_fair,39.65,30.769999999999996,30.769999999999996,8.880000000000003,8.880000000000003,0.0
55,equal_split_vickrey_faltings_fair,33.739999999999995,13.319999999999993,13.319999999999993,20.42,20.42,0.0
56,equal_split_vickrey_faltings_fair,83.74,78.77,78.77,4.969999999999999,4.969999999999999,0.0
57,equal_split_vickrey_faltings_fair,67.99,66.96,66.96,1.0300000000000011,1.0300000000000011,0.0
58,equal_split_vickrey_faltings_fair,20.209999999999997,18.54,18.54,1.6699999999999982,1.6699999999999982,0.0
59,equal_split_vickrey_faltings_fair,19.39,17.17,17.17,2.219999999999999,2.219999999999999,0.0
60,equal_split_vickrey_faltings_fair,122.83999999999999,119.63999999999999,119.63999999999999,3.200000000000003,3.200000000000003,0.0
61,equal_split_vickrey_faltings_fair,70.9,59.97,59.97,10.930000000000007,10.930000000000007,0.0
62,equal_split_vickrey_faltings_fair,77.45,74.62,74.62,2.8299999999999983,2.8299999999999983,0.0
63,equal_split_vickrey_faltings_fair,64.95,64.23,64.23,0.7199999999999989,0.7199999999999989,0.0
64,equal_split_vickrey_faltings_fair,120.98,118.64,118.64,2.3400000000000034,2.3400000000000034,0.0
65,equal_split_vickrey_faltings_fair,86.14999999999999,81.53,81.53,4.61999999999999,4.61999999999999,0.0
66,equal_split_vickrey_faltings_fair,89.80999999999999,87.93999999999998,87.93999999999998,1.8700000000000045,1.8700000000000045,0.0
67,equal_split_vickrey_faltings_fair,142.32999999999998,138.04,138.04,4.289999999999992,4.289999999999992,0.0
68,equal_split_vickrey_faltings_fair,40.730000000000004,40.730000000000004,40.730000000000004,0.0,0.0,0.0
69,equal_split_vickrey_faltings_fair,81.46,75.53999999999999,75.53999999999999,5.920000000000002,5.920000000000002,0.0
70,equal_split_vickrey_faltings_fair,68.02,66.09,66.09,1.9299999999999926,1.9299999999999926,0.0
71,equal_split_vickrey_faltings_fair,74.38,74.38,74.38,0.0,0.0,0.0
72,equal_split_vickrey_faltings_fair,78.60000000000001,66.87,66.87,11.730000000000004,11.730000000000004,0.0
73,equal_split_vickrey_faltings_fair,49.91,43.45,43.45,6.459999999999994,6.459999999999994,0.0
74,equal_split_vickrey_faltings_fair,45.58,45.58,45.58,0.0,0.0,0.0
75,equal_split_vickrey_faltings_fair,56.129999999999995,56.129999999999995,56.129999999999995,0.0,0.0,0.0
76,equal_split_vickrey_faltings_fair,96.41,87.96,87.96,8.450000000000003,8.450000000000003,0.0
77,equal_split_vickrey_faltings_fair,79.81,73.8,73.8,6.010000000000005,6.010000000000005,0.0
78,equal_split_vickrey_faltings_fair,21.9,20.66,20.66,1.2399999999999984,1.2399999999999984,0.0
79,equal_split_vickrey_faltings_fair,48.82,48.82,48.82,0.0,0.0,0.0
80,equal_split_vickrey_faltings_fair,46.86,44.099999999999994,44.099999999999994,2.760000000000005,2.760000000000005,0.0
81,equal_split_vickrey_faltings_fair,77.78999999999999,71.78999999999999,71.78999999999999,6.0,6.0,0.0
82,equal_split_vickrey_faltings_fair,20.549999999999997,20.549999999999997,20.549999999999997,0.0,0.0,0.0
83,equal_split_vickrey_faltings_fair,82.12,78.35,78.35,3.7700000000000102,3.7700000000000102,0.0
84,equal_split_vickrey_faltings_fair,78.66,76.99,76.99,1.6700000000000017,1.6700000000000017,0.0
85,equal_split_vickrey_faltings_fair,46.83,45.989999999999995,45.989999999999995,0.8400000000000034,0.8400000000000034,0.0
86,equal_split_vickrey_faltings_fair,71.93,65.49000000000001,65.49000000000001,6.439999999999998,6.439999999999998,0.0
87,equal_split_vickrey_faltings_fair,39.71,37.12,37.12,2.5900000000000034,2.5900000000000034,0.0
88,equal_split_vickrey_faltings_fair,82.32,79.72,79.72,2.5999999999999943,2.5999999999999943,0.0
89,equal_split_vickrey_faltings_fair,32.16,32.16,32.16,0.0,0.0,0.0
90,equal_split_vickrey_faltings_fair,82.94,76.52,76.52,6.420000000000002,6.420000000000002,0.0
91,equal_split_vickrey_faltings_fair,41.41,41.41,41.41,0.0,0.0,0.0
92,equal_split_vickrey_faltings_fair,115.66000000000001,113.7,113.7,1.960000000000008,1.960000000000008,0.0
93,equal_split_vickrey_faltings_fair,45.29,45.29,45.29,0.0,0.0,0.0
94,equal_split_vickrey_faltings_fair,45.800000000000004,45.42,45.42,0.38000000000000256,0.38000000000000256,0.0
95,equal_split_vickrey_faltings_fair,85.16,82.43,82.43,2.7299999999999898,2.7299999999999898,0.0
96,equal_split_vickrey_faltings_fair,139.89,132.44,132.44,7.449999999999989,7.449999999999989,0.0
97,equal_split_vickrey_faltings_fair,45.81,45.81,45.81,0.0,0.0,0.0
98,equal_split_vickrey_faltings_fair,142.63,138.82,138.82,3.8100000000000023,3.8100000000000023,0.0
99,equal_split_vickrey_faltings_fair,43.14999999999999,20.639999999999993,20.639999999999993,22.509999999999998,22.509999999999998,0.0
100,equal_split_vickrey_faltings_fair,71.69999999999999,70.0,70.0,1.6999999999999886,1.6999999999999886,0.0
101,equal_split_vickrey_faltings_fair,28.8,27.130000000000003,27.130000000000003,1.6699999999999982,1.6699999999999982,0.0
102,equal_split_vickrey_faltings_fair,73.50999999999999,72.14,72.14,1.3699999999999903,1.3699999999999903,0.0
103,equal_split_vickrey_faltings_fair,20.93,20.75,20.75,0.17999999999999972,0.17999999999999972,0.0
104,equal_split_vickrey_faltings_fair,16.2,14.64,14.64,1.5599999999999987,1.5599999999999987,0.0
105,equal_split_vickrey_faltings_fair,70.19,59.53,59.53,10.659999999999997,10.659999999999997,0.0
106,equal_split_vickrey_faltings_fair,45.51,41.9,41.9,3.6099999999999994,3.6099999999999994,0.0
107,equal_split_vickrey_faltings_fair,67.46000000000001,66.15,66.15,1.3100000000000023,1.3100000000000023,0.0
108,equal_split_vickrey_faltings_fair,104.13,99.00999999999999,99.00999999999999,5.1200000000000045,5.1200000000000045,0.0
109,equal_split_vickrey_faltings_fair,32.31,25.030000000000005,25.030000000000005,7.279999999999998,7.279999999999998,0.0
110,equal_split_vickrey_faltings_fair,82.53,82.27,82.27,0.2600000000000051,0.2600000000000051,0.0
111,equal_split_vickrey_faltings_fair,18.79,18.37,18.37,0.41999999999999815,0.41999999999999815,0.0
112,equal_split_vickrey_faltings_fair,85.28999999999999,83.46,83.46,1.8299999999999983,1.8299999999999983,0.0
113,equal_split_vickrey_faltings_fair,37.2,37.2,37.2,0.0,0.0,0.0
114,equal_split_vickrey_faltings_fair,75.14999999999999,73.64,73.64,1.509999999999991,1.509999999999991,0.0
115,equal_split_vickrey_faltings_fair,44.98,42.43,42.43,2.549999999999997,2.549999999999997,0.0
116,equal_split_vickrey_faltings_fair,34.17999999999999,31.029999999999998,31.029999999999998,3.149999999999995,3.149999999999995,0.0
117,equal_split_vickrey_faltings_fair,41.42,38.78,38.78,2.6400000000000006,2.6400000000000006,0.0
118,equal_split_vickrey_faltings_fair,143.0,139.39,139.39,3.6100000000000136,3.6100000000000136,0.0
119,equal_split_vickrey_faltings_fair,45.03,40.8,40.8,4.230000000000004,4.230000000000004,0.0
120,equal_split_vickrey_faltings_fair,120.52999999999999,117.71,117.71,2.819999999999993,2.819999999999993,0.0
121,equal_split_vickrey_faltings_fair,23.470000000000002,22.76,22.76,0.7100000000000009,0.7100000000000009,0.0
122,equal_split_vickrey_faltings_fair,83.55000000000001,76.12,76.12,7.430000000000007,7.430000000000007,0.0
123,equal_split_vickrey_faltings_fair,83.71000000000001,81.13000000000001,81.13000000000001,2.5799999999999983,2.5799999999999983,0.0
124,equal_split_vickrey_faltings_fair,15.120000000000001,14.520000000000003,14.520000000000003,0.5999999999999979,0.5999999999999979,0.0
125,equal_split_vickrey_faltings_fair,44.790000000000006,42.95,42.95,1.8400000000000034,1.8400000000000034,0.0
126,equal_split_vickrey_faltings_fair,24.569999999999993,24.569999999999993,24.569999999999993,0.0,0.0,0.0
127,equal_split_vickrey_faltings_fair,34.39000000000001,30.440000000000005,30.440000000000005,3.950000000000003,3.950000000000003,0.0
128,equal_split_vickrey_faltings_fair,44.57,34.75,34.75,9.82,9.82,0.0
129,equal_split_vickrey_faltings_fair,117.73,115.59,115.59,2.1400000000000006,2.1400000000000006,0.0
130,equal_split_vickrey_faltings_fair,120.82000000000002,111.33000000000001,111.33000000000001,9.490000000000009,9.490000000000009,0.0
131,equal_split_vickrey_faltings_fair,48.92999999999999,48.42999999999999,48.42999999999999,0.5,0.5,0.0
132,equal_split_vickrey_faltings_fair,43.59,43.59,43.59,0.0,0.0,0.0
133,equal_split_vickrey_faltings_fair,78.86,76.67,76.67,2.1899999999999977,2.1899999999999977,0.0
134,equal_split_vickrey_faltings_fair,74.74,68.81,68.81,5.929999999999993,5.929999999999993,0.0
135,equal_split_vickrey_faltings_fair,84.04,83.69,83.69,0.3500000000000085,0.3500000000000085,0.0
136,equal_split_vickrey_faltings_fair,17.83,17.83,17.83,0.0,0.0,0.0
137,equal_split_vickrey_faltings_fair,128.44,123.39,123.39,5.049999999999997,5.049999999999997,0.0
138,equal_split_vickrey_faltings_fair,43.24,42.81,42.81,0.4299999999999997,0.4299999999999997,0.0
139,equal_split_vickrey_faltings_fair,127.88000000000001,126.64000000000001,126.64000000000001,1.2399999999999949,1.2399999999999949,0.0
140,equal_split_vickrey_faltings_fair,76.13,76.13,76.13,0.0,0.0,0.0
141,equal_split_vickrey_faltings_fair,30.59,29.04,29.04,1.5500000000000007,1.5500000000000007,0.0
142,equal_split_vickrey_faltings_fair,38.7,37.150000000000006,37.150000000000006,1.5499999999999972,1.5499999999999972,0.0
143,equal_split_vickrey_faltings_fair,134.29999999999998,127.30999999999999,127.30999999999999,6.989999999999995,6.989999999999995,0.0
144,equal_split_vickrey_faltings_fair,91.78,87.87,87.87,3.9099999999999966,3.9099999999999966,0.0
145,equal_split_vickrey_faltings_fair,116.99,109.35,109.35,7.640000000000001,7.640000000000001,0.0
146,equal_split_vickrey_faltings_fair,129.29999999999998,129.29999999999998,129.29999999999998,0.0,0.0,0.0
147,equal_split_vickrey_faltings_fair,89.38,80.32,80.32,9.060000000000002,9.060000000000002,0.0
148,equal_split_vickrey_faltings_fair,78.88000000000001,75.76,75.76,3.1200000000000045,3.1200000000000045,0.0
149,equal_split_vickrey_faltings_fair,19.77,19.77,19.77,0.0,0.0,0.0
150,equal_split_vickrey_faltings_fair,22.56,22.52,22.52,0.03999999999999915,0.03999999999999915,0.0
151,equal_split_vickrey_faltings_fair,78.11999999999999,73.66,73.66,4.459999999999994,4.459999999999994,0.0
152,equal_split_vickrey_faltings_fair,130.88,125.85000000000001,125.85000000000001,5.029999999999987,5.029999999999987,0.0
153,equal_split_vickrey_faltings_fair,51.11000000000001,51.11000000000001,51.11000000000001,0.0,0.0,0.0
154,equal_split_vickrey_faltings_fair,17.439999999999998,15.84,15.84,1.5999999999999979,1.5999999999999979,0.0
155,equal_split_vickrey_faltings_fair,98.88,96.14,96.14,2.739999999999995,2.739999999999995,0.0
156,equal_split_vickrey_faltings_fair,147.78,141.57,141.57,6.210000000000008,6.210000000000008,0.0
157,equal_split_vickrey_faltings_fair,33.72,30.58,30.58,3.1400000000000006,3.1400000000000006,0.0
158,equal_split_vickrey_faltings_fair,90.38,90.03999999999999,90.03999999999999,0.3400000000000034,0.3400000000000034,0.0
159,equal_split_vickrey_faltings_fair,49.78,46.43000000000001,46.43000000000001,3.3499999999999943,3.3499999999999943,0.0
160,equal_split_vickrey_faltings_fair,147.56,140.26999999999998,140.26999999999998,7.2900000000000205,7.2900000000000205,0.0
161,equal_split_vickrey_faltings_fair,38.17,38.17,38.17,0.0,0.0,0.0
162,equal_split_vickrey_faltings_fair,73.25,68.0,68.0,5.25,5.25,0.0
163,equal_split_vickrey_faltings_fair,86.62,86.62,86.62,0.0,0.0,0.0
164,equal_split_vickrey_faltings_fair,69.6,69.6,69.6,0.0,0.0,0.0
165,equal_split_vickrey_faltings_fair,46.84,43.27,43.27,3.5700000000000003,3.5700000000000003,0.0
166,equal_split_vickrey_faltings_fair,43.82,41.33,41.33,2.490000000000002,2.490000000000002,0.0
167,equal_split_vickrey_faltings_fair,74.46000000000001,74.46000000000001,74.46000000000001,0.0,0.0,0.0
168,equal_split_vickrey_faltings_fair,41.48,36.43,36.43,5.049999999999997,5.049999999999997,0.0
169,equal_split_vickrey_faltings_fair,160.19,156.52,156.52,3.6699999999999875,3.6699999999999875,0.0
170,equal_split_vickrey_faltings_fair,40.51,29.33,29.33,11.18,11.18,0.0
171,equal_split_vickrey_faltings_fair,47.019999999999996,47.019999999999996,47.019999999999996,0.0,0.0,0.0
172,equal_split_vickrey_faltings_fair,20.31,19.699999999999996,19.699999999999996,0.610000000000003,0.610000000000003,0.0
173,equal_split_vickrey_faltings_fair,50.099999999999994,49.489999999999995,49.489999999999995,0.6099999999999994,0.6099999999999994,0.0
174,equal_split_vickrey_faltings_fair,41.0,40.56999999999999,40.56999999999999,0.4300000000000068,0.4300000000000068,0.0
175,equal_split_vickrey_faltings_fair,18.470000000000002,17.830000000000002,17.830000000000002,0.6400000000000006,0.6400000000000006,0.0
176,equal_split_vickrey_faltings_fair,131.6,124.59,124.59,7.009999999999991,7.009999999999991,0.0
177,equal_split_vickrey_faltings_fair,66.8,65.67,65.67,1.1299999999999955,1.1299999999999955,0.0
178,equal_split_vickrey_faltings_fair,15.719999999999999,15.719999999999999,15.719999999999999,0.0,0.0,0.0
179,equal_split_vickrey_faltings_fair,125.70000000000002,123.32000000000001,123.32000000000001,2.3800000000000097,2.3800000000000097,0.0
180,equal_split_vickrey_faltings_fair,81.02000000000001,80.47,80.47,0.5500000000000114,0.5500000000000114,0.0
181,equal_split_vickrey_faltings_fair,14.370000000000001,13.48,13.48,0.8900000000000006,0.8900000000000006,0.0
182,equal_split_vickrey_faltings_fair,16.419999999999998,14.149999999999999,14.149999999999999,2.2699999999999996,2.2699999999999996,0.0
183,equal_split_vickrey_faltings_fair,79.30000000000001,79.30000000000001,79.30000000000001,0.0,0.0,0.0
184,equal_split_vickrey_faltings_fair,129.23999999999998,121.91,121.91,7.329999999999984,7.329999999999984,0.0
185,equal_split_vickrey_faltings_fair,18.38,15.029999999999998,15.029999999999998,3.3500000000000014,3.3500000000000014,0.0
186,equal_split_vickrey_faltings_fair,88.85999999999999,84.74,84.74,4.11999999999999,4.11999999999999,0.0
187,equal_split_vickrey_faltings_fair,112.07,100.78999999999999,100.78999999999999,11.280000000000001,11.280000000000001,0.0
188,equal_split_vickrey_faltings_fair,109.22999999999999,109.22999999999999,109.22999999999999,0.0,0.0,0.0
189,equal_split_vickrey_faltings_fair,108.88000000000001,100.89000000000001,100.89000000000001,7.989999999999995,7.989999999999995,0.0
190,equal_split_vickrey_faltings_fair,16.02,14.45,14.45,1.5700000000000003,1.5700000000000003,0.0
191,equal_split_vickrey_faltings_fair,70.98,70.57000000000001,70.57000000000001,0.4099999999999966,0.4099999999999966,0.0
192,equal_split_vickrey_faltings_fair,34.66,31.72,31.72,2.9399999999999977,2.9399999999999977,0.0
193,equal_split_vickrey_faltings_fair,71.35,68.6,68.6,2.75,2.75,0.0
194,equal_split_vickrey_faltings_fair,37.290000000000006,28.540000000000003,28.540000000000003,8.750000000000004,8.750000000000004,0.0
195,equal_split_vickrey_faltings_fair,65.1,63.21,63.21,1.8899999999999935,1.8899999999999935,0.0
196,equal_split_vickrey_faltings_fair,37.89,37.89,37.89,0.0,0.0,0.0
197,equal_split_vickrey_faltings_fair,44.379999999999995,42.67,42.67,1.7099999999999937,1.7099999999999937,0.0
198,equal_split_vickrey_faltings_fair,37.96,31.260000000000005,31.260000000000005,6.699999999999996,6.699999999999996,0.0
199,equal_split_vickrey_faltings_fair,64.72,63.050000000000004,63.050000000000004,1.6699999999999946,1.6699999999999946,0.0
200,equal_split_vickrey_faltings_fair,43.120000000000005,34.480000000000004,34.480000000000004,8.64,8.64,0.0
201,equal_split_vickrey_faltings_fair,89.47,87.38000000000001,87.38000000000001,2.089999999999989,2.089999999999989,0.0
202,equal_split_vickrey_faltings_fair,16.88,16.09,16.09,0.7899999999999991,0.7899999999999991,0.0
203,equal_split_vickrey_faltings_fair,99.8,96.56,96.56,3.239999999999995,3.239999999999995,0.0
204,equal_split_vickrey_faltings_fair,36.940000000000005,36.940000000000005,36.940000000000005,0.0,0.0,0.0
205,equal_split_vickrey_faltings_fair,26.46,24.970000000000002,24.970000000000002,1.4899999999999984,1.4899999999999984,0.0
206,equal_split_vickrey_faltings_fair,136.95000000000002,130.18,130.18,6.77000000000001,6.77000000000001,0.0
207,equal_split_vickrey_faltings_fair,105.95,104.75,104.75,1.2000000000000028,1.2000000000000028,0.0
208,equal_split_vickrey_faltings_fair,137.86,136.56,136.56,1.3000000000000114,1.3000000000000114,0.0
209,equal_split_vickrey_faltings_fair,110.97,110.97,110.97,0.0,0.0,0.0
210,equal_split_vickrey_faltings_fair,82.39000000000001,79.58000000000001,79.58000000000001,2.8100000000000023,2.8100000000000023,0.0
211,equal_split_vickrey_faltings_fair,124.2,121.09,121.09,3.1099999999999994,3.1099999999999994,0.0
212,equal_split_vickrey_faltings_fair,143.76999999999998,140.72,140.72,3.049999999999983,3.049999999999983,0.0
213,equal_split_vickrey_faltings_fair,126.43,125.2,125.2,1.230000000000004,1.230000000000004,0.0
214,equal_split_vickrey_faltings_fair,107.96000000000001,99.72,99.72,8.240000000000009,8.240000000000009,0.0
215,equal_split_vickrey_faltings_fair,135.0,135.0,135.0,0.0,0.0,0.0
216,equal_split_vickrey_faltings_fair,83.16,76.75999999999999,76.75999999999999,6.400000000000006,6.400000000000006,0.0
217,equal_split_vickrey_faltings_fair,136.23000000000002,133.47000000000003,133.47000000000003,2.759999999999991,2.759999999999991,0.0
218,equal_split_vickrey_faltings_fair,73.85000000000001,70.22,70.22,3.6300000000000097,3.6300000000000097,0.0
219,equal_split_vickrey_faltings_fair,48.099999999999994,47.839999999999996,47.839999999999996,0.259999999999998,0.259999999999998,0.0
220,equal_split_vickrey_faltings_fair,117.6,114.69,114.69,2.9099999999999966,2.9099999999999966,0.0
221,equal_split_vickrey_faltings_fair,89.07000000000001,88.80000000000001,88.80000000000001,0.269999999999996,0.269999999999996,0.0
222,equal_split_vickrey_faltings_fair,132.47,132.47,132.47,0.0,0.0,0.0
223,equal_split_vickrey_faltings_fair,119.54,114.97,114.97,4.570000000000007,4.570000000000007,0.0
224,equal_split_vickrey_faltings_fair,117.60000000000001,111.12,111.12,6.480000000000004,6.480000000000004,0.0
225,equal_split_vickrey_faltings_fair,45.15,45.15,45.15,0.0,0.0,0.0
226,equal_split_vickrey_faltings_fair,112.26,108.21000000000001,108.21000000000001,4.049999999999997,4.049999999999997,0.0
227,equal_split_vickrey_faltings_fair,134.34,132.92,132.92,1.420000000000016,1.420000000000016,0.0
228,equal_split_vickrey_faltings_fair,43.230000000000004,41.39,41.39,1.8400000000000034,1.8400000000000034,0.0
229,equal_split_vickrey_faltings_fair,29.789999999999992,29.789999999999992,29.789999999999992,0.0,0.0,0.0
230,equal_split_vickrey_faltings_fair,16.62,16.62,16.62,0.0,0.0,0.0
231,equal_split_vickrey_faltings_fair,29.849999999999994,26.299999999999997,26.299999999999997,3.549999999999997,3.549999999999997,0.0
232,equal_split_vickrey_faltings_fair,33.32000000000001,31.690000000000005,31.690000000000005,1.6300000000000026,1.6300000000000026,0.0
233,equal_split_vickrey_faltings_fair,21.76,20.75,20.75,1.0100000000000016,1.0100000000000016,0.0
234,equal_split_vickrey_faltings_fair,115.66,114.96000000000001,114.96000000000001,0.6999999999999886,0.6999999999999886,0.0
235,equal_split_vickrey_faltings_fair,81.93,79.34,79.34,2.5900000000000034,2.5900000000000034,0.0
236,equal_split_vickrey_faltings_fair,122.69,115.78,115.78,6.909999999999997,6.909999999999997,0.0
237,equal_split_vickrey_faltings_fair,32.55,32.55,32.55,0.0,0.0,0.0
238,equal_split_vickrey_faltings_fair,124.04,121.93,121.93,2.1099999999999994,2.1099999999999994,0.0
239,equal_split_vickrey_faltings_fair,62.0,62.0,62.0,0.0,0.0,0.0
240,equal_split_vickrey_faltings_fair,80.80000000000001,76.01,76.01,4.790000000000006,4.790000000000006,0.0
241,equal_split_vickrey_faltings_fair,32.620000000000005,30.200000000000003,30.200000000000003,2.4200000000000017,2.4200000000000017,0.0
242,equal_split_vickrey_faltings_fair,46.95,41.17,41.17,5.780000000000001,5.780000000000001,0.0
243,equal_split_vickrey_faltings_fair,78.99,69.3,69.3,9.689999999999998,9.689999999999998,0.0
244,equal_split_vickrey_faltings_fair,86.94,80.76,80.76,6.179999999999993,6.179999999999993,0.0
245,equal_split_vickrey_faltings_fair,39.16,33.019999999999996,33.019999999999996,6.140000000000001,6.140000000000001,0.0
246,equal_split_vickrey_faltings_fair,33.78,33.78,33.78,0.0,0.0,0.0
247,equal_split_vickrey_faltings_fair,70.89,70.89,70.89,0.0,0.0,0.0
248,equal_split_vickrey_faltings_fair,89.4,84.51,84.51,4.890000000000001,4.890000000000001,0.0
249,equal_split_vickrey_faltings_fair,17.6,17.05,17.05,0.5500000000000007,0.5500000000000007,0.0
250,equal_split_vickrey_faltings_fair,20.27,20.09,20.09,0.17999999999999972,0.17999999999999972,0.0
251,equal_split_vickrey_faltings_fair,39.480000000000004,39.480000000000004,39.480000000000004,0.0,0.0,0.0
252,equal_split_vickrey_faltings_fair,110.25,107.22,107.22,3.030000000000001,3.030000000000001,0.0
253,equal_split_vickrey_faltings_fair,69.00999999999999,63.139999999999986,63.139999999999986,5.8700000000000045,5.8700000000000045,0.0
254,equal_split_vickrey_faltings_fair,45.54,45.54,45.54,0.0,0.0,0.0
255,equal_split_vickrey_faltings_fair,126.52000000000001,124.96000000000001,124.96000000000001,1.5600000000000023,1.5600000000000023,0.0
256,equal_split_vickrey_faltings_fair,92.75999999999999,89.02,89.02,3.739999999999995,3.739999999999995,0.0
257,equal_split_vickrey_faltings_fair,29.42,28.790000000000003,28.790000000000003,0.629999999999999,0.629999999999999,0.0
258,equal_split_vickrey_faltings_fair,36.56,19.68,19.68,16.880000000000003,16.880000000000003,0.0
259,equal_split_vickrey_faltings_fair,113.05000000000001,112.37,112.37,0.6800000000000068,0.6800000000000068,0.0
260,equal_split_vickrey_faltings_fair,43.6,42.220000000000006,42.220000000000006,1.3799999999999955,1.3799999999999955,0.0
261,equal_split_vickrey_faltings_fair,127.34,116.54,116.54,10.799999999999997,10.799999999999997,0.0
262,equal_split_vickrey_faltings_fair,15.349999999999998,13.669999999999998,13.669999999999998,1.6799999999999997,1.6799999999999997,0.0
263,equal_split_vickrey_faltings_fair,72.26,72.26,72.26,0.0,0.0,0.0
264,equal_split_vickrey_faltings_fair,61.86,61.73,61.73,0.13000000000000256,0.13000000000000256,0.0
265,equal_split_vickrey_faltings_fair,44.61,44.61,44.61,0.0,0.0,0.0
266,equal_split_vickrey_faltings_fair,42.879999999999995,38.96,38.96,3.9199999999999946,3.9199999999999946,0.0
267,equal_split_vickrey_faltings_fair,45.09,45.09,45.09,0.0,0.0,0.0
268,equal_split_vickrey_faltings_fair,120.8,118.17999999999999,118.17999999999999,2.6200000000000045,2.6200000000000045,0.0
269,equal_split_vickrey_faltings_fair,18.759999999999998,18.759999999999998,18.759999999999998,0.0,0.0,0.0
270,equal_split_vickrey_faltings_fair,37.2,32.22,32.22,4.980000000000004,4.980000000000004,0.0
271,equal_split_vickrey_faltings_fair,39.93,38.230000000000004,38.230000000000004,1.6999999999999957,1.6999999999999957,0.0
272,equal_split_vickrey_faltings_fair,43.57,38.35,38.35,5.219999999999999,5.219999999999999,0.0
273,equal_split_vickrey_faltings_fair,51.89,47.62,47.62,4.270000000000003,4.270000000000003,0.0
274,equal_split_vickrey_faltings_fair,18.19,17.8,17.8,0.39000000000000057,0.39000000000000057,0.0
275,equal_split_vickrey_faltings_fair,123.89,115.28,115.28,8.61,8.61,0.0
276,equal_split_vickrey_faltings_fair,97.23,94.95,94.95,2.280000000000001,2.280000000000001,0.0
277,equal_split_vickrey_faltings_fair,128.51999999999998,128.51999999999998,128.51999999999998,0.0,0.0,0.0
278,equal_split_vickrey_faltings_fair,107.32000000000001,107.32000000000001,107.32000000000001,0.0,0.0,0.0
279,equal_split_vickrey_faltings_fair,81.5,81.5,81.5,0.0,0.0,0.0
280,equal_split_vickrey_faltings_fair,20.560000000000002,20.060000000000002,20.060000000000002,0.5,0.5,0.0
281,equal_split_vickrey_faltings_fair,27.86,21.189999999999998,21.189999999999998,6.670000000000002,6.670000000000002,0.0
282,equal_split_vickrey_faltings_fair,38.35,37.940000000000005,37.940000000000005,0.4099999999999966,0.4099999999999966,0.0
283,equal_split_vickrey_faltings_fair,40.42,40.42,40.42,0.0,0.0,0.0
284,equal_split_vickrey_faltings_fair,15.88,12.8,12.8,3.08,3.08,0.0
285,equal_split_vickrey_faltings_fair,66.69,62.76,62.76,3.9299999999999997,3.9299999999999997,0.0
286,equal_split_vickrey_faltings_fair,86.96,84.7,84.7,2.259999999999991,2.259999999999991,0.0
287,equal_split_vickrey_faltings_fair,73.72999999999999,66.12,66.12,7.609999999999985,7.609999999999985,0.0
288,equal_split_vickrey_faltings_fair,49.53,45.67,45.67,3.8599999999999994,3.8599999999999994,0.0
289,equal_split_vickrey_faltings_fair,72.58,68.16999999999999,68.16999999999999,4.410000000000011,4.410000000000011,0.0
290,equal_split_vickrey_faltings_fair,23.6,22.57,22.57,1.0300000000000011,1.0300000000000011,0.0
291,equal_split_vickrey_faltings_fair,20.71,20.430000000000003,20.430000000000003,0.2799999999999976,0.2799999999999976,0.0
292,equal_split_vickrey_faltings_fair,77.58,65.11,65.11,12.469999999999999,12.469999999999999,0.0
293,equal_split_vickrey_faltings_fair,17.68,17.330000000000005,17.330000000000005,0.3499999999999943,0.3499999999999943,0.0
294,equal_split_vickrey_faltings_fair,74.22,72.02,72.02,2.200000000000003,2.200000000000003,0.0
295,equal_split_vickrey_faltings_fair,130.82999999999998,130.82999999999998,130.82999999999998,0.0,0.0,0.0
296,equal_split_vickrey_faltings_fair,42.22,39.11,39.11,3.1099999999999994,3.1099999999999994,0.0
297,equal_split_vickrey_faltings_fair,44.86,40.190000000000005,40.190000000000005,4.669999999999995,4.669999999999995,0.0
298,equal_split_vickrey_faltings_fair,34.58,34.150000000000006,34.150000000000006,0.4299999999999926,0.4299999999999926,0.0
299,equal_split_vickrey_faltings_fair,80.35000000000001,79.65,79.65,0.7000000000000028,0.7000000000000028,0.0
300,equal_split_vickrey_faltings_fair,78.99,78.99,78.99,0.0,0.0,0.0
301,equal_split_vickrey_faltings_fair,32.040000000000006,31.150000000000002,31.150000000000002,0.8900000000000041,0.8900000000000041,0.0
302,equal_split_vickrey_faltings_fair,42.76,42.199999999999996,42.199999999999996,0.5600000000000023,0.5600000000000023,0.0
303,equal_split_vickrey_faltings_fair,126.03000000000002,126.03000000000002,126.03000000000002,0.0,0.0,0.0
304,equal_split_vickrey_faltings_fair,44.67999999999999,44.67999999999999,44.67999999999999,0.0,0.0,0.0
305,equal_split_vickrey_faltings_fair,84.92,83.72,83.72,1.2000000000000028,1.2000000000000028,0.0
306,equal_split_vickrey_faltings_fair,38.11000000000001,25.110000000000007,25.110000000000007,13.0,13.0,0.0
307,equal_split_vickrey_faltings_fair,76.07000000000001,72.3,72.3,3.7700000000000102,3.7700000000000102,0.0
308,equal_split_vickrey_faltings_fair,70.91999999999999,70.91999999999999,70.91999999999999,0.0,0.0,0.0
309,equal_split_vickrey_faltings_fair,45.81,44.12,44.12,1.6900000000000048,1.6900000000000048,0.0
310,equal_split_vickrey_faltings_fair,16.67,16.04,16.04,0.6300000000000026,0.6300000000000026,0.0
311,equal_split_vickrey_faltings_fair,17.44,17.4,17.4,0.0400000000000027,0.0400000000000027,0.0
312,equal_split_vickrey_faltings_fair,83.83999999999999,81.75999999999999,81.75999999999999,2.0799999999999983,2.0799999999999983,0.0
313,equal_split_vickrey_faltings_fair,46.99,46.09,46.09,0.8999999999999986,0.8999999999999986,0.0
314,equal_split_vickrey_faltings_fair,103.61,103.61,103.61,0.0,0.0,0.0
315,equal_split_vickrey_faltings_fair,84.07,81.50999999999999,81.50999999999999,2.5600000000000023,2.5600000000000023,0.0
316,equal_split_vickrey_faltings_fair,54.33,50.13,50.13,4.199999999999996,4.199999999999996,0.0
317,equal_split_vickrey_faltings_fair,57.63,57.63,57.63,0.0,0.0,0.0
318,equal_split_vickrey_faltings_fair,40.26,35.15,35.15,5.109999999999999,5.109999999999999,0.0
319,equal_split_vickrey_faltings_fair,52.379999999999995,52.379999999999995,52.379999999999995,0.0,0.0,0.0
320,equal_split_vickrey_faltings_fair,115.05,109.35,109.35,5.700000000000003,5.700000000000003,0.0
321,equal_split_vickrey_faltings_fair,19.46,19.21,19.21,0.25,0.25,0.0
322,equal_split_vickrey_faltings_fair,114.78,112.36,112.36,2.4200000000000017,2.4200000000000017,0.0
323,equal_split_vickrey_faltings_fair,22.020000000000003,20.0,20.0,2.020000000000003,2.020000000000003,0.0
324,equal_split_vickrey_faltings_fair,114.7,112.69,112.69,2.010000000000005,2.010000000000005,0.0
325,equal_split_vickrey_faltings_fair,47.11,46.35,46.35,0.759999999999998,0.759999999999998,0.0
326,equal_split_vickrey_faltings_fair,136.67999999999998,135.54,135.54,1.1399999999999864,1.1399999999999864,0.0
327,equal_split_vickrey_faltings_fair,117.20999999999998,112.57999999999998,112.57999999999998,4.6299999999999955,4.6299999999999955,0.0
328,equal_split_vickrey_faltings_fair,20.44,20.44,20.44,0.0,0.0,0.0
329,equal_split_vickrey_faltings_fair,34.1,31.39,31.39,2.710000000000001,2.710000000000001,0.0
330,equal_split_vickrey_faltings_fair,45.9,45.9,45.9,0.0,0.0,0.0
331,equal_split_vickrey_faltings_fair,125.08000000000001,125.08000000000001,125.08000000000001,0.0,0.0,0.0
332,equal_split_vickrey_faltings_fair,37.28,37.28,37.28,0.0,0.0,0.0
333,equal_split_vickrey_faltings_fair,43.07,41.57,41.57,1.5,1.5,0.0
334,equal_split_vickrey_faltings_fair,20.41,20.229999999999997,20.229999999999997,0.18000000000000327,0.18000000000000327,0.0
335,equal_split_vickrey_faltings_fair,47.17,45.15,45.15,2.020000000000003,2.020000000000003,0.0
336,equal_split_vickrey_faltings_fair,44.96,37.379999999999995,37.379999999999995,7.580000000000005,7.580000000000005,0.0
337,equal_split_vickrey_faltings_fair,36.16,32.03,32.03,4.1299999999999955,4.1299999999999955,0.0
338,equal_split_vickrey_faltings_fair,70.63,67.24,67.24,3.3900000000000006,3.3900000000000006,0.0
339,equal_split_vickrey_faltings_fair,14.759999999999998,14.759999999999998,14.759999999999998,0.0,0.0,0.0
340,equal_split_vickrey_faltings_fair,77.54,75.79,75.79,1.75,1.75,0.0
341,equal_split_vickrey_faltings_fair,124.36000000000001,119.89,119.89,4.470000000000013,4.470000000000013,0.0
342,equal_split_vickrey_faltings_fair,19.810000000000002,18.490000000000002,18.490000000000002,1.3200000000000003,1.3200000000000003,0.0
343,equal_split_vickrey_faltings_fair,31.589999999999996,31.589999999999996,31.589999999999996,0.0,0.0,0.0
344,equal_split_vickrey_faltings_fair,131.44,126.01,126.01,5.429999999999993,5.429999999999993,0.0
345,equal_split_vickrey_faltings_fair,131.18,128.39000000000001,128.39000000000001,2.789999999999992,2.789999999999992,0.0
346,equal_split_vickrey_faltings_fair,47.599999999999994,44.099999999999994,44.099999999999994,3.5,3.5,0.0
347,equal_split_vickrey_faltings_fair,122.85999999999999,119.42999999999999,119.42999999999999,3.4299999999999926,3.4299999999999926,0.0
348,equal_split_vickrey_faltings_fair,81.76,72.15,72.15,9.61,9.61,0.0
349,equal_split_vickrey_faltings_fair,41.91,36.37,36.37,5.539999999999999,5.539999999999999,0.0
350,equal_split_vickrey_faltings_fair,53.55,48.55,48.55,5.0,5.0,0.0
351,equal_split_vickrey_faltings_fair,17.71,17.71,17.71,0.0,0.0,0.0
352,equal_split_vickrey_faltings_fair,34.76,34.76,34.76,0.0,0.0,0.0
353,equal_split_vickrey_faltings_fair,37.50000000000001,13.990000000000009,13.990000000000009,23.509999999999998,23.509999999999998,0.0
354,equal_split_vickrey_faltings_fair,40.42,17.39,17.39,23.03,23.03,0.0
355,equal_split_vickrey_faltings_fair,20.689999999999998,20.349999999999998,20.349999999999998,0.33999999999999986,0.33999999999999986,0.0
356,equal_split_vickrey_faltings_fair,122.42,118.9,118.9,3.519999999999996,3.519999999999996,0.0
357,equal_split_vickrey_faltings_fair,69.25,68.81,68.81,0.4399999999999977,0.4399999999999977,0.0
358,equal_split_vickrey_faltings_fair,60.330000000000005,60.330000000000005,60.330000000000005,0.0,0.0,0.0
359,equal_split_vickrey_faltings_fair,122.5,113.99000000000001,113.99000000000001,8.509999999999991,8.509999999999991,0.0
360,equal_split_vickrey_faltings_fair,69.14999999999999,68.86999999999999,68.86999999999999,0.28000000000000114,0.28000000000000114,0.0
361,equal_split_vickrey_faltings_fair,107.26,100.67,100.67,6.590000000000003,6.590000000000003,0.0
362,equal_split_vickrey_faltings_fair,44.660000000000004,39.83,39.83,4.830000000000005,4.830000000000005,0.0
363,equal_split_vickrey_faltings_fair,34.0,31.23,31.23,2.7699999999999996,2.7699999999999996,0.0
364,equal_split_vickrey_faltings_fair,41.559999999999995,41.559999999999995,41.559999999999995,0.0,0.0,0.0
365,equal_split_vickrey_faltings_fair,116.29,112.77000000000001,112.77000000000001,3.519999999999996,3.519999999999996,0.0
366,equal_split_vickrey_faltings_fair,48.42,48.42,48.42,0.0,0.0,0.0
367,equal_split_vickrey_faltings_fair,81.10000000000001,80.37,80.37,0.730000000000004,0.730000000000004,0.0
368,equal_split_vickrey_faltings_fair,17.12,13.670000000000002,13.670000000000002,3.4499999999999993,3.4499999999999993,0.0
369,equal_split_vickrey_faltings_fair,20.28,18.54,18.54,1.740000000000002,1.740000000000002,0.0
370,equal_split_vickrey_faltings_fair,24.939999999999998,20.42,20.42,4.519999999999996,4.519999999999996,0.0
371,equal_split_vickrey_faltings_fair,46.790000000000006,45.74,45.74,1.0500000000000043,1.0500000000000043,0.0
372,equal_split_vickrey_faltings_fair,44.15,44.15,44.15,0.0,0.0,0.0
373,equal_split_vickrey_faltings_fair,85.97,83.63,83.63,2.3400000000000034,2.3400000000000034,0.0
374,equal_split_vickrey_faltings_fair,37.089999999999996,37.089999999999996,37.089999999999996,0.0,0.0,0.0
375,equal_split_vickrey_faltings_fair,128.42000000000002,123.45,123.45,4.970000000000013,4.970000000000013,0.0
376,equal_split_vickrey_faltings_fair,125.26000000000002,121.54000000000002,121.54000000000002,3.719999999999999,3.719999999999999,0.0
377,equal_split_vickrey_faltings_fair,17.409999999999997,17.409999999999997,17.409999999999997,0.0,0.0,0.0
378,equal_split_vickrey_faltings_fair,44.06999999999999,44.06999999999999,44.06999999999999,0.0,0.0,0.0
379,equal_split_vickrey_faltings_fair,52.64000000000001,52.64000000000001,52.64000000000001,0.0,0.0,0.0
380,equal_split_vickrey_faltings_fair,14.529999999999998,12.739999999999998,12.739999999999998,1.7899999999999991,1.7899999999999991,0.0
381,equal_split_vickrey_faltings_fair,128.33,125.72,125.72,2.6100000000000136,2.6100000000000136,0.0
382,equal_split_vickrey_faltings_fair,19.27,18.07,18.07,1.1999999999999993,1.1999999999999993,0.0
383,equal_split_vickrey_faltings_fair,25.35,24.91,24.91,0.4400000000000013,0.4400000000000013,0.0
384,equal_split_vickrey_faltings_fair,30.58,30.58,30.58,0.0,0.0,0.0
385,equal_split_vickrey_faltings_fair,37.879999999999995,37.879999999999995,37.879999999999995,0.0,0.0,0.0
386,equal_split_vickrey_faltings_fair,79.36,76.92,76.92,2.4399999999999977,2.4399999999999977,0.0
387,equal_split_vickrey_faltings_fair,134.18,130.24,130.24,3.9399999999999977,3.9399999999999977,0.0
388,equal_split_vickrey_faltings_fair,123.99999999999999,118.6,118.6,5.3999999999999915,5.3999999999999915,0.0
389,equal_split_vickrey_faltings_fair,125.83999999999999,117.47999999999999,117.47999999999999,8.36,8.36,0.0
390,equal_split_vickrey_faltings_fair,35.900000000000006,35.900000000000006,35.900000000000006,0.0,0.0,0.0
391,equal_split_vickrey_faltings_fair,28.689999999999998,22.049999999999997,22.049999999999997,6.640000000000001,6.640000000000001,0.0
392,equal_split_vickrey_faltings_fair,82.76,82.76,82.76,0.0,0.0,0.0
393,equal_split_vickrey_faltings_fair,15.49,14.030000000000001,14.030000000000001,1.459999999999999,1.459999999999999,0.0
394,equal_split_vickrey_faltings_fair,62.14000000000001,58.85000000000001,58.85000000000001,3.289999999999999,3.289999999999999,0.0
395,equal_split_vickrey_faltings_fair,77.28999999999999,72.52,72.52,4.769999999999996,4.769999999999996,0.0
396,equal_split_vickrey_faltings_fair,21.5,21.330000000000002,21.330000000000002,0.16999999999999815,0.16999999999999815,0.0
397,equal_split_vickrey_faltings_fair,39.19,39.19,39.19,0.0,0.0,0.0
398,equal_split_vickrey_faltings_fair,21.34,19.62,19.62,1.7199999999999989,1.7199999999999989,0.0
399,equal_split_vickrey_faltings_fair,13.779999999999998,13.779999999999998,13.779999999999998,0.0,0.0,0.0
400,equal_split_vickrey_faltings_fair,54.800000000000004,54.800000000000004,54.800000000000004,0.0,0.0,0.0
401,equal_split_vickrey_faltings_fair,37.050000000000004,32.42,32.42,4.630000000000003,4.630000000000003,0.0
402,equal_split_vickrey_faltings_fair,17.78,16.29,16.29,1.490000000000002,1.490000000000002,0.0
403,equal_split_vickrey_faltings_fair,42.75,42.75,42.75,0.0,0.0,0.0
404,equal_split_vickrey_faltings_fair,118.41000000000001,113.34,113.34,5.070000000000007,5.070000000000007,0.0
405,equal_split_vickrey_faltings_fair,20.84,18.14,18.14,2.6999999999999993,2.6999999999999993,0.0
406,equal_split_vickrey_faltings_fair,81.58,81.31,81.31,0.269999999999996,0.269999999999996,0.0
407,equal_split_vickrey_faltings_fair,84.94,82.42,82.42,2.519999999999996,2.519999999999996,0.0
408,equal_split_vickrey_faltings_fair,73.25999999999999,71.77,71.77,1.4899999999999949,1.4899999999999949,0.0
409,equal_split_vickrey_faltings_fair,129.74,129.74,129.74,0.0,0.0,0.0
410,equal_split_vickrey_faltings_fair,79.42999999999999,79.42999999999999,79.42999999999999,0.0,0.0,0.0
411,equal_split_vickrey_faltings_fair,18.180000000000003,18.180000000000003,18.180000000000003,0.0,0.0,0.0
412,equal_split_vickrey_faltings_fair,88.72,86.72,86.72,2.0,2.0,0.0
413,equal_split_vickrey_faltings_fair,28.1,14.340000000000003,14.340000000000003,13.759999999999998,13.759999999999998,0.0
414,equal_split_vickrey_faltings_fair,45.64,42.67,42.67,2.969999999999999,2.969999999999999,0.0
415,equal_split_vickrey_faltings_fair,69.25,64.99,64.99,4.260000000000005,4.260000000000005,0.0
416,equal_split_vickrey_faltings_fair,136.76,136.76,136.76,0.0,0.0,0.0
417,equal_split_vickrey_faltings_fair,42.260000000000005,33.86000000000001,33.86000000000001,8.399999999999999,8.399999999999999,0.0
418,equal_split_vickrey_faltings_fair,30.620000000000005,24.090000000000003,24.090000000000003,6.530000000000001,6.530000000000001,0.0
419,equal_split_vickrey_faltings_fair,133.21999999999997,133.21999999999997,133.21999999999997,0.0,0.0,0.0
420,equal_split_vickrey_faltings_fair,129.22,129.2,129.2,0.020000000000010232,0.020000000000010232,0.0
421,equal_split_vickrey_faltings_fair,34.01,29.409999999999997,29.409999999999997,4.600000000000001,4.600000000000001,0.0
422,equal_split_vickrey_faltings_fair,17.919999999999998,16.15,16.15,1.7699999999999996,1.7699999999999996,0.0
423,equal_split_vickrey_faltings_fair,51.07,51.05,51.05,0.020000000000003126,0.020000000000003126,0.0
424,equal_split_vickrey_faltings_fair,104.21,100.33,100.33,3.8799999999999955,3.8799999999999955,0.0
425,equal_split_vickrey_faltings_fair,71.31,66.73,66.73,4.579999999999998,4.579999999999998,0.0
426,equal_split_vickrey_faltings_fair,70.45,67.66000000000001,67.66000000000001,2.789999999999992,2.789999999999992,0.0
427,equal_split_vickrey_faltings_fair,17.18,15.11,15.11,2.0700000000000003,2.0700000000000003,0.0
428,equal_split_vickrey_faltings_fair,39.230000000000004,33.59,33.59,5.640000000000001,5.640000000000001,0.0
429,equal_split_vickrey_faltings_fair,38.620000000000005,38.120000000000005,38.120000000000005,0.5,0.5,0.0
430,equal_split_vickrey_faltings_fair,72.08,68.25999999999999,68.25999999999999,3.8200000000000074,3.8200000000000074,0.0
431,equal_split_vickrey_faltings_fair,16.27,15.129999999999999,15.129999999999999,1.1400000000000006,1.1400000000000006,0.0
432,equal_split_vickrey_faltings_fair,81.69999999999999,71.17999999999999,71.17999999999999,10.519999999999996,10.519999999999996,0.0
433,equal_split_vickrey_faltings_fair,110.22,100.14999999999999,100.14999999999999,10.070000000000007,10.070000000000007,0.0
434,equal_split_vickrey_faltings_fair,17.31,16.04,16.04,1.2699999999999996,1.2699999999999996,0.0
435,equal_split_vickrey_faltings_fair,79.46000000000001,76.47000000000001,76.47000000000001,2.989999999999995,2.989999999999995,0.0
436,equal_split_vickrey_faltings_fair,48.87,47.53,47.53,1.3399999999999963,1.3399999999999963,0.0
437,equal_split_vickrey_faltings_fair,48.879999999999995,48.879999999999995,48.879999999999995,0.0,0.0,0.0
438,equal_split_vickrey_faltings_fair,107.62,101.28,101.28,6.340000000000003,6.340000000000003,0.0
439,equal_split_vickrey_faltings_fair,129.35,128.47,128.47,0.8799999999999955,0.8799999999999955,0.0
440,equal_split_vickrey_faltings_fair,53.78000000000001,53.78000000000001,53.78000000000001,0.0,0.0,0.0
441,equal_split_vickrey_faltings_fair,141.37,138.67000000000002,138.67000000000002,2.6999999999999886,2.6999999999999886,0.0
442,equal_split_vickrey_faltings_fair,30.47,30.47,30.47,0.0,0.0,0.0
443,equal_split_vickrey_faltings_fair,67.09,67.09,67.09,0.0,0.0,0.0
444,equal_split_vickrey_faltings_fair,75.99,75.99,75.99,0.0,0.0,0.0
445,equal_split_vickrey_faltings_fair,108.34,108.34,108.34,0.0,0.0,0.0
446,equal_split_vickrey_faltings_fair,16.8,16.8,16.8,0.0,0.0,0.0
447,equal_split_vickrey_faltings_fair,19.6,19.26,19.26,0.33999999999999986,0.33999999999999986,0.0
448,equal_split_vickrey_faltings_fair,123.30000000000001,119.19000000000001,119.19000000000001,4.109999999999999,4.109999999999999,0.0
449,equal_split_vickrey_faltings_fair,49.739999999999995,47.12,47.12,2.6199999999999974,2.6199999999999974,0.0
450,equal_split_vickrey_faltings_fair,101.89000000000001,101.89000000000001,101.89000000000001,0.0,0.0,0.0
451,equal_split_vickrey_faltings_fair,76.91,72.16,72.16,4.75,4.75,0.0
452,equal_split_vickrey_faltings_fair,117.54000000000002,112.21000000000001,112.21000000000001,5.3300000000000125,5.3300000000000125,0.0
453,equal_split_vickrey_faltings_fair,22.119999999999997,19.56,19.56,2.5599999999999987,2.5599999999999987,0.0
454,equal_split_vickrey_faltings_fair,154.72,153.37,153.37,1.3499999999999943,1.3499999999999943,0.0
455,equal_split_vickrey_faltings_fair,74.87,73.72999999999999,73.72999999999999,1.1400000000000148,1.1400000000000148,0.0
456,equal_split_vickrey_faltings_fair,46.48,46.17,46.17,0.30999999999999517,0.30999999999999517,0.0
457,equal_split_vickrey_faltings_fair,134.19,133.75,133.75,0.4399999999999977,0.4399999999999977,0.0
458,equal_split_vickrey_faltings_fair,121.84999999999998,121.84999999999998,121.84999999999998,0.0,0.0,0.0
459,equal_split_vickrey_faltings_fair,79.74000000000001,76.82,76.82,2.920000000000016,2.920000000000016,0.0
460,equal_split_vickrey_faltings_fair,34.22,10.469999999999999,10.469999999999999,23.75,23.75,0.0
461,equal_split_vickrey_faltings_fair,48.81,46.04,46.04,2.770000000000003,2.770000000000003,0.0
462,equal_split_vickrey_faltings_fair,20.909999999999997,19.15,19.15,1.759999999999998,1.759999999999998,0.0
463,equal_split_vickrey_faltings_fair,43.9,38.41,38.41,5.490000000000002,5.490000000000002,0.0
464,equal_split_vickrey_faltings_fair,21.810000000000002,21.12,21.12,0.6900000000000013,0.6900000000000013,0.0
465,equal_split_vickrey_faltings_fair,65.65,65.65,65.65,0.0,0.0,0.0
466,equal_split_vickrey_faltings_fair,37.16,34.58,34.58,2.5799999999999983,2.5799999999999983,0.0
467,equal_split_vickrey_faltings_fair,32.83,32.83,32.83,0.0,0.0,0.0
468,equal_split_vickrey_faltings_fair,114.11,101.38,101.38,12.730000000000004,12.730000000000004,0.0
469,equal_split_vickrey_faltings_fair,29.439999999999998,29.089999999999996,29.089999999999996,0.3500000000000014,0.3500000000000014,0.0
470,equal_split_vickrey_faltings_fair,21.09,19.84,19.84,1.25,1.25,0.0
471,equal_split_vickrey_faltings_fair,40.150000000000006,40.150000000000006,40.150000000000006,0.0,0.0,0.0
472,equal_split_vickrey_faltings_fair,44.68000000000001,41.21,41.21,3.470000000000006,3.470000000000006,0.0
473,equal_split_vickrey_faltings_fair,122.1,113.70999999999998,113.70999999999998,8.390000000000015,8.390000000000015,0.0
474,equal_split_vickrey_faltings_fair,18.89,17.55,17.55,1.3399999999999999,1.3399999999999999,0.0
475,equal_split_vickrey_faltings_fair,75.33,73.02,73.02,2.3100000000000023,2.3100000000000023,0.0
476,equal_split_vickrey_faltings_fair,88.47,83.69,83.69,4.780000000000001,4.780000000000001,0.0
477,equal_split_vickrey_faltings_fair,37.25,34.25,34.25,3.0,3.0,0.0
478,equal_split_vickrey_faltings_fair,37.019999999999996,32.42,32.42,4.599999999999994,4.599999999999994,0.0
479,equal_split_vickrey_faltings_fair,45.11,41.629999999999995,41.629999999999995,3.480000000000004,3.480000000000004,0.0
480,equal_split_vickrey_faltings_fair,21.75,20.99,20.99,0.7600000000000016,0.7600000000000016,0.0
481,equal_split_vickrey_faltings_fair,88.75,88.75,88.75,0.0,0.0,0.0
482,equal_split_vickrey_faltings_fair,48.82,46.730000000000004,46.730000000000004,2.0899999999999963,2.0899999999999963,0.0
483,equal_split_vickrey_faltings_fair,78.4,77.28,77.28,1.1200000000000045,1.1200000000000045,0.0
484,equal_split_vickrey_faltings_fair,38.89,30.090000000000003,30.090000000000003,8.799999999999997,8.799999999999997,0.0
485,equal_split_vickrey_faltings_fair,121.38,118.33,118.33,3.049999999999997,3.049999999999997,0.0
486,equal_split_vickrey_faltings_fair,17.200000000000003,17.200000000000003,17.200000000000003,0.0,0.0,0.0
487,equal_split_vickrey_faltings_fair,32.2,31.340000000000003,31.340000000000003,0.8599999999999994,0.8599999999999994,0.0
488,equal_split_vickrey_faltings_fair,78.39000000000001,78.39000000000001,78.39000000000001,0.0,0.0,0.0
489,equal_split_vickrey_faltings_fair,33.29,25.279999999999998,25.279999999999998,8.010000000000002,8.010000000000002,0.0
490,equal_split_vickrey_faltings_fair,128.04000000000002,124.06,124.06,3.980000000000018,3.980000000000018,0.0
491,equal_split_vickrey_faltings_fair,36.78,33.92,33.92,2.8599999999999994,2.8599999999999994,0.0
492,equal_split_vickrey_faltings_fair,22.12,22.12,22.12,0.0,0.0,0.0
493,equal_split_vickrey_faltings_fair,46.61,46.61,46.61,0.0,0.0,0.0
494,equal_split_vickrey_faltings_fair,42.21,42.21,42.21,0.0,0.0,0.0
495,equal_split_vickrey_faltings_fair,51.34,51.34,51.34,0.0,0.0,0.0
496,equal_split_vickrey_faltings_fair,19.29,19.29,19.29,0.0,0.0,0.0
497,equal_split_vickrey_faltings_fair,76.86,69.19,69.19,7.670000000000002,7.670000000000002,0.0
498,equal_split_vickrey_faltings_fair,48.75,48.75,48.75,0.0,0.0,0.0
499,equal_split_vickrey_faltings_fair,17.89,15.81,15.81,2.08,2.08,0.0
0,lp_demand_vickrey_coarse,47.2,47.2,47.199999056,9.439999999472093e-07,0.0,1.3322676295501878e-15
1,lp_demand_vickrey_coarse,112.53999999999999,109.57,109.56999863037507,2.9700013696249243,2.969999999999999,0.0
2,lp_demand_vickrey_coarse,141.91,140.76000000000002,140.75999843599962,1.1500015640003767,1.1499999999999773,0.0
3,lp_demand_vickrey_coarse,73.21,71.34,71.339998811,1.8700011889999928,1.8699999999999903,0.0
4,lp_demand_vickrey_coarse,30.889999999999993,26.629999999999995,26.629998668499994,4.2600013315,4.259999999999998,0.0
5,lp_demand_vickrey_coarse,149.29,138.1,138.099998619,11.190001381000002,11.189999999999998,-8.881784197001252e-16
6,lp_demand_vickrey_coarse,44.690000000000005,44.690000000000005,44.68999851033333,1.489666672682688e-06,0.0,-8.881784197001252e-16
7,lp_demand_vickrey_coarse,38.230000000000004,33.1,33.09999889666666,5.130001103333342,5.130000000000003,-8.881784197001252e-16
8,lp_demand_vickrey_coarse,137.26,137.01,137.00999847766667,0.25000152233332074,0.25,0.0
9,lp_demand_vickrey_coarse,73.80000000000001,73.80000000000001,73.79999877000002,1.229999995189246e-06,0.0,0.0
10,lp_demand_vickrey_coarse,33.8,26.049999999999997,26.049999348749996,7.7500006512500015,7.75,-4.440892098500626e-16
11,lp_demand_vickrey_coarse,37.31999999999999,36.48,36.47999908799999,0.8400009120000007,0.8399999999999963,-4.440892098500626e-16
12,lp_demand_vickrey_coarse,20.84,19.810000000000002,19.810000000000002,1.0299999999999976,1.0299999999999976,0.0
13,lp_demand_vickrey_coarse,98.03999999999999,90.99,90.98999870014285,7.0500012998571435,7.049999999999997,0.0
14,lp_demand_vickrey_coarse,90.62,90.62,90.61999870542857,1.2945714331635827e-06,0.0,0.0
15,lp_demand_vickrey_coarse,93.99000000000001,93.60000000000001,93.59999866285715,0.3900013371428628,0.39000000000000057,0.0
16,lp_demand_vickrey_coarse,84.51,76.01,76.00999891414287,8.500001085857136,8.5,0.0
17,lp_demand_vickrey_coarse,35.629999999999995,22.609999999999992,22.609999999999992,13.020000000000003,13.020000000000003,0.0
18,lp_demand_vickrey_coarse,51.27,49.760000000000005,49.759998756,1.5100012440000015,1.509999999999998,-4.440892098500626e-16
19,lp_demand_vickrey_coarse,28.72,14.980000000000004,14.980000000000004,13.739999999999995,13.739999999999995,5.329070518200751e-15
20,lp_demand_vickrey_coarse,54.55,54.55,54.549998636249995,1.3637500018148785e-06,0.0,-4.440892098500626e-16
21,lp_demand_vickrey_coarse,80.42,80.42,80.41999865966667,1.3403333269934592e-06,0.0,0.0
22,lp_demand_vickrey_coarse,111.13999999999999,107.97,107.9699989203,3.1700010796999862,3.1699999999999875,-8.881784197001252e-16
23,lp_demand_vickrey_coarse,20.46,20.46,20.46,0.0,0.0,0.0
24,lp_demand_vickrey_coarse,73.97,73.97,73.96999876716667,1.2328333269806535e-06,0.0,0.0
25,lp_demand_vickrey_coarse,45.43,41.449999999999996,41.44999896374999,3.980001036250009,3.980000000000004,-4.440892098500626e-16
26,lp_demand_vickrey_coarse,17.82,17.44,17.44,0.379999999999999,0.379999999999999,0.0
27,lp_demand_vickrey_coarse,79.87,76.3,76.29999872833334,3.570001271666669,3.5700000000000074,0.0
28,lp_demand_vickrey_coarse,80.85999999999999,77.38,77.37999871033334,3.480001289666646,3.4799999999999898,0.0
29,lp_demand_vickrey_coarse,38.19,37.66,37.65999905849999,0.5300009415000062,0.5300000000000011,-4.440892098500626e-16
30,lp_demand_vickrey_coarse,74.96000000000001,72.12,72.11999879800001,2.8400012019999963,2.8400000000000034,0.0
31,lp_demand_vickrey_coarse,34.66,25.959999999999997,25.95999913466666,8.700000865333337,8.7,-8.881784197001252e-16
32,lp_demand_vickrey_coarse,113.08,109.84,109.83999862700007,3.2400013729999273,3.239999999999995,0.0
33,lp_demand_vickrey_coarse,82.07,71.17,71.16999881383335,10.900001186166648,10.899999999999991,0.0
34,lp_demand_vickrey_coarse,104.28,104.15,104.14999869812502,0.1300013018749837,0.12999999999999545,0.0
35,lp_demand_vickrey_coarse,69.06,66.57,66.5699986686,2.490001331400009,2.490000000000009,1.3322676295501878e-15
36,lp_demand_vickrey_coarse,22.840000000000003,22.480000000000004,22.480000000000004,0.35999999999999943,0.35999999999999943,0.0
37,lp_demand_vickrey_coarse,123.27999999999999,116.43999999999998,116.43999854450006,6.84000145549993,6.840000000000003,0.0
38,lp_demand_vickrey_coarse,22.43,20.27,20.27,2.16,2.16,0.0
39,lp_demand_vickrey_coarse,64.22,62.38999999999999,62.38999875219999,1.8300012478000056,1.8300000000000054,4.440892098500626e-16
40,lp_demand_vickrey_coarse,83.58,81.28,81.27999864533334,2.3000013546666622,2.299999999999997,0.0
41,lp_demand_vickrey_coarse,23.11,21.86,21.86,1.25,1.25,0.0
42,lp_demand_vickrey_coarse,53.870000000000005,45.660000000000004,45.659999086800006,8.210000913199998,8.21,4.440892098500626e-16
43,lp_demand_vickrey_coarse,19.91,17.26,17.26,2.6499999999999986,2.6499999999999986,0.0
44,lp_demand_vickrey_coarse,114.67,111.94,111.93999860075,2.73000139925,2.730000000000004,0.0
45,lp_demand_vickrey_coarse,28.89,23.89,23.889999203666665,5.000000796333335,5.0,-8.881784197001252e-16
46,lp_demand_vickrey_coarse,111.38,111.38,111.37999860775007,1.392249927789635e-06,0.0,0.0
47,lp_demand_vickrey_coarse,109.04,107.47000000000001,107.4699984647143,1.5700015352857122,1.5699999999999932,0.0
48,lp_demand_vickrey_coarse,145.70999999999998,143.61999999999998,143.61999856379998,2.090001436199998,2.0900000000000034,-8.881784197001252e-16
49,lp_demand_vickrey_coarse,15.91,13.96,13.96,1.9499999999999993,1.9499999999999993,0.0
50,lp_demand_vickrey_coarse,85.15,81.6,81.59999864,3.55000136000001,3.5500000000000114,0.0
51,lp_demand_vickrey_coarse,46.04,35.56,35.56,10.479999999999997,10.479999999999997,0.0
52,lp_demand_vickrey_coarse,116.84,107.39,107.38999865762507,9.450001342374932,9.450000000000003,0.0
53,lp_demand_vickrey_coarse,112.63999999999999,110.19,110.18999842585714,2.4500015741428456,2.4499999999999886,0.0
54,lp_demand_vickrey_coarse,39.65,30.769999999999996,30.769999230749995,8.880000769250003,8.880000000000003,-4.440892098500626e-16
55,lp_demand_vickrey_coarse,33.739999999999995,13.319999999999993,13.319999999999993,20.42,20.42,0.0
56,lp_demand_vickrey_coarse,83.74,78.77,78.76999868716666,4.9700013128333325,4.969999999999999,0.0
57,lp_demand_vickrey_coarse,67.99,66.96,66.959998884,1.030001115999994,1.0300000000000011,0.0
58,lp_demand_vickrey_coarse,20.209999999999997,18.54,18.54,1.6699999999999982,1.6699999999999982,0.0
59,lp_demand_vickrey_coarse,19.39,17.17,17.17,2.219999999999999,2.219999999999999,0.0
60,lp_demand_vickrey_coarse,122.83999999999999,119.63999999999999,119.63999867066666,3.2000013293333325,3.200000000000003,0.0
61,lp_demand_vickrey_coarse,70.9,59.97,59.9699990005,10.930000999500002,10.930000000000007,0.0
62,lp_demand_vickrey_coarse,77.45,74.62,74.6199985076,2.830001492400001,2.8299999999999983,4.440892098500626e-16
63,lp_demand_vickrey_coarse,64.95,64.23,64.2299987154,0.7200012846000021,0.7199999999999989,1.3322676295501878e-15
64,lp_demand_vickrey_coarse,120.98,118.64,118.63999868177778,2.340001318222221,2.3400000000000034,0.0
65,lp_demand_vickrey_coarse,86.14999999999999,81.53,81.52999864116667,4.620001358833321,4.61999999999999,0.0
66,lp_demand_vickrey_coarse,89.80999999999999,87.93999999999998,87.93999874371427,1.8700012562857182,1.8700000000000045,0.0
67,lp_demand_vickrey_coarse,142.32999999999998,138.04,138.03999846622182,4.290001533778167,4.289999999999992,0.0
68,lp_demand_vickrey_coarse,40.730000000000004,40.730000000000004,40.729998642333335,1.3576666688663863e-06,0.0,-8.881784197001252e-16
69,lp_demand_vickrey_coarse,81.46,75.53999999999999,75.53999874099999,5.920001259000003,5.920000000000002,0.0
70,lp_demand_vickrey_coarse,68.02,66.09,66.0899986782,1.9300013217999918,1.9299999999999926,4.440892098500626e-16
71,lp_demand_vickrey_coarse,74.38,74.38,74.3799985124,1.4876000022923108e-06,0.0,4.440892098500626e-16
72,lp_demand_vickrey_coarse,78.60000000000001,66.87,66.86999888550001,11.730001114499998,11.730000000000004,0.0
73,lp_demand_vickrey_coarse,49.91,43.45,43.449999131000006,6.460000868999991,6.459999999999994,4.440892098500626e-16
74,lp_demand_vickrey_coarse,45.58,45.58,45.5799988605,1.1395000001357403e-06,0.0,-4.440892098500626e-16
75,lp_demand_vickrey_coarse,56.129999999999995,56.129999999999995,56.129999999999995,0.0,0.0,0.0
76,lp_demand_vickrey_coarse,96.41,87.96,87.95999874342857,8.450001256571426,8.450000000000003,0.0
77,lp_demand_vickrey_coarse,79.81,73.8,73.79999877,6.01000123,6.010000000000005,0.0
78,lp_demand_vickrey_coarse,21.9,20.66,20.66,1.2399999999999984,1.2399999999999984,0.0
79,lp_demand_vickrey_coarse,48.82,48.82,48.82,0.0,0.0,0.0
80,lp_demand_vickrey_coarse,46.86,44.099999999999994,44.099998897499994,2.7600011025000057,2.760000000000005,-4.440892098500626e-16
81,lp_demand_vickrey_coarse,77.78999999999999,71.78999999999999,71.78999856419999,6.000001435800002,6.0,4.440892098500626e-16
82,lp_demand_vickrey_coarse,20.549999999999997,20.549999999999997,20.549999999999997,0.0,0.0,0.0
83,lp_demand_vickrey_coarse,82.12,78.35,78.349998433,3.7700015670000084,3.7700000000000102,4.440892098500626e-16
84,lp_demand_vickrey_coarse,78.66,76.99,76.98999871683333,1.6700012831666697,1.6700000000000017,0.0
85,lp_demand_vickrey_coarse,46.83,45.989999999999995,45.98999846699999,0.8400015330000059,0.8400000000000034,-8.881784197001252e-16
86,lp_demand_vickrey_coarse,71.93,65.49000000000001,65.48999890850001,6.440001091499994,6.439999999999998,0.0
87,lp_demand_vickrey_coarse,39.71,37.12,37.11999814399999,2.5900018560000078,2.5900000000000034,0.0
88,lp_demand_vickrey_coarse,82.32,79.72,79.71999867133334,2.60000132866665,2.5999999999999943,0.0
89,lp_demand_vickrey_coarse,32.16,32.16,32.16,0.0,0.0,1.7763568394002505e-15
90,lp_demand_vickrey_coarse,82.94,76.52,76.51999872466666,6.420001275333334,6.420000000000002,0.0
91,lp_demand_vickrey_coarse,41.41,41.41,41.41,0.0,0.0,0.0
92,lp_demand_vickrey_coarse,115.66000000000001,113.7,113.69999873666634,1.960001263333666,1.960000000000008,0.0
93,lp_demand_vickrey_coarse,45.29,45.29,45.28999886774999,1.1322500057531215e-06,0.0,-4.440892098500626e-16
94,lp_demand_vickrey_coarse,45.800000000000004,45.42,45.4199988645,0.38000113550000236,0.38000000000000256,-4.440892098500626e-16
95,lp_demand_vickrey_coarse,85.16,82.43,82.42999862616668,2.7300013738333178,2.7299999999999898,0.0
96,lp_demand_vickrey_coarse,139.89,132.44,132.4399986756,7.450001324399977,7.449999999999989,-8.881784197001252e-16
97,lp_demand_vickrey_coarse,45.81,45.81,45.80999885475,1.1452500032760327e-06,0.0,-4.440892098500626e-16
98,lp_demand_vickrey_coarse,142.63,138.82,138.8199986118,3.810001388199993,3.8100000000000023,-8.881784197001252e-16
99,lp_demand_vickrey_coarse,43.14999999999999,20.639999999999993,20.639999999999993,22.509999999999998,22.509999999999998,0.0
100,lp_demand_vickrey_coarse,71.69999999999999,70.0,69.9999986,1.7000013999999908,1.6999999999999886,4.440892098500626e-16
101,lp_demand_vickrey_coarse,28.8,27.130000000000003,27.129999095666665,1.6700009043333353,1.6699999999999982,-8.881784197001252e-16
102,lp_demand_vickrey_coarse,73.50999999999999,72.14,72.13999879766668,1.370001202333313,1.3699999999999903,0.0
103,lp_demand_vickrey_coarse,20.93,20.75,20.75,0.17999999999999972,0.17999999999999972,0.0
104,lp_demand_vickrey_coarse,16.2,14.64,14.64,1.5599999999999987,1.5599999999999987,0.0
105,lp_demand_vickrey_coarse,70.19,59.53,59.5299988094,10.6600011906,10.659999999999997,4.440892098500626e-16
106,lp_demand_vickrey_coarse,45.51,41.9,41.8999989525,3.610001047499999,3.6099999999999994,0.0
107,lp_demand_vickrey_coarse,67.46000000000001,66.15,66.14999889750001,1.3100011024999958,1.3100000000000023,0.0
108,lp_demand_vickrey_coarse,104.13,99.00999999999999,99.00999834983332,5.120001650166671,5.1200000000000045,-8.881784197001252e-16
109,lp_demand_vickrey_coarse,32.31,25.030000000000005,25.02999916566667,7.2800008343333324,7.279999999999998,-8.881784197001252e-16
110,lp_demand_vickrey_coarse,82.53,82.27,82.26999862883333,0.2600013711666662,0.2600000000000051,0.0
111,lp_demand_vickrey_coarse,18.79,18.37,18.37,0.41999999999999815,0.41999999999999815,0.0
112,lp_demand_vickrey_coarse,85.28999999999999,83.46,83.45999880771429,1.8300011922857067,1.8299999999999983,0.0
113,lp_demand_vickrey_coarse,37.2,37.2,37.2,0.0,0.0,5.329070518200751e-15
114,lp_demand_vickrey_coarse,75.14999999999999,73.64,73.63999877266667,1.5100012273333192,1.509999999999991,0.0
115,lp_demand_vickrey_coarse,44.98,42.43,42.42999893925,2.5500010607499988,2.549999999999997,-4.440892098500626e-16
116,lp_demand_vickrey_coarse,34.17999999999999,31.029999999999998,31.029998448499995,3.1500015514999973,3.149999999999995,0.0
117,lp_demand_vickrey_coarse,41.42,38.78,38.7799990305,2.640000969500001,2.6400000000000006,-4.440892098500626e-16
118,lp_demand_vickrey_coarse,143.0,139.39,139.3899986061,3.6100013939000064,3.6100000000000136,-8.881784197001252e-16
119,lp_demand_vickrey_coarse,45.03,40.8,40.79999863999999,4.23000136000001,4.230000000000004,-8.881784197001252e-16
120,lp_demand_vickrey_coarse,120.52999999999999,117.71,117.7099988229,2.820001177099982,2.819999999999993,-8.881784197001252e-16
121,lp_demand_vickrey_coarse,23.470000000000002,22.76,22.76,0.7100000000000009,0.7100000000000009,0.0
122,lp_demand_vickrey_coarse,83.55000000000001,76.12,76.11999873133334,7.430001268666672,7.430000000000007,0.0
123,lp_demand_vickrey_coarse,83.71000000000001,81.13000000000001,81.12999884100002,2.580001158999991,2.5799999999999983,0.0
124,lp_demand_vickrey_coarse,15.120000000000001,14.520000000000003,14.520000000000003,0.5999999999999979,0.5999999999999979,0.0
125,lp_demand_vickrey_coarse,44.790000000000006,42.95,42.94999892625,1.8400010737500097,1.8400000000000034,-4.440892098500626e-16
126,lp_demand_vickrey_coarse,24.569999999999993,24.569999999999993,24.569999999999993,0.0,0.0,1.7763568394002505e-15
127,lp_demand_vickrey_coarse,34.39000000000001,30.440000000000005,30.440000000000005,3.950000000000003,3.950000000000003,0.0
128,lp_demand_vickrey_coarse,44.57,34.75,34.75,9.82,9.82,0.0
129,lp_demand_vickrey_coarse,117.73,115.59,115.58999871566634,2.140001284333664,2.1400000000000006,0.0
130,lp_demand_vickrey_coarse,120.82000000000002,111.33000000000001,111.3299987629997,9.490001237000328,9.490000000000009,0.0
131,lp_demand_vickrey_coarse,48.92999999999999,48.42999999999999,48.42999999999999,0.5,0.5,0.0
132,lp_demand_vickrey_coarse,43.59,43.59,43.589998547,1.4530000029822077e-06,0.0,-8.881784197001252e-16
133,lp_demand_vickrey_coarse,78.86,76.67,76.66999872216667,2.190001277833332,2.1899999999999977,0.0
134,lp_demand_vickrey_coarse,74.74,68.81,68.80999885316668,5.93000114683332,5.929999999999993,0.0
135,lp_demand_vickrey_coarse,84.04,83.69,83.68999860516666,0.3500013948333418,0.3500000000000085,0.0
136,lp_demand_vickrey_coarse,17.83,17.83,17.83,0.0,0.0,0.0
137,lp_demand_vickrey_coarse,128.44,123.39,123.3899987661,5.050001233899991,5.049999999999997,-8.881784197001252e-16
138,lp_demand_vickrey_coarse,43.24,42.81,42.80999892975,0.43000107025000034,0.4299999999999997,-4.440892098500626e-16
139,lp_demand_vickrey_coarse,127.88000000000001,126.64000000000001,126.63999859288855,1.240001407111464,1.2399999999999949,0.0
140,lp_demand_vickrey_coarse,76.13,76.13,76.12999873116667,1.2688333299593069e-06,0.0,-8.881784197001252e-16
141,lp_demand_vickrey_coarse,30.59,29.04,29.039998548,1.550001452,1.5500000000000007,0.0
142,lp_demand_vickrey_coarse,38.7,37.150000000000006,37.14999907125,1.550000928750002,1.5499999999999972,-4.440892098500626e-16
143,lp_demand_vickrey_coarse,134.29999999999998,127.30999999999999,127.30999872689999,6.990001273099992,6.989999999999995,-8.881784197001252e-16
144,lp_demand_vickrey_coarse,91.78,87.87,87.86999853550002,3.9100014644999845,3.9099999999999966,0.0
145,lp_demand_vickrey_coarse,116.99,109.35,109.349998785,7.640001214999998,7.640000000000001,0.0
146,lp_demand_vickrey_coarse,129.29999999999998,129.29999999999998,129.29999856333296,1.4366670200161025e-06,0.0,0.0
147,lp_demand_vickrey_coarse,89.38,80.32,80.31999885257142,9.06000114742858,9.060000000000002,0.0
148,lp_demand_vickrey_coarse,78.88000000000001,75.76,75.75999873733335,3.120001262666662,3.1200000000000045,0.0
149,lp_demand_vickrey_coarse,19.77,19.77,19.77,0.0,0.0,0.0
150,lp_demand_vickrey_coarse,22.56,22.52,22.52,0.03999999999999915,0.03999999999999915,0.0
151,lp_demand_vickrey_coarse,78.11999999999999,73.66,73.65999877233334,4.460001227666652,4.459999999999994,0.0
152,lp_demand_vickrey_coarse,130.88,125.85000000000001,125.84999874150002,5.030001258499979,5.029999999999987,-8.881784197001252e-16
153,lp_demand_vickrey_coarse,51.11000000000001,51.11000000000001,51.109998722250005,1.277750001804634e-06,0.0,-4.440892098500626e-16
154,lp_demand_vickrey_coarse,17.439999999999998,15.84,15.84,1.5999999999999979,1.5999999999999979,0.0
155,lp_demand_vickrey_coarse,98.88,96.14,96.13999862657143,2.7400013734285693,2.739999999999995,0.0
156,lp_demand_vickrey_coarse,147.78,141.57,141.5699984269996,6.2100015730003975,6.210000000000008,0.0
157,lp_demand_vickrey_coarse,33.72,30.58,30.579999235499997,3.1400007645000017,3.1400000000000006,-4.440892098500626e-16
158,lp_demand_vickrey_coarse,90.38,90.03999999999999,90.03999849933334,0.34000150066665924,0.3400000000000034,0.0
159,lp_demand_vickrey_coarse,49.78,46.43000000000001,46.429998839250004,3.350001160749997,3.3499999999999943,-4.440892098500626e-16
160,lp_demand_vickrey_coarse,147.56,140.26999999999998,140.2699985973,7.2900014027,7.2900000000000205,-8.881784197001252e-16
161,lp_demand_vickrey_coarse,38.17,38.17,38.17,0.0,0.0,0.0
162,lp_demand_vickrey_coarse,73.25,68.0,67.99999886666667,5.250001133333328,5.25,0.0
163,lp_demand_vickrey_coarse,86.62,86.62,86.61999855633334,1.4436666617712035e-06,0.0,0.0
164,lp_demand_vickrey_coarse,69.6,69.6,69.59999860799999,1.3920000014877587e-06,0.0,4.440892098500626e-16
165,lp_demand_vickrey_coarse,46.84,43.27,43.26999891825,3.57000108175,3.5700000000000003,-4.440892098500626e-16
166,lp_demand_vickrey_coarse,43.82,41.33,41.32999896675,2.490001033250003,2.490000000000002,-4.440892098500626e-16
167,lp_demand_vickrey_coarse,74.46000000000001,74.46000000000001,74.45999875900002,1.2409999925466764e-06,0.0,0.0
168,lp_demand_vickrey_coarse,41.48,36.43,36.42999878566666,5.050001214333335,5.049999999999997,-8.881784197001252e-16
169,lp_demand_vickrey_coarse,160.19,156.52,156.51999843480002,3.670001565199982,3.6699999999999875,-8.881784197001252e-16
170,lp_demand_vickrey_coarse,40.51,29.33,29.32999902233333,11.18000097766667,11.18,-8.881784197001252e-16
171,lp_demand_vickrey_coarse,47.019999999999996,47.019999999999996,47.01999882449999,1.1755000031143936e-06,0.0,-4.440892098500626e-16
172,lp_demand_vickrey_coarse,20.31,19.699999999999996,19.699999999999996,0.610000000000003,0.610000000000003,0.0
173,lp_demand_vickrey_coarse,50.099999999999994,49.489999999999995,49.48999876274999,0.6100012372500032,0.6099999999999994,-4.440892098500626e-16
174,lp_demand_vickrey_coarse,41.0,40.56999999999999,40.56999898574999,0.4300010142500099,0.4300000000000068,-4.440892098500626e-16
175,lp_demand_vickrey_coarse,18.470000000000002,17.830000000000002,17.830000000000002,0.6400000000000006,0.6400000000000006,0.0
176,lp_demand_vickrey_coarse,131.6,124.59,124.58999861566669,7.010001384333307,7.009999999999991,0.0
177,lp_demand_vickrey_coarse,66.8,65.67,65.6699986866,1.130001313400001,1.1299999999999955,1.3322676295501878e-15
178,lp_demand_vickrey_coarse,15.719999999999999,15.719999999999999,15.719999999999999,0.0,0.0,0.0
179,lp_demand_vickrey_coarse,125.70000000000002,123.32000000000001,123.31999845850008,2.3800015414999365,2.3800000000000097,0.0
180,lp_demand_vickrey_coarse,81.02000000000001,80.47,80.46999865883333,0.5500013411666771,0.5500000000000114,0.0
181,lp_demand_vickrey_coarse,14.370000000000001,13.48,13.48,0.8900000000000006,0.8900000000000006,0.0
182,lp_demand_vickrey_coarse,16.419999999999998,14.149999999999999,14.149999999999999,2.2699999999999996,2.2699999999999996,0.0
183,lp_demand_vickrey_coarse,79.30000000000001,79.30000000000001,79.29999867833335,1.3216666587823056e-06,0.0,0.0
184,lp_demand_vickrey_coarse,129.23999999999998,121.91,121.90999847612501,7.330001523874969,7.329999999999984,0.0
185,lp_demand_vickrey_coarse,18.38,15.029999999999998,15.029999999999998,3.3500000000000014,3.3500000000000014,0.0
186,lp_demand_vickrey_coarse,88.85999999999999,84.74,84.73999858766666,4.120001412333323,4.11999999999999,-4.440892098500626e-16
187,lp_demand_vickrey_coarse,112.07,100.78999999999999,100.78999874012506,11.280001259874936,11.280000000000001,0.0
188,lp_demand_vickrey_coarse,109.22999999999999,109.22999999999999,109.22999843957142,1.5604285721337874e-06,0.0,0.0
189,lp_demand_vickrey_coarse,108.88000000000001,100.89000000000001,100.88999873887508,7.990001261124931,7.989999999999995,0.0
190,lp_demand_vickrey_coarse,16.02,14.45,14.45,1.5700000000000003,1.5700000000000003,0.0
191,lp_demand_vickrey_coarse,70.98,70.57000000000001,70.56999882383334,0.4100011761666593,0.4099999999999966,0.0
192,lp_demand_vickrey_coarse,34.66,31.72,31.719999206999997,2.9400007929999994,2.9399999999999977,-4.440892098500626e-16
193,lp_demand_vickrey_coarse,71.35,68.6,68.599998628,2.750001372,2.75,4.440892098500626e-16
194,lp_demand_vickrey_coarse,37.290000000000006,28.540000000000003,28.539999048666665,8.750000951333341,8.750000000000004,-8.881784197001252e-16
195,lp_demand_vickrey_coarse,65.1,63.21,63.2099987358,1.890001264199995,1.8899999999999935,4.440892098500626e-16
196,lp_demand_vickrey_coarse,37.89,37.89,37.8899981055,1.8945000022085878e-06,0.0,0.0
197,lp_demand_vickrey_coarse,44.379999999999995,42.67,42.66999893325,1.7100010667499959,1.7099999999999937,-4.440892098500626e-16
198,lp_demand_vickrey_coarse,37.96,31.260000000000005,31.259999218500003,6.700000781499998,6.699999999999996,-4.440892098500626e-16
199,lp_demand_vickrey_coarse,64.72,63.050000000000004,63.049998739,1.670001260999996,1.6699999999999946,4.440892098500626e-16
200,lp_demand_vickrey_coarse,43.120000000000005,34.480000000000004,34.480000000000004,8.64,8.64,0.0
201,lp_demand_vickrey_coarse,89.47,87.38000000000001,87.37999854366669,2.0900014563333116,2.089999999999989,0.0
202,lp_demand_vickrey_coarse,16.88,16.09,16.09,0.7899999999999991,0.7899999999999991,0.0
203,lp_demand_vickrey_coarse,99.8,96.56,96.55999862057143,3.2400013794285627,3.239999999999995,0.0
204,lp_demand_vickrey_coarse,36.940000000000005,36.940000000000005,36.93999876866667,1.2313333357383272e-06,0.0,-8.881784197001252e-16
205,lp_demand_vickrey_coarse,26.46,24.970000000000002,24.96999937575,1.4900006242500012,1.4899999999999984,-4.440892098500626e-16
206,lp_demand_vickrey_coarse,136.95000000000002,130.18,130.1799985535552,6.770001446444809,6.77000000000001,0.0
207,lp_demand_vickrey_coarse,105.95,104.75,104.74999850357143,1.2000014964285697,1.2000000000000028,0.0
208,lp_demand_vickrey_coarse,137.86,136.56,136.55999848266669,1.3000015173333281,1.3000000000000114,0.0
209,lp_demand_vickrey_coarse,110.97,110.97,110.969998767,1.2329999918847534e-06,0.0,0.0
210,lp_demand_vickrey_coarse,82.39000000000001,79.58000000000001,79.57999886314288,2.8100011368571387,2.8100000000000023,0.0
211,lp_demand_vickrey_coarse,124.2,121.09,121.08999865455522,3.110001345444786,3.1099999999999994,0.0
212,lp_demand_vickrey_coarse,143.76999999999998,140.72,140.71999843644406,3.0500015635559237,3.049999999999983,0.0
213,lp_demand_vickrey_coarse,126.43,125.2,125.19999860888854,1.2300013911114718,1.230000000000004,0.0
214,lp_demand_vickrey_coarse,107.96000000000001,99.72,99.71999875350006,8.240001246499943,8.240000000000009,0.0
215,lp_demand_vickrey_coarse,135.0,135.0,134.99999865,1.3499999909072358e-06,0.0,-8.881784197001252e-16
216,lp_demand_vickrey_coarse,83.16,76.75999999999999,76.75999872066666,6.400001279333338,6.400000000000006,0.0
217,lp_demand_vickrey_coarse,136.23000000000002,133.47000000000003,133.46999866530004,2.7600013346999788,2.759999999999991,-8.881784197001252e-16
218,lp_demand_vickrey_coarse,73.85000000000001,70.22,70.21999882966666,3.630001170333344,3.6300000000000097,0.0
219,lp_demand_vickrey_coarse,48.099999999999994,47.839999999999996,47.839998405333326,0.2600015946666687,0.259999999999998,-8.881784197001252e-16
220,lp_demand_vickrey_coarse,117.6,114.69,114.68999872566667,2.9100012743333252,2.9099999999999966,0.0
221,lp_demand_vickrey_coarse,89.07000000000001,88.80000000000001,88.79999873142859,0.27000126857141993,0.269999999999996,0.0
222,lp_demand_vickrey_coarse,132.47,132.47,132.46999867530002,1.3246999799321202e-06,0.0,-8.881784197001252e-16
223,lp_demand_vickrey_coarse,119.54,114.97,114.96999872255523,4.570001277444774,4.570000000000007,0.0
224,lp_demand_vickrey_coarse,117.60000000000001,111.12,111.11999876533302,6.480001234666986,6.480000000000004,0.0
225,lp_demand_vickrey_coarse,45.15,45.15,45.14999887125,1.1287500001344597e-06,0.0,-4.440892098500626e-16
226,lp_demand_vickrey_coarse,112.26,108.21000000000001,108.20999845414286,4.050001545857143,4.049999999999997,0.0
227,lp_demand_vickrey_coarse,134.34,132.92,132.9199985231111,1.420001476888899,1.420000000000016,0.0
228,lp_demand_vickrey_coarse,43.230000000000004,41.39,41.38999862033333,1.840001379666674,1.8400000000000034,-8.881784197001252e-16
229,lp_demand_vickrey_coarse,29.789999999999992,29.789999999999992,29.789999999999992,0.0,0.0,5.329070518200751e-15
230,lp_demand_vickrey_coarse,16.62,16.62,16.62,0.0,0.0,0.0
231,lp_demand_vickrey_coarse,29.849999999999994,26.299999999999997,26.29999912333333,3.5500008766666653,3.549999999999997,-8.881784197001252e-16
232,lp_demand_vickrey_coarse,33.32000000000001,31.690000000000005,31.68999894366667,1.630001056333338,1.6300000000000026,-8.881784197001252e-16
233,lp_demand_vickrey_coarse,21.76,20.75,20.75,1.0100000000000016,1.0100000000000016,0.0
234,lp_demand_vickrey_coarse,115.66,114.96000000000001,114.95999872266668,0.700001277333314,0.6999999999999886,0.0
235,lp_demand_vickrey_coarse,81.93,79.34,79.33999867766667,2.590001322333336,2.5900000000000034,0.0
236,lp_demand_vickrey_coarse,122.69,115.78,115.77999871355557,6.910001286444427,6.909999999999997,0.0
237,lp_demand_vickrey_coarse,32.55,32.55,32.549998914999996,1.0850000009554606e-06,0.0,-8.881784197001252e-16
238,lp_demand_vickrey_coarse,124.04,121.93,121.92999864522224,2.110001354777765,2.1099999999999994,0.0
239,lp_demand_vickrey_coarse,62.0,62.0,61.999998760000004,1.2399999960166497e-06,0.0,1.3322676295501878e-15
240,lp_demand_vickrey_coarse,80.80000000000001,76.01,76.00999873316668,4.790001266833329,4.790000000000006,0.0
241,lp_demand_vickrey_coarse,32.620000000000005,30.200000000000003,30.200000000000003,2.4200000000000017,2.4200000000000017,0.0
242,lp_demand_vickrey_coarse,46.95,41.17,41.16999897075,5.780001029250002,5.780000000000001,-4.440892098500626e-16
243,lp_demand_vickrey_coarse,78.99,69.3,69.299998845,9.69000115499999,9.689999999999998,0.0
244,lp_demand_vickrey_coarse,86.94,80.76,80.75999865400001,6.180001345999983,6.179999999999993,0.0
245,lp_demand_vickrey_coarse,39.16,33.019999999999996,33.01999889933332,6.140001100666673,6.140000000000001,-8.881784197001252e-16
246,lp_demand_vickrey_coarse,33.78,33.78,33.78,0.0,0.0,0.0
247,lp_demand_vickrey_coarse,70.89,70.89,70.8899988185,1.1814999965054085e-06,0.0,0.0
248,lp_demand_vickrey_coarse,89.4,84.51,84.50999859150001,4.890001408499998,4.890000000000001,0.0
249,lp_demand_vickrey_coarse,17.6,17.05,17.05,0.5500000000000007,0.5500000000000007,0.0
250,lp_demand_vickrey_coarse,20.27,20.09,20.09,0.17999999999999972,0.17999999999999972,0.0
251,lp_demand_vickrey_coarse,39.480000000000004,39.480000000000004,39.479999013000004,9.869999999523316e-07,0.0,-4.440892098500626e-16
252,lp_demand_vickrey_coarse,110.25,107.22,107.21999880866667,3.0300011913333265,3.030000000000001,0.0
253,lp_demand_vickrey_coarse,69.00999999999999,63.139999999999986,63.139998947666655,5.870001052333336,5.8700000000000045,0.0
254,lp_demand_vickrey_coarse,45.54,45.54,45.539998861499996,1.1385000036057136e-06,0.0,-4.440892098500626e-16
255,lp_demand_vickrey_coarse,126.52000000000001,124.96000000000001,124.9599986115552,1.5600013884448032,1.5600000000000023,0.0
256,lp_demand_vickrey_coarse,92.75999999999999,89.02,89.01999888725005,3.740001112749937,3.739999999999995,0.0
257,lp_demand_vickrey_coarse,29.42,28.790000000000003,28.78999928025,0.6300007197500008,0.629999999999999,-4.440892098500626e-16
258,lp_demand_vickrey_coarse,36.56,19.68,19.68,16.880000000000003,16.880000000000003,0.0
259,lp_demand_vickrey_coarse,113.05000000000001,112.37,112.36999875144413,0.6800012485558824,0.6800000000000068,0.0
260,lp_demand_vickrey_coarse,43.6,42.220000000000006,42.21999859266667,1.3800014073333315,1.3799999999999955,-8.881784197001252e-16
261,lp_demand_vickrey_coarse,127.34,116.54,116.53999854325002,10.800001456749982,10.799999999999997,0.0
262,lp_demand_vickrey_coarse,15.349999999999998,13.669999999999998,13.669999999999998,1.6799999999999997,1.6799999999999997,0.0
263,lp_demand_vickrey_coarse,72.26,72.26,72.25999879566668,1.2043333299516235e-06,0.0,0.0
264,lp_demand_vickrey_coarse,61.86,61.73,61.7299987654,0.13000123460000168,0.13000000000000256,4.440892098500626e-16
265,lp_demand_vickrey_coarse,44.61,44.61,44.60999888475,1.1152500007938215e-06,0.0,-4.440892098500626e-16
266,lp_demand_vickrey_coarse,42.879999999999995,38.96,38.959999026,3.920000973999997,3.9199999999999946,-4.440892098500626e-16
267,lp_demand_vickrey_coarse,45.09,45.09,45.08999887275,1.127250001786706e-06,0.0,-4.440892098500626e-16
268,lp_demand_vickrey_coarse,120.8,118.17999999999999,118.1799988182,2.620001181799992,2.6200000000000045,-8.881784197001252e-16
269,lp_demand_vickrey_coarse,18.759999999999998,18.759999999999998,18.759999999999998,0.0,0.0,0.0
270,lp_demand_vickrey_coarse,37.2,32.22,32.219998925999995,4.980001074000008,4.980000000000004,-8.881784197001252e-16
271,lp_demand_vickrey_coarse,39.93,38.230000000000004,38.22999904425,1.7000009557499993,1.6999999999999957,-4.440892098500626e-16
272,lp_demand_vickrey_coarse,43.57,38.35,38.34999904125,5.220000958749999,5.219999999999999,-4.440892098500626e-16
273,lp_demand_vickrey_coarse,51.89,47.62,47.6199988095,4.270001190500004,4.270000000000003,-4.440892098500626e-16
274,lp_demand_vickrey_coarse,18.19,17.8,17.8,0.39000000000000057,0.39000000000000057,0.0
275,lp_demand_vickrey_coarse,123.89,115.28,115.27999855900008,8.610001440999923,8.61,0.0
276,lp_demand_vickrey_coarse,97.23,94.95,94.94999841750001,2.2800015824999917,2.280000000000001,0.0
277,lp_demand_vickrey_coarse,128.51999999999998,128.51999999999998,128.51999857199962,1.42800035973778e-06,0.0,0.0
278,lp_demand_vickrey_coarse,107.32000000000001,107.32000000000001,107.31999846685716,1.5331428500076072e-06,0.0,0.0
279,lp_demand_vickrey_coarse,81.5,81.5,81.49999883571428,1.1642857202787127e-06,0.0,0.0
280,lp_demand_vickrey_coarse,20.560000000000002,20.060000000000002,20.060000000000002,0.5,0.5,0.0
281,lp_demand_vickrey_coarse,27.86,21.189999999999998,21.189998940499997,6.670001059500002,6.670000000000002,0.0
282,lp_demand_vickrey_coarse,38.35,37.940000000000005,37.9399990515,0.4100009484999987,0.4099999999999966,-4.440892098500626e-16
283,lp_demand_vickrey_coarse,40.42,40.42,40.41999865266666,1.3473333382307828e-06,0.0,-8.881784197001252e-16
284,lp_demand_vickrey_coarse,15.88,12.8,12.8,3.08,3.08,0.0
285,lp_demand_vickrey_coarse,66.69,62.76,62.7599987448,3.930001255199997,3.9299999999999997,4.440892098500626e-16
286,lp_demand_vickrey_coarse,86.96,84.7,84.69999858833334,2.26000141166665,2.259999999999991,0.0
287,lp_demand_vickrey_coarse,73.72999999999999,66.12,66.11999867760001,7.610001322399981,7.609999999999985,4.440892098500626e-16
288,lp_demand_vickrey_coarse,49.53,45.67,45.6699990866,3.8600009134000004,3.8599999999999994,4.440892098500626e-16
289,lp_demand_vickrey_coarse,72.58,68.16999999999999,68.16999863659998,4.4100013634000135,4.410000000000011,4.440892098500626e-16
290,lp_demand_vickrey_coarse,23.6,22.57,22.57,1.0300000000000011,1.0300000000000011,0.0
291,lp_demand_vickrey_coarse,20.71,20.430000000000003,20.430000000000003,0.2799999999999976,0.2799999999999976,0.0
292,lp_demand_vickrey_coarse,77.58,65.11,65.10999891483334,12.470001085166658,12.469999999999999,0.0
293,lp_demand_vickrey_coarse,17.68,17.330000000000005,17.330000000000005,0.3499999999999943,0.3499999999999943,1.7763568394002505e-15
294,lp_demand_vickrey_coarse,74.22,72.02,72.01999879966667,2.2000012003333325,2.200000000000003,0.0
295,lp_demand_vickrey_coarse,130.82999999999998,130.82999999999998,130.829998364625,1.6353749856534705e-06,0.0,0.0
296,lp_demand_vickrey_coarse,42.22,39.11,39.10999869633333,3.110001303666671,3.1099999999999994,-8.881784197001252e-16
297,lp_demand_vickrey_coarse,44.86,40.190000000000005,40.18999866033334,4.670001339666662,4.669999999999995,-8.881784197001252e-16
298,lp_demand_vickrey_coarse,34.58,34.150000000000006,34.14999914625,0.43000085374999486,0.4299999999999926,-4.440892098500626e-16
299,lp_demand_vickrey_coarse,80.35000000000001,79.65,79.6499986725,0.7000013275000043,0.7000000000000028,0.0
300,lp_demand_vickrey_coarse,78.99,78.99,78.9899986835,1.3164999899117902e-06,0.0,0.0
301,lp_demand_vickrey_coarse,32.040000000000006,31.150000000000002,31.149998961666665,0.8900010383333417,0.8900000000000041,-8.881784197001252e-16
302,lp_demand_vickrey_coarse,42.76,42.199999999999996,42.199998593333326,0.5600014066666716,0.5600000000000023,-8.881784197001252e-16
303,lp_demand_vickrey_coarse,126.03000000000002,126.03000000000002,126.0299985996667,1.4003333177470267e-06,0.0,0.0
304,lp_demand_vickrey_coarse,44.67999999999999,44.67999999999999,44.67999888299999,1.1170000036031524e-06,0.0,-4.440892098500626e-16
305,lp_demand_vickrey_coarse,84.92,83.72,83.719998804,1.2000011960000023,1.2000000000000028,0.0
306,lp_demand_vickrey_coarse,38.11000000000001,25.110000000000007,25.110000000000007,13.0,13.0,5.329070518200751e-15
307,lp_demand_vickrey_coarse,76.07000000000001,72.3,72.29999879500001,3.770001205,3.7700000000000102,0.0
308,lp_demand_vickrey_coarse,70.91999999999999,70.91999999999999,70.91999858159998,1.4184000036721045e-06,0.0,4.440892098500626e-16
309,lp_demand_vickrey_coarse,45.81,44.12,44.119998896999995,1.6900011030000073,1.6900000000000048,-4.440892098500626e-16
310,lp_demand_vickrey_coarse,16.67,16.04,16.04,0.6300000000000026,0.6300000000000026,0.0
311,lp_demand_vickrey_coarse,17.44,17.4,17.4,0.0400000000000027,0.0400000000000027,0.0
312,lp_demand_vickrey_coarse,83.83999999999999,81.75999999999999,81.75999863733333,2.080001362666664,2.0799999999999983,0.0
313,lp_demand_vickrey_coarse,46.99,46.09,46.08999884775,0.9000011522499989,0.8999999999999986,-4.440892098500626e-16
314,lp_demand_vickrey_coarse,103.61,103.61,103.60999870487507,1.295124931743885e-06,0.0,0.0
315,lp_demand_vickrey_coarse,84.07,81.50999999999999,81.50999864149999,2.5600013585000028,2.5600000000000023,0.0
316,lp_demand_vickrey_coarse,54.33,50.13,50.1299989974,4.200001002599997,4.199999999999996,4.440892098500626e-16
317,lp_demand_vickrey_coarse,57.63,57.63,57.63,0.0,0.0,0.0
318,lp_demand_vickrey_coarse,40.26,35.15,35.14999882833333,5.110001171666667,5.109999999999999,-8.881784197001252e-16
319,lp_demand_vickrey_coarse,52.379999999999995,52.379999999999995,52.37999825399999,1.7460000023561406e-06,0.0,-8.881784197001252e-16
320,lp_demand_vickrey_coarse,115.05,109.35,109.34999878499968,5.700001215000313,5.700000000000003,0.0
321,lp_demand_vickrey_coarse,19.46,19.21,19.21,0.25,0.25,0.0
322,lp_demand_vickrey_coarse,114.78,112.36,112.35999875155557,2.4200012484444358,2.4200000000000017,0.0
323,lp_demand_vickrey_coarse,22.020000000000003,20.0,20.0,2.020000000000003,2.020000000000003,0.0
324,lp_demand_vickrey_coarse,114.7,112.69,112.68999874788857,2.0100012521114365,2.010000000000005,0.0
325,lp_demand_vickrey_coarse,47.11,46.35,46.34999884125,0.7600011587500006,0.759999999999998,-4.440892098500626e-16
326,lp_demand_vickrey_coarse,136.67999999999998,135.54,135.5399984939996,1.1400015060003739,1.1399999999999864,0.0
327,lp_demand_vickrey_coarse,117.20999999999998,112.57999999999998,112.57999859275006,4.630001407249921,4.6299999999999955,0.0
328,lp_demand_vickrey_coarse,20.44,20.44,20.44,0.0,0.0,0.0
329,lp_demand_vickrey_coarse,34.1,31.39,31.3899984305,2.710001569500001,2.710000000000001,0.0
330,lp_demand_vickrey_coarse,45.9,45.9,45.8999988525,1.1475000007976632e-06,0.0,-4.440892098500626e-16
331,lp_demand_vickrey_coarse,125.08000000000001,125.08000000000001,125.07999874920002,1.2507999969102457e-06,0.0,-8.881784197001252e-16
332,lp_demand_vickrey_coarse,37.28,37.28,37.27999875733333,1.2426666700093847e-06,0.0,-8.881784197001252e-16
333,lp_demand_vickrey_coarse,43.07,41.57,41.5699991686,1.5000008314000013,1.5,4.440892098500626e-16
334,lp_demand_vickrey_coarse,20.41,20.229999999999997,20.229999999999997,0.18000000000000327,0.18000000000000327,0.0
335,lp_demand_vickrey_coarse,47.17,45.15,45.14999887125,2.0200011287500033,2.020000000000003,-4.440892098500626e-16
336,lp_demand_vickrey_coarse,44.96,37.379999999999995,37.379999065499995,7.580000934500006,7.580000000000005,-4.440892098500626e-16
337,lp_demand_vickrey_coarse,36.16,32.03,32.02999919925,4.130000800749997,4.1299999999999955,-4.440892098500626e-16
338,lp_demand_vickrey_coarse,70.63,67.24,67.23999887933333,3.3900011206666676,3.3900000000000006,0.0
339,lp_demand_vickrey_coarse,14.759999999999998,14.759999999999998,14.759999999999998,0.0,0.0,0.0
340,lp_demand_vickrey_coarse,77.54,75.79,75.78999873683334,1.7500012631666664,1.75,0.0
341,lp_demand_vickrey_coarse,124.36000000000001,119.89,119.8899986678889,4.47000133211111,4.470000000000013,0.0
342,lp_demand_vickrey_coarse,19.810000000000002,18.490000000000002,18.490000000000002,1.3200000000000003,1.3200000000000003,0.0
343,lp_demand_vickrey_coarse,31.589999999999996,31.589999999999996,31.589999210249996,7.897500005071834e-07,0.0,-4.440892098500626e-16
344,lp_demand_vickrey_coarse,131.44,126.01,126.00999842487508,5.430001575124919,5.429999999999993,0.0
345,lp_demand_vickrey_coarse,131.18,128.39000000000001,128.3899985734441,2.7900014265559037,2.789999999999992,0.0
346,lp_demand_vickrey_coarse,47.599999999999994,44.099999999999994,44.099998897499994,3.5000011025000006,3.5,-4.440892098500626e-16
347,lp_demand_vickrey_coarse,122.85999999999999,119.42999999999999,119.4299988057,3.43000119429999,3.4299999999999926,-8.881784197001252e-16
348,lp_demand_vickrey_coarse,81.76,72.15,72.1499987975,9.610001202500001,9.61,0.0
349,lp_demand_vickrey_coarse,41.91,36.37,36.36999909074999,5.540000909250004,5.539999999999999,-4.440892098500626e-16
350,lp_demand_vickrey_coarse,53.55,48.55,48.549999029,5.000000970999999,5.0,4.440892098500626e-16
351,lp_demand_vickrey_coarse,17.71,17.71,17.71,0.0,0.0,0.0
352,lp_demand_vickrey_coarse,34.76,34.76,34.76,0.0,0.0,0.0
353,lp_demand_vickrey_coarse,37.50000000000001,13.990000000000009,13.990000000000009,23.509999999999998,23.509999999999998,5.329070518200751e-15
354,lp_demand_vickrey_coarse,40.42,17.39,17.39,23.03,23.03,0.0
355,lp_demand_vickrey_coarse,20.689999999999998,20.349999999999998,20.349999999999998,0.33999999999999986,0.33999999999999986,0.0
356,lp_demand_vickrey_coarse,122.42,118.9,118.89999851375008,3.5200014862499245,3.519999999999996,0.0
357,lp_demand_vickrey_coarse,69.25,68.81,68.8099986238,0.44000137620000146,0.4399999999999977,4.440892098500626e-16
358,lp_demand_vickrey_coarse,60.330000000000005,60.330000000000005,60.330000000000005,0.0,0.0,0.0
359,lp_demand_vickrey_coarse,122.5,113.99000000000001,113.98999857512509,8.510001424874915,8.509999999999991,0.0
360,lp_demand_vickrey_coarse,69.14999999999999,68.86999999999999,68.8699986226,0.28000137739999786,0.28000000000000114,1.3322676295501878e-15
361,lp_demand_vickrey_coarse,107.26,100.67,100.66999856185714,6.590001438142863,6.590000000000003,0.0
362,lp_demand_vickrey_coarse,44.660000000000004,39.83,39.82999900425,4.830000995750005,4.830000000000005,-4.440892098500626e-16
363,lp_demand_vickrey_coarse,34.0,31.23,31.229998958999996,2.770001041000004,2.7699999999999996,-8.881784197001252e-16
364,lp_demand_vickrey_coarse,41.559999999999995,41.559999999999995,41.55999861466666,1.3853333342694896e-06,0.0,-8.881784197001252e-16
365,lp_demand_vickrey_coarse,116.29,112.77000000000001,112.76999874700002,3.5200012529999896,3.519999999999996,0.0
366,lp_demand_vickrey_coarse,48.42,48.42,48.42,0.0,0.0,0.0
367,lp_demand_vickrey_coarse,81.10000000000001,80.37,80.36999839260001,0.7300016073999984,0.730000000000004,4.440892098500626e-16
368,lp_demand_vickrey_coarse,17.12,13.670000000000002,13.670000000000002,3.4499999999999993,3.4499999999999993,0.0
369,lp_demand_vickrey_coarse,20.28,18.54,18.54,1.740000000000002,1.740000000000002,0.0
370,lp_demand_vickrey_coarse,24.939999999999998,20.42,20.42,4.519999999999996,4.519999999999996,5.329070518200751e-15
371,lp_demand_vickrey_coarse,46.790000000000006,45.74,45.7399988565,1.0500011435000047,1.0500000000000043,-4.440892098500626e-16
372,lp_demand_vickrey_coarse,44.15,44.15,44.14999889625,1.103750001618664e-06,0.0,-4.440892098500626e-16
373,lp_demand_vickrey_coarse,85.97,83.63,83.62999860616667,2.340001393833333,2.3400000000000034,0.0
374,lp_demand_vickrey_coarse,37.089999999999996,37.089999999999996,37.08999907275,9.272499994494865e-07,0.0,-4.440892098500626e-16
375,lp_demand_vickrey_coarse,128.42000000000002,123.45,123.44999862833299,4.970001371667024,4.970000000000013,0.0
376,lp_demand_vickrey_coarse,125.26000000000002,121.54000000000002,121.53999878460003,3.7200012153999893,3.719999999999999,-8.881784197001252e-16
377,lp_demand_vickrey_coarse,17.409999999999997,17.409999999999997,17.409999999999997,0.0,0.0,0.0
378,lp_demand_vickrey_coarse,44.06999999999999,44.06999999999999,44.06999853099999,1.4690000043060536e-06,0.0,-8.881784197001252e-16
379,lp_demand_vickrey_coarse,52.64000000000001,52.64000000000001,52.639998684000005,1.3160000023049179e-06,0.0,1.7763568394002505e-15
380,lp_demand_vickrey_coarse,14.529999999999998,12.739999999999998,12.739999999999998,1.7899999999999991,1.7899999999999991,0.0
381,lp_demand_vickrey_coarse,128.33,125.72,125.71999860311112,2.61000139688889,2.6100000000000136,0.0
382,lp_demand_vickrey_coarse,19.27,18.07,18.07,1.1999999999999993,1.1999999999999993,0.0
383,lp_demand_vickrey_coarse,25.35,24.91,24.90999937725,0.4400006227500022,0.4400000000000013,-4.440892098500626e-16
384,lp_demand_vickrey_coarse,30.58,30.58,30.579998470999996,1.5290000021650485e-06,0.0,0.0
385,lp_demand_vickrey_coarse,37.879999999999995,37.879999999999995,37.87999905299999,9.470000037481441e-07,0.0,-4.440892098500626e-16
386,lp_demand_vickrey_coarse,79.36,76.92,76.919998718,2.440001281999997,2.4399999999999977,0.0
387,lp_demand_vickrey_coarse,134.18,130.24,130.23999869760002,3.940001302399992,3.9399999999999977,-8.881784197001252e-16
388,lp_demand_vickrey_coarse,123.99999999999999,118.6,118.599998814,5.400001185999983,5.3999999999999915,-8.881784197001252e-16
389,lp_demand_vickrey_coarse,125.83999999999999,117.47999999999999,117.47999869466632,8.360001305333668,8.36,0.0
390,lp_demand_vickrey_coarse,35.900000000000006,35.900000000000006,35.899999102500004,8.975000014288526e-07,0.0,-4.440892098500626e-16
391,lp_demand_vickrey_coarse,28.689999999999998,22.049999999999997,22.049998897499997,6.640001102500001,6.640000000000001,0.0
392,lp_demand_vickrey_coarse,82.76,82.76,82.75999881771429,1.182285714662612e-06,0.0,0.0
393,lp_demand_vickrey_coarse,15.49,14.030000000000001,14.030000000000001,1.459999999999999,1.459999999999999,0.0
394,lp_demand_vickrey_coarse,62.14000000000001,58.85000000000001,58.84999882300001,3.2900011770000006,3.289999999999999,4.440892098500626e-16
395,lp_demand_vickrey_coarse,77.28999999999999,72.52,72.51999879133334,4.770001208666656,4.769999999999996,0.0
396,lp_demand_vickrey_coarse,21.5,21.330000000000002,21.330000000000002,0.16999999999999815,0.16999999999999815,0.0
397,lp_demand_vickrey_coarse,39.19,39.19,39.19,0.0,0.0,0.0
398,lp_demand_vickrey_coarse,21.34,19.62,19.62,1.7199999999999989,1.7199999999999989,0.0
399,lp_demand_vickrey_coarse,13.779999999999998,13.779999999999998,13.779999999999998,0.0,0.0,0.0
400,lp_demand_vickrey_coarse,54.800000000000004,54.800000000000004,54.800000000000004,0.0,0.0,0.0
401,lp_demand_vickrey_coarse,37.050000000000004,32.42,32.4199991895,4.6300008105000074,4.630000000000003,-4.440892098500626e-16
402,lp_demand_vickrey_coarse,17.78,16.29,16.29,1.490000000000002,1.490000000000002,0.0
403,lp_demand_vickrey_coarse,42.75,42.75,42.749998575,1.4250000006654773e-06,0.0,-8.881784197001252e-16
404,lp_demand_vickrey_coarse,118.41000000000001,113.34,113.33999874066667,5.070001259333338,5.070000000000007,0.0
405,lp_demand_vickrey_coarse,20.84,18.14,18.14,2.6999999999999993,2.6999999999999993,0.0
406,lp_demand_vickrey_coarse,81.58,81.31,81.30999864483334,0.2700013551666558,0.269999999999996,0.0
407,lp_demand_vickrey_coarse,84.94,82.42,82.41999862633334,2.520001373666659,2.519999999999996,0.0
408,lp_demand_vickrey_coarse,73.25999999999999,71.77,71.76999880383333,1.4900011961666593,1.4899999999999949,0.0
409,lp_demand_vickrey_coarse,129.74,129.74,129.73999870260002,1.297399990107806e-06,0.0,-8.881784197001252e-16
410,lp_demand_vickrey_coarse,79.42999999999999,79.42999999999999,79.42999841139999,1.5885999999909473e-06,0.0,1.3322676295501878e-15
411,lp_demand_vickrey_coarse,18.180000000000003,18.180000000000003,18.180000000000003,0.0,0.0,0.0
412,lp_demand_vickrey_coarse,88.72,86.72,86.71999855466667,2.000001445333325,2.0,0.0
413,lp_demand_vickrey_coarse,28.1,14.340000000000003,14.340000000000003,13.759999999999998,13.759999999999998,5.329070518200751e-15
414,lp_demand_vickrey_coarse,45.64,42.67,42.66999893325,2.970001066750001,2.969999999999999,-4.440892098500626e-16
415,lp_demand_vickrey_coarse,69.25,64.99,64.98999870019999,4.26000129980001,4.260000000000005,4.440892098500626e-16
416,lp_demand_vickrey_coarse,136.76,136.76,136.75999848044404,1.5195559512903856e-06,0.0,0.0
417,lp_demand_vickrey_coarse,42.260000000000005,33.86000000000001,33.86000000000001,8.399999999999999,8.399999999999999,0.0
418,lp_demand_vickrey_coarse,30.620000000000005,24.090000000000003,24.089999197,6.530000803000004,6.530000000000001,-8.881784197001252e-16
419,lp_demand_vickrey_coarse,133.21999999999997,133.21999999999997,133.21999851977736,1.4802226075971703e-06,0.0,0.0
420,lp_demand_vickrey_coarse,129.22,129.2,129.199998708,0.020001291999989235,0.020000000000010232,-8.881784197001252e-16
421,lp_demand_vickrey_coarse,34.01,29.409999999999997,29.40999901966666,4.600000980333338,4.600000000000001,-8.881784197001252e-16
422,lp_demand_vickrey_coarse,17.919999999999998,16.15,16.15,1.7699999999999996,1.7699999999999996,0.0
423,lp_demand_vickrey_coarse,51.07,51.05,51.05,0.020000000000003126,0.020000000000003126,0.0
424,lp_demand_vickrey_coarse,104.21,100.33,100.32999874587506,3.8800012541249345,3.8799999999999955,0.0
425,lp_demand_vickrey_coarse,71.31,66.73,66.72999888783335,4.580001112166656,4.579999999999998,0.0
426,lp_demand_vickrey_coarse,70.45,67.66000000000001,67.6599986468,2.7900013531999974,2.789999999999992,4.440892098500626e-16
427,lp_demand_vickrey_coarse,17.18,15.11,15.11,2.0700000000000003,2.0700000000000003,0.0
428,lp_demand_vickrey_coarse,39.230000000000004,33.59,33.58999916025,5.640000839750002,5.640000000000001,-4.440892098500626e-16
429,lp_demand_vickrey_coarse,38.620000000000005,38.120000000000005,38.119999047,0.5000009530000042,0.5,-4.440892098500626e-16
430,lp_demand_vickrey_coarse,72.08,68.25999999999999,68.25999863479998,3.8200013652000138,3.8200000000000074,4.440892098500626e-16
431,lp_demand_vickrey_coarse,16.27,15.129999999999999,15.129999999999999,1.1400000000000006,1.1400000000000006,0.0
432,lp_demand_vickrey_coarse,81.69999999999999,71.17999999999999,71.1799985764,10.520001423599993,10.519999999999996,4.440892098500626e-16
433,lp_demand_vickrey_coarse,110.22,100.14999999999999,100.14999874812506,10.070001251874942,10.070000000000007,0.0
434,lp_demand_vickrey_coarse,17.31,16.04,16.04,1.2699999999999996,1.2699999999999996,0.0
435,lp_demand_vickrey_coarse,79.46000000000001,76.47000000000001,76.46999872550002,2.9900012744999884,2.989999999999995,0.0
436,lp_demand_vickrey_coarse,48.87,47.53,47.529999049400004,1.3400009505999932,1.3399999999999963,4.440892098500626e-16
437,lp_demand_vickrey_coarse,48.879999999999995,48.879999999999995,48.879998777999994,1.2220000016327504e-06,0.0,-4.440892098500626e-16
438,lp_demand_vickrey_coarse,107.62,101.28,101.27999873400006,6.340001265999945,6.340000000000003,0.0
439,lp_demand_vickrey_coarse,129.35,128.47,128.46999857255557,0.8800014274444266,0.8799999999999955,0.0
440,lp_demand_vickrey_coarse,53.78000000000001,53.78000000000001,53.7799986555,1.3445000064393753e-06,0.0,-4.440892098500626e-16
441,lp_demand_vickrey_coarse,141.37,138.67000000000002,138.66999861330004,2.7000013866999666,2.6999999999999886,-8.881784197001252e-16
442,lp_demand_vickrey_coarse,30.47,30.47,30.47,0.0,0.0,0.0
443,lp_demand_vickrey_coarse,67.09,67.09,67.0899986582,1.3418000008869058e-06,0.0,1.3322676295501878e-15
444,lp_demand_vickrey_coarse,75.99,75.99,75.9899987335,1.266499992880199e-06,0.0,0.0
445,lp_demand_vickrey_coarse,108.34,108.34,108.33999845228571,1.5477142909503527e-06,0.0,0.0
446,lp_demand_vickrey_coarse,16.8,16.8,16.8,0.0,0.0,0.0
447,lp_demand_vickrey_coarse,19.6,19.26,19.26,0.33999999999999986,0.33999999999999986,0.0
448,lp_demand_vickrey_coarse,123.30000000000001,119.19000000000001,119.1899985101251,4.110001489874918,4.109999999999999,0.0
449,lp_demand_vickrey_coarse,49.739999999999995,47.12,47.11999882199999,2.6200011780000025,2.6199999999999974,-4.440892098500626e-16
450,lp_demand_vickrey_coarse,101.89000000000001,101.89000000000001,101.88999872637508,1.273624931741324e-06,0.0,0.0
451,lp_demand_vickrey_coarse,76.91,72.16,72.15999879733333,4.750001202666667,4.75,0.0
452,lp_demand_vickrey_coarse,117.54000000000002,112.21000000000001,112.20999875322224,5.330001246777783,5.3300000000000125,0.0
453,lp_demand_vickrey_coarse,22.119999999999997,19.56,19.56,2.5599999999999987,2.5599999999999987,0.0
454,lp_demand_vickrey_coarse,154.72,153.37,153.36999829588845,1.3500017041115484,1.3499999999999943,0.0
455,lp_demand_vickrey_coarse,74.87,73.72999999999999,73.72999894671428,1.1400010532857294,1.1400000000000148,0.0
456,lp_demand_vickrey_coarse,46.48,46.17,46.17,0.30999999999999517,0.30999999999999517,0.0
457,lp_demand_vickrey_coarse,134.19,133.75,133.7499985138885,0.44000148611149825,0.4399999999999977,0.0
458,lp_demand_vickrey_coarse,121.84999999999998,121.84999999999998,121.8499986461111,1.353888876565179e-06,0.0,0.0
459,lp_demand_vickrey_coarse,79.74000000000001,76.82,76.81999871966667,2.920001280333338,2.920000000000016,0.0
460,lp_demand_vickrey_coarse,34.22,10.469999999999999,10.469999999999999,23.75,23.75,0.0
461,lp_demand_vickrey_coarse,48.81,46.04,46.03999884899999,2.7700011510000095,2.770000000000003,-4.440892098500626e-16
462,lp_demand_vickrey_coarse,20.909999999999997,19.15,19.15,1.759999999999998,1.759999999999998,0.0
463,lp_demand_vickrey_coarse,43.9,38.41,38.40999903974999,5.490000960250008,5.490000000000002,0.0
464,lp_demand_vickrey_coarse,21.810000000000002,21.12,21.12,0.6900000000000013,0.6900000000000013,0.0
465,lp_demand_vickrey_coarse,65.65,65.65,65.64999868700001,1.312999998503983e-06,0.0,1.3322676295501878e-15
466,lp_demand_vickrey_coarse,37.16,34.58,34.579998270999994,2.580001729000003,2.5799999999999983,0.0
467,lp_demand_vickrey_coarse,32.83,32.83,32.82999890566666,1.0943333350610374e-06,0.0,-8.881784197001252e-16
468,lp_demand_vickrey_coarse,114.11,101.38,101.37999855171428,12.73000144828572,12.730000000000004,0.0
469,lp_demand_vickrey_coarse,29.439999999999998,29.089999999999996,29.089999272749996,0.3500007272500021,0.3500000000000014,-4.440892098500626e-16
470,lp_demand_vickrey_coarse,21.09,19.84,19.84,1.25,1.25,0.0
471,lp_demand_vickrey_coarse,40.150000000000006,40.150000000000006,40.14999866166667,1.3383333339334058e-06,0.0,-8.881784197001252e-16
472,lp_demand_vickrey_coarse,44.68000000000001,41.21,41.209998969749996,3.4700010302500104,3.470000000000006,-4.440892098500626e-16
473,lp_demand_vickrey_coarse,122.1,113.70999999999998,113.70999873655555,8.390001263444447,8.390000000000015,0.0
474,lp_demand_vickrey_coarse,18.89,17.55,17.55,1.3399999999999999,1.3399999999999999,0.0
475,lp_demand_vickrey_coarse,75.33,73.02,73.019998783,2.310001216999993,2.3100000000000023,0.0
476,lp_demand_vickrey_coarse,88.47,83.69,83.68999880442857,4.78000119557143,4.780000000000001,0.0
477,lp_demand_vickrey_coarse,37.25,34.25,34.249999143749996,3.0000008562500042,3.0,-4.440892098500626e-16
478,lp_demand_vickrey_coarse,37.019999999999996,32.42,32.41999891933333,4.600001080666665,4.599999999999994,-8.881784197001252e-16
479,lp_demand_vickrey_coarse,45.11,41.629999999999995,41.629998959249995,3.480001040750004,3.480000000000004,-4.440892098500626e-16
480,lp_demand_vickrey_coarse,21.75,20.99,20.99,0.7600000000000016,0.7600000000000016,0.0
481,lp_demand_vickrey_coarse,88.75,88.75,88.74999852083334,1.4791666558267025e-06,0.0,0.0
482,lp_demand_vickrey_coarse,48.82,46.730000000000004,46.72999883175,2.090001168249998,2.0899999999999963,-4.440892098500626e-16
483,lp_demand_vickrey_coarse,78.4,77.28,77.27999871200001,1.1200012879999974,1.1200000000000045,0.0
484,lp_demand_vickrey_coarse,38.89,30.090000000000003,30.090000000000003,8.799999999999997,8.799999999999997,5.329070518200751e-15
485,lp_demand_vickrey_coarse,121.38,118.33,118.3299986852219,3.0500013147781004,3.049999999999997,0.0
486,lp_demand_vickrey_coarse,17.200000000000003,17.200000000000003,17.200000000000003,0.0,0.0,0.0
487,lp_demand_vickrey_coarse,32.2,31.340000000000003,31.339998955333336,0.8600010446666673,0.8599999999999994,-8.881784197001252e-16
488,lp_demand_vickrey_coarse,78.39000000000001,78.39000000000001,78.38999888014287,1.1198571456816353e-06,0.0,0.0
489,lp_demand_vickrey_coarse,33.29,25.279999999999998,25.27999915733333,8.01000084266667,8.010000000000002,-8.881784197001252e-16
490,lp_demand_vickrey_coarse,128.04000000000002,124.06,124.05999875940002,3.9800012406000036,3.980000000000018,-8.881784197001252e-16
491,lp_demand_vickrey_coarse,36.78,33.92,33.919998304,2.8600016959999977,2.8599999999999994,0.0
492,lp_demand_vickrey_coarse,22.12,22.12,22.12,0.0,0.0,0.0
493,lp_demand_vickrey_coarse,46.61,46.61,46.609998834749995,1.16525000493084e-06,0.0,-4.440892098500626e-16
494,lp_demand_vickrey_coarse,42.21,42.21,42.20999894475,1.0552500029348266e-06,0.0,-4.440892098500626e-16
495,lp_demand_vickrey_coarse,51.34,51.34,51.339998973200004,1.0267999996926847e-06,0.0,1.3322676295501878e-15
496,lp_demand_vickrey_coarse,19.29,19.29,19.29,0.0,0.0,0.0
497,lp_demand_vickrey_coarse,76.86,69.19,69.18999884683333,7.670001153166666,7.670000000000002,0.0
498,lp_demand_vickrey_coarse,48.75,48.75,48.74999878125,1.2187500004756657e-06,0.0,-4.440892098500626e-16
499,lp_demand_vickrey_coarse,17.89,15.81,15.81,2.08,2.08,0.0
0,lp_demand_vickrey_fine,47.2,47.2,47.2,0.0,0.0,0.0
1,lp_demand_vickrey_fine,112.53999999999999,109.57,109.57,2.969999999999999,2.969999999999999,-4.440892098500626e-16
2,lp_demand_vickrey_fine,141.91,140.76000000000002,140.76000000000002,1.1499999999999773,1.1499999999999773,0.0
3,lp_demand_vickrey_fine,73.21,71.34,71.34,1.8699999999999903,1.8699999999999903,-1.3322676295501878e-15
4,lp_demand_vickrey_fine,30.889999999999993,26.629999999999995,26.629999999999995,4.259999999999998,4.259999999999998,0.0
5,lp_demand_vickrey_fine,149.29,138.1,138.1,11.189999999999998,11.189999999999998,0.0
6,lp_demand_vickrey_fine,44.690000000000005,44.690000000000005,44.690000000000005,0.0,0.0,0.0
7,lp_demand_vickrey_fine,38.230000000000004,33.1,33.1,5.130000000000003,5.130000000000003,0.0
8,lp_demand_vickrey_fine,137.26,137.01,137.01,0.25,0.25,-4.440892098500626e-16
9,lp_demand_vickrey_fine,73.80000000000001,73.80000000000001,73.80000000000001,0.0,0.0,0.0
10,lp_demand_vickrey_fine,33.8,26.049999999999997,26.049999999999997,7.75,7.75,0.0
11,lp_demand_vickrey_fine,37.31999999999999,36.48,36.48,0.8399999999999963,0.8399999999999963,0.0
12,lp_demand_vickrey_fine,20.84,19.810000000000002,19.810000000000002,1.0299999999999976,1.0299999999999976,0.0
13,lp_demand_vickrey_fine,98.03999999999999,90.99,90.99,7.049999999999997,7.049999999999997,4.440892098500626e-16
14,lp_demand_vickrey_fine,90.62,90.62,90.62,0.0,0.0,0.0
15,lp_demand_vickrey_fine,93.99000000000001,93.60000000000001,93.60000000000001,0.39000000000000057,0.39000000000000057,0.0
16,lp_demand_vickrey_fine,84.51,76.01,76.01,8.5,8.5,0.0
17,lp_demand_vickrey_fine,35.629999999999995,22.609999999999992,22.609999999999992,13.020000000000003,13.020000000000003,-1.7763568394002505e-15
18,lp_demand_vickrey_fine,51.27,49.760000000000005,49.760000000000005,1.509999999999998,1.509999999999998,4.440892098500626e-16
19,lp_demand_vickrey_fine,28.72,14.980000000000004,14.980000000000004,13.739999999999995,13.739999999999995,-1.7763568394002505e-15
20,lp_demand_vickrey_fine,54.55,54.55,54.55,0.0,0.0,1.3322676295501878e-15
21,lp_demand_vickrey_fine,80.42,80.42,80.42,0.0,0.0,0.0
22,lp_demand_vickrey_fine,111.13999999999999,107.97,107.97,3.1699999999999875,3.1699999999999875,0.0
23,lp_demand_vickrey_fine,20.46,20.46,20.46,0.0,0.0,0.0
24,lp_demand_vickrey_fine,73.97,73.97,73.97,0.0,0.0,-8.881784197001252e-16
25,lp_demand_vickrey_fine,45.43,41.449999999999996,41.449999999999996,3.980000000000004,3.980000000000004,0.0
26,lp_demand_vickrey_fine,17.82,17.44,17.44,0.379999999999999,0.379999999999999,0.0
27,lp_demand_vickrey_fine,79.87,76.3,76.3,3.5700000000000074,3.5700000000000074,0.0
28,lp_demand_vickrey_fine,80.85999999999999,77.38,77.38,3.4799999999999898,3.4799999999999898,0.0
29,lp_demand_vickrey_fine,38.19,37.66,37.66,0.5300000000000011,0.5300000000000011,0.0
30,lp_demand_vickrey_fine,74.96000000000001,72.12,72.12,2.8400000000000034,2.8400000000000034,-1.3322676295501878e-15
31,lp_demand_vickrey_fine,34.66,25.959999999999997,25.959999999999997,8.7,8.7,0.0
32,lp_demand_vickrey_fine,113.08,109.84,109.84,3.239999999999995,3.239999999999995,-4.440892098500626e-16
33,lp_demand_vickrey_fine,82.07,71.17,71.17,10.899999999999991,10.899999999999991,0.0
34,lp_demand_vickrey_fine,104.28,104.15,104.15,0.12999999999999545,0.12999999999999545,0.0
35,lp_demand_vickrey_fine,69.06,66.57,66.57,2.490000000000009,2.490000000000009,0.0
36,lp_demand_vickrey_fine,22.840000000000003,22.480000000000004,22.480000000000004,0.35999999999999943,0.35999999999999943,0.0
37,lp_demand_vickrey_fine,123.27999999999999,116.43999999999998,116.43999999999998,6.840000000000003,6.840000000000003,-8.881784197001252e-16
38,lp_demand_vickrey_fine,22.43,20.27,20.27,2.16,2.16,0.0
39,lp_demand_vickrey_fine,64.22,62.38999999999999,62.38999999999999,1.8300000000000054,1.8300000000000054,0.0
40,lp_demand_vickrey_fine,83.58,81.28,81.28,2.299999999999997,2.299999999999997,0.0
41,lp_demand_vickrey_fine,23.11,21.86,21.86,1.25,1.25,0.0
42,lp_demand_vickrey_fine,53.870000000000005,45.660000000000004,45.660000000000004,8.21,8.21,0.0
43,lp_demand_vickrey_fine,19.91,17.26,17.26,2.6499999999999986,2.6499999999999986,0.0
44,lp_demand_vickrey_fine,114.67,111.94,111.94,2.730000000000004,2.730000000000004,0.0
45,lp_demand_vickrey_fine,28.89,23.89,23.89,5.0,5.0,4.440892098500626e-16
46,lp_demand_vickrey_fine,111.38,111.38,111.38,0.0,0.0,-8.881784197001252e-16
47,lp_demand_vickrey_fine,109.04,107.47000000000001,107.47000000000001,1.5699999999999932,1.5699999999999932,-4.440892098500626e-16
48,lp_demand_vickrey_fine,145.70999999999998,143.61999999999998,143.61999999999998,2.0900000000000034,2.0900000000000034,0.0
49,lp_demand_vickrey_fine,15.91,13.96,13.96,1.9499999999999993,1.9499999999999993,0.0
50,lp_demand_vickrey_fine,85.15,81.6,81.6,3.5500000000000114,3.5500000000000114,0.0
51,lp_demand_vickrey_fine,46.04,35.56,35.56,10.479999999999997,10.479999999999997,-1.7763568394002505e-15
52,lp_demand_vickrey_fine,116.84,107.39,107.39,9.450000000000003,9.450000000000003,8.881784197001252e-16
53,lp_demand_vickrey_fine,112.63999999999999,110.19,110.19,2.4499999999999886,2.4499999999999886,0.0
54,lp_demand_vickrey_fine,39.65,30.769999999999996,30.769999999999996,8.880000000000003,8.880000000000003,0.0
55,lp_demand_vickrey_fine,33.739999999999995,13.319999999999993,13.319999999999993,20.42,20.42,-1.7763568394002505e-15
56,lp_demand_vickrey_fine,83.74,78.77,78.77,4.969999999999999,4.969999999999999,0.0
57,lp_demand_vickrey_fine,67.99,66.96,66.96,1.0300000000000011,1.0300000000000011,-1.3322676295501878e-15
58,lp_demand_vickrey_fine,20.209999999999997,18.54,18.54,1.6699999999999982,1.6699999999999982,0.0
59,lp_demand_vickrey_fine,19.39,17.17,17.17,2.219999999999999,2.219999999999999,0.0
60,lp_demand_vickrey_fine,122.83999999999999,119.63999999999999,119.63999999999999,3.200000000000003,3.200000000000003,-4.440892098500626e-16
61,lp_demand_vickrey_fine,70.9,59.97,59.97,10.930000000000007,10.930000000000007,-1.3322676295501878e-15
62,lp_demand_vickrey_fine,77.45,74.62,74.62,2.8299999999999983,2.8299999999999983,-8.881784197001252e-16
63,lp_demand_vickrey_fine,64.95,64.23,64.23,0.7199999999999989,0.7199999999999989,-1.3322676295501878e-15
64,lp_demand_vickrey_fine,120.98,118.64,118.64,2.3400000000000034,2.3400000000000034,0.0
65,lp_demand_vickrey_fine,86.14999999999999,81.53,81.53,4.61999999999999,4.61999999999999,8.881784197001252e-16
66,lp_demand_vickrey_fine,89.80999999999999,87.93999999999998,87.93999999999998,1.8700000000000045,1.8700000000000045,0.0
67,lp_demand_vickrey_fine,142.32999999999998,138.04,138.04,4.289999999999992,4.289999999999992,0.0
68,lp_demand_vickrey_fine,40.730000000000004,40.730000000000004,40.730000000000004,0.0,0.0,0.0
69,lp_demand_vickrey_fine,81.46,75.53999999999999,75.53999999999999,5.920000000000002,5.920000000000002,0.0
70,lp_demand_vickrey_fine,68.02,66.09,66.09,1.9299999999999926,1.9299999999999926,0.0
71,lp_demand_vickrey_fine,74.38,74.38,74.38,0.0,0.0,-1.3322676295501878e-15
72,lp_demand_vickrey_fine,78.60000000000001,66.87,66.87,11.730000000000004,11.730000000000004,-8.881784197001252e-16
73,lp_demand_vickrey_fine,49.91,43.45,43.45,6.459999999999994,6.459999999999994,4.440892098500626e-16
74,lp_demand_vickrey_fine,45.58,45.58,45.58,0.0,0.0,0.0
75,lp_demand_vickrey_fine,56.129999999999995,56.129999999999995,56.129999999999995,0.0,0.0,-3.552713678800501e-15
76,lp_demand_vickrey_fine,96.41,87.96,87.96,8.450000000000003,8.450000000000003,0.0
77,lp_demand_vickrey_fine,79.81,73.8,73.8,6.010000000000005,6.010000000000005,-1.3322676295501878e-15
78,lp_demand_vickrey_fine,21.9,20.66,20.66,1.2399999999999984,1.2399999999999984,0.0
79,lp_demand_vickrey_fine,48.82,48.82,48.82,0.0,0.0,0.0
80,lp_demand_vickrey_fine,46.86,44.099999999999994,44.099999999999994,2.760000000000005,2.760000000000005,4.440892098500626e-16
81,lp_demand_vickrey_fine,77.78999999999999,71.78999999999999,71.78999999999999,6.0,6.0,-1.3322676295501878e-15
82,lp_demand_vickrey_fine,20.549999999999997,20.549999999999997,20.549999999999997,0.0,0.0,0.0
83,lp_demand_vickrey_fine,82.12,78.35,78.35,3.7700000000000102,3.7700000000000102,-8.881784197001252e-16
84,lp_demand_vickrey_fine,78.66,76.99,76.99,1.6700000000000017,1.6700000000000017,0.0
85,lp_demand_vickrey_fine,46.83,45.989999999999995,45.989999999999995,0.8400000000000034,0.8400000000000034,0.0
86,lp_demand_vickrey_fine,71.93,65.49000000000001,65.49000000000001,6.439999999999998,6.439999999999998,0.0
87,lp_demand_vickrey_fine,39.71,37.12,37.12,2.5900000000000034,2.5900000000000034,0.0
88,lp_demand_vickrey_fine,82.32,79.72,79.72,2.5999999999999943,2.5999999999999943,0.0
89,lp_demand_vickrey_fine,32.16,32.16,32.16,0.0,0.0,-3.552713678800501e-15
90,lp_demand_vickrey_fine,82.94,76.52,76.52,6.420000000000002,6.420000000000002,0.0
91,lp_demand_vickrey_fine,41.41,41.41,41.41,0.0,0.0,-3.552713678800501e-15
92,lp_demand_vickrey_fine,115.66000000000001,113.7,113.7,1.960000000000008,1.960000000000008,8.881784197001252e-16
93,lp_demand_vickrey_fine,45.29,45.29,45.29,0.0,0.0,0.0
94,lp_demand_vickrey_fine,45.800000000000004,45.42,45.42,0.38000000000000256,0.38000000000000256,0.0
95,lp_demand_vickrey_fine,85.16,82.43,82.43,2.7299999999999898,2.7299999999999898,0.0
96,lp_demand_vickrey_fine,139.89,132.44,132.44,7.449999999999989,7.449999999999989,4.440892098500626e-16
97,lp_demand_vickrey_fine,45.81,45.81,45.81,0.0,0.0,0.0
98,lp_demand_vickrey_fine,142.63,138.82,138.82,3.8100000000000023,3.8100000000000023,0.0
99,lp_demand_vickrey_fine,43.14999999999999,20.639999999999993,20.639999999999993,22.509999999999998,22.509999999999998,-1.7763568394002505e-15
100,lp_demand_vickrey_fine,71.69999999999999,70.0,70.0,1.6999999999999886,1.6999999999999886,-1.3322676295501878e-15
101,lp_demand_vickrey_fine,28.8,27.130000000000003,27.130000000000003,1.6699999999999982,1.6699999999999982,0.0
102,lp_demand_vickrey_fine,73.50999999999999,72.14,72.14,1.3699999999999903,1.3699999999999903,-1.3322676295501878e-15
103,lp_demand_vickrey_fine,20.93,20.75,20.75,0.17999999999999972,0.17999999999999972,0.0
104,lp_demand_vickrey_fine,16.2,14.64,14.64,1.5599999999999987,1.5599999999999987,0.0
105,lp_demand_vickrey_fine,70.19,59.53,59.53,10.659999999999997,10.659999999999997,-1.3322676295501878e-15
106,lp_demand_vickrey_fine,45.51,41.9,41.9,3.6099999999999994,3.6099999999999994,0.0
107,lp_demand_vickrey_fine,67.46000000000001,66.15,66.15,1.3100000000000023,1.3100000000000023,0.0
108,lp_demand_vickrey_fine,104.13,99.00999999999999,99.00999999999999,5.1200000000000045,5.1200000000000045,0.0
109,lp_demand_vickrey_fine,32.31,25.030000000000005,25.030000000000005,7.279999999999998,7.279999999999998,0.0
110,lp_demand_vickrey_fine,82.53,82.27,82.27,0.2600000000000051,0.2600000000000051,0.0
111,lp_demand_vickrey_fine,18.79,18.37,18.37,0.41999999999999815,0.41999999999999815,0.0
112,lp_demand_vickrey_fine,85.28999999999999,83.46,83.46,1.8299999999999983,1.8299999999999983,-1.3322676295501878e-15
113,lp_demand_vickrey_fine,37.2,37.2,37.2,0.0,0.0,0.0
114,lp_demand_vickrey_fine,75.14999999999999,73.64,73.64,1.509999999999991,1.509999999999991,8.881784197001252e-16
115,lp_demand_vickrey_fine,44.98,42.43,42.43,2.549999999999997,2.549999999999997,0.0
116,lp_demand_vickrey_fine,34.17999999999999,31.029999999999998,31.029999999999998,3.149999999999995,3.149999999999995,0.0
117,lp_demand_vickrey_fine,41.42,38.78,38.78,2.6400000000000006,2.6400000000000006,0.0
118,lp_demand_vickrey_fine,143.0,139.39,139.39,3.6100000000000136,3.6100000000000136,4.440892098500626e-16
119,lp_demand_vickrey_fine,45.03,40.8,40.8,4.230000000000004,4.230000000000004,0.0
120,lp_demand_vickrey_fine,120.52999999999999,117.71,117.71,2.819999999999993,2.819999999999993,4.440892098500626e-16
121,lp_demand_vickrey_fine,23.470000000000002,22.76,22.76,0.7100000000000009,0.7100000000000009,0.0
122,lp_demand_vickrey_fine,83.55000000000001,76.12,76.12,7.430000000000007,7.430000000000007,0.0
123,lp_demand_vickrey_fine,83.71000000000001,81.13000000000001,81.13000000000001,2.5799999999999983,2.5799999999999983,0.0
124,lp_demand_vickrey_fine,15.120000000000001,14.520000000000003,14.520000000000003,0.5999999999999979,0.5999999999999979,0.0
125,lp_demand_vickrey_fine,44.790000000000006,42.95,42.95,1.8400000000000034,1.8400000000000034,0.0
126,lp_demand_vickrey_fine,24.569999999999993,24.569999999999993,24.569999999999993,0.0,0.0,-3.552713678800501e-15
127,lp_demand_vickrey_fine,34.39000000000001,30.440000000000005,30.440000000000005,3.950000000000003,3.950000000000003,-3.552713678800501e-15
128,lp_demand_vickrey_fine,44.57,34.75,34.75,9.82,9.82,-1.7763568394002505e-15
129,lp_demand_vickrey_fine,117.73,115.59,115.59,2.1400000000000006,2.1400000000000006,-4.440892098500626e-16
130,lp_demand_vickrey_fine,120.82000000000002,111.33000000000001,111.33000000000001,9.490000000000009,9.490000000000009,0.0
131,lp_demand_vickrey_fine,48.92999999999999,48.42999999999999,48.42999999999999,0.5,0.5,0.0
132,lp_demand_vickrey_fine,43.59,43.59,43.59,0.0,0.0,0.0
133,lp_demand_vickrey_fine,78.86,76.67,76.67,2.1899999999999977,2.1899999999999977,-8.881784197001252e-16
134,lp_demand_vickrey_fine,74.74,68.81,68.81,5.929999999999993,5.929999999999993,-1.3322676295501878e-15
135,lp_demand_vickrey_fine,84.04,83.69,83.69,0.3500000000000085,0.3500000000000085,0.0
136,lp_demand_vickrey_fine,17.83,17.83,17.83,0.0,0.0,0.0
137,lp_demand_vickrey_fine,128.44,123.39,123.39,5.049999999999997,5.049999999999997,0.0
138,lp_demand_vickrey_fine,43.24,42.81,42.81,0.4299999999999997,0.4299999999999997,0.0
139,lp_demand_vickrey_fine,127.88000000000001,126.64000000000001,126.64000000000001,1.2399999999999949,1.2399999999999949,8.881784197001252e-16
140,lp_demand_vickrey_fine,76.13,76.13,76.13,0.0,0.0,8.881784197001252e-16
141,lp_demand_vickrey_fine,30.59,29.04,29.04,1.5500000000000007,1.5500000000000007,0.0
142,lp_demand_vickrey_fine,38.7,37.150000000000006,37.150000000000006,1.5499999999999972,1.5499999999999972,0.0
143,lp_demand_vickrey_fine,134.29999999999998,127.30999999999999,127.30999999999999,6.989999999999995,6.989999999999995,0.0
144,lp_demand_vickrey_fine,91.78,87.87,87.87,3.9099999999999966,3.9099999999999966,0.0
145,lp_demand_vickrey_fine,116.99,109.35,109.35,7.640000000000001,7.640000000000001,-4.440892098500626e-16
146,lp_demand_vickrey_fine,129.29999999999998,129.29999999999998,129.29999999999998,0.0,0.0,4.440892098500626e-16
147,lp_demand_vickrey_fine,89.38,80.32,80.32,9.060000000000002,9.060000000000002,4.440892098500626e-16
148,lp_demand_vickrey_fine,78.88000000000001,75.76,75.76,3.1200000000000045,3.1200000000000045,0.0
149,lp_demand_vickrey_fine,19.77,19.77,19.77,0.0,0.0,0.0
150,lp_demand_vickrey_fine,22.56,22.52,22.52,0.03999999999999915,0.03999999999999915,0.0
151,lp_demand_vickrey_fine,78.11999999999999,73.66,73.66,4.459999999999994,4.459999999999994,-1.3322676295501878e-15
152,lp_demand_vickrey_fine,130.88,125.85000000000001,125.85000000000001,5.029999999999987,5.029999999999987,4.440892098500626e-16
153,lp_demand_vickrey_fine,51.11000000000001,51.11000000000001,51.11000000000001,0.0,0.0,1.3322676295501878e-15
154,lp_demand_vickrey_fine,17.439999999999998,15.84,15.84,1.5999999999999979,1.5999999999999979,0.0
155,lp_demand_vickrey_fine,98.88,96.14,96.14,2.739999999999995,2.739999999999995,0.0
156,lp_demand_vickrey_fine,147.78,141.57,141.57,6.210000000000008,6.210000000000008,4.440892098500626e-16
157,lp_demand_vickrey_fine,33.72,30.58,30.58,3.1400000000000006,3.1400000000000006,0.0
158,lp_demand_vickrey_fine,90.38,90.03999999999999,90.03999999999999,0.3400000000000034,0.3400000000000034,4.440892098500626e-16
159,lp_demand_vickrey_fine,49.78,46.43000000000001,46.43000000000001,3.3499999999999943,3.3499999999999943,4.440892098500626e-16
160,lp_demand_vickrey_fine,147.56,140.26999999999998,140.26999999999998,7.2900000000000205,7.2900000000000205,0.0
161,lp_demand_vickrey_fine,38.17,38.17,38.17,0.0,0.0,0.0
162,lp_demand_vickrey_fine,73.25,68.0,68.0,5.25,5.25,-1.3322676295501878e-15
163,lp_demand_vickrey_fine,86.62,86.62,86.62,0.0,0.0,0.0
164,lp_demand_vickrey_fine,69.6,69.6,69.6,0.0,0.0,-1.3322676295501878e-15
165,lp_demand_vickrey_fine,46.84,43.27,43.27,3.5700000000000003,3.5700000000000003,0.0
166,lp_demand_vickrey_fine,43.82,41.33,41.33,2.490000000000002,2.490000000000002,0.0
167,lp_demand_vickrey_fine,74.46000000000001,74.46000000000001,74.46000000000001,0.0,0.0,-1.3322676295501878e-15
168,lp_demand_vickrey_fine,41.48,36.43,36.43,5.049999999999997,5.049999999999997,0.0
169,lp_demand_vickrey_fine,160.19,156.52,156.52,3.6699999999999875,3.6699999999999875,-4.440892098500626e-16
170,lp_demand_vickrey_fine,40.51,29.33,29.33,11.18,11.18,0.0
171,lp_demand_vickrey_fine,47.019999999999996,47.019999999999996,47.019999999999996,0.0,0.0,0.0
172,lp_demand_vickrey_fine,20.31,19.699999999999996,19.699999999999996,0.610000000000003,0.610000000000003,0.0
173,lp_demand_vickrey_fine,50.099999999999994,49.489999999999995,49.489999999999995,0.6099999999999994,0.6099999999999994,0.0
174,lp_demand_vickrey_fine,41.0,40.56999999999999,40.56999999999999,0.4300000000000068,0.4300000000000068,0.0
175,lp_demand_vickrey_fine,18.470000000000002,17.830000000000002,17.830000000000002,0.6400000000000006,0.6400000000000006,0.0
176,lp_demand_vickrey_fine,131.6,124.59,124.59,7.009999999999991,7.009999999999991,-8.881784197001252e-16
177,lp_demand_vickrey_fine,66.8,65.67,65.67,1.1299999999999955,1.1299999999999955,0.0
178,lp_demand_vickrey_fine,15.719999999999999,15.719999999999999,15.719999999999999,0.0,0.0,0.0
179,lp_demand_vickrey_fine,125.70000000000002,123.32000000000001,123.32000000000001,2.3800000000000097,2.3800000000000097,-4.440892098500626e-16
180,lp_demand_vickrey_fine,81.02000000000001,80.47,80.47,0.5500000000000114,0.5500000000000114,-8.881784197001252e-16
181,lp_demand_vickrey_fine,14.370000000000001,13.48,13.48,0.8900000000000006,0.8900000000000006,0.0
182,lp_demand_vickrey_fine,16.419999999999998,14.149999999999999,14.149999999999999,2.2699999999999996,2.2699999999999996,0.0
183,lp_demand_vickrey_fine,79.30000000000001,79.30000000000001,79.30000000000001,0.0,0.0,0.0
184,lp_demand_vickrey_fine,129.23999999999998,121.91,121.91,7.329999999999984,7.329999999999984,8.881784197001252e-16
185,lp_demand_vickrey_fine,18.38,15.029999999999998,15.029999999999998,3.3500000000000014,3.3500000000000014,0.0
186,lp_demand_vickrey_fine,88.85999999999999,84.74,84.74,4.11999999999999,4.11999999999999,8.881784197001252e-16
187,lp_demand_vickrey_fine,112.07,100.78999999999999,100.78999999999999,11.280000000000001,11.280000000000001,0.0
188,lp_demand_vickrey_fine,109.22999999999999,109.22999999999999,109.22999999999999,0.0,0.0,0.0
189,lp_demand_vickrey_fine,108.88000000000001,100.89000000000001,100.89000000000001,7.989999999999995,7.989999999999995,0.0
190,lp_demand_vickrey_fine,16.02,14.45,14.45,1.5700000000000003,1.5700000000000003,0.0
191,lp_demand_vickrey_fine,70.98,70.57000000000001,70.57000000000001,0.4099999999999966,0.4099999999999966,0.0
192,lp_demand_vickrey_fine,34.66,31.72,31.72,2.9399999999999977,2.9399999999999977,0.0
193,lp_demand_vickrey_fine,71.35,68.6,68.6,2.75,2.75,-1.3322676295501878e-15
194,lp_demand_vickrey_fine,37.290000000000006,28.540000000000003,28.540000000000003,8.750000000000004,8.750000000000004,0.0
195,lp_demand_vickrey_fine,65.1,63.21,63.21,1.8899999999999935,1.8899999999999935,0.0
196,lp_demand_vickrey_fine,37.89,37.89,37.89,0.0,0.0,0.0
197,lp_demand_vickrey_fine,44.379999999999995,42.67,42.67,1.7099999999999937,1.7099999999999937,4.440892098500626e-16
198,lp_demand_vickrey_fine,37.96,31.260000000000005,31.260000000000005,6.699999999999996,6.699999999999996,0.0
199,lp_demand_vickrey_fine,64.72,63.050000000000004,63.050000000000004,1.6699999999999946,1.6699999999999946,0.0
200,lp_demand_vickrey_fine,43.120000000000005,34.480000000000004,34.480000000000004,8.64,8.64,-5.329070518200751e-15
201,lp_demand_vickrey_fine,89.47,87.38000000000001,87.38000000000001,2.089999999999989,2.089999999999989,0.0
202,lp_demand_vickrey_fine,16.88,16.09,16.09,0.7899999999999991,0.7899999999999991,0.0
203,lp_demand_vickrey_fine,99.8,96.56,96.56,3.239999999999995,3.239999999999995,0.0
204,lp_demand_vickrey_fine,36.940000000000005,36.940000000000005,36.940000000000005,0.0,0.0,0.0
205,lp_demand_vickrey_fine,26.46,24.970000000000002,24.970000000000002,1.4899999999999984,1.4899999999999984,4.440892098500626e-16
206,lp_demand_vickrey_fine,136.95000000000002,130.18,130.18,6.77000000000001,6.77000000000001,8.881784197001252e-16
207,lp_demand_vickrey_fine,105.95,104.75,104.75,1.2000000000000028,1.2000000000000028,0.0
208,lp_demand_vickrey_fine,137.86,136.56,136.56,1.3000000000000114,1.3000000000000114,-4.440892098500626e-16
209,lp_demand_vickrey_fine,110.97,110.97,110.97,0.0,0.0,0.0
210,lp_demand_vickrey_fine,82.39000000000001,79.58000000000001,79.58000000000001,2.8100000000000023,2.8100000000000023,8.881784197001252e-16
211,lp_demand_vickrey_fine,124.2,121.09,121.09,3.1099999999999994,3.1099999999999994,4.440892098500626e-16
212,lp_demand_vickrey_fine,143.76999999999998,140.72,140.72,3.049999999999983,3.049999999999983,8.881784197001252e-16
213,lp_demand_vickrey_fine,126.43,125.2,125.2,1.230000000000004,1.230000000000004,4.440892098500626e-16
214,lp_demand_vickrey_fine,107.96000000000001,99.72,99.72,8.240000000000009,8.240000000000009,-8.881784197001252e-16
215,lp_demand_vickrey_fine,135.0,135.0,135.0,0.0,0.0,0.0
216,lp_demand_vickrey_fine,83.16,76.75999999999999,76.75999999999999,6.400000000000006,6.400000000000006,-8.881784197001252e-16
217,lp_demand_vickrey_fine,136.23000000000002,133.47000000000003,133.47000000000003,2.759999999999991,2.759999999999991,4.440892098500626e-16
218,lp_demand_vickrey_fine,73.85000000000001,70.22,70.22,3.6300000000000097,3.6300000000000097,0.0
219,lp_demand_vickrey_fine,48.099999999999994,47.839999999999996,47.839999999999996,0.259999999999998,0.259999999999998,0.0
220,lp_demand_vickrey_fine,117.6,114.69,114.69,2.9099999999999966,2.9099999999999966,-4.440892098500626e-16
221,lp_demand_vickrey_fine,89.07000000000001,88.80000000000001,88.80000000000001,0.269999999999996,0.269999999999996,0.0
222,lp_demand_vickrey_fine,132.47,132.47,132.47,0.0,0.0,0.0
223,lp_demand_vickrey_fine,119.54,114.97,114.97,4.570000000000007,4.570000000000007,0.0
224,lp_demand_vickrey_fine,117.60000000000001,111.12,111.12,6.480000000000004,6.480000000000004,-4.440892098500626e-16
225,lp_demand_vickrey_fine,45.15,45.15,45.15,0.0,0.0,0.0
226,lp_demand_vickrey_fine,112.26,108.21000000000001,108.21000000000001,4.049999999999997,4.049999999999997,8.881784197001252e-16
227,lp_demand_vickrey_fine,134.34,132.92,132.92,1.420000000000016,1.420000000000016,8.881784197001252e-16
228,lp_demand_vickrey_fine,43.230000000000004,41.39,41.39,1.8400000000000034,1.8400000000000034,0.0
229,lp_demand_vickrey_fine,29.789999999999992,29.789999999999992,29.789999999999992,0.0,0.0,-1.7763568394002505e-15
230,lp_demand_vickrey_fine,16.62,16.62,16.62,0.0,0.0,0.0
231,lp_demand_vickrey_fine,29.849999999999994,26.299999999999997,26.299999999999997,3.549999999999997,3.549999999999997,0.0
232,lp_demand_vickrey_fine,33.32000000000001,31.690000000000005,31.690000000000005,1.6300000000000026,1.6300000000000026,0.0
233,lp_demand_vickrey_fine,21.76,20.75,20.75,1.0100000000000016,1.0100000000000016,0.0
234,lp_demand_vickrey_fine,115.66,114.96000000000001,114.96000000000001,0.6999999999999886,0.6999999999999886,1.7763568394002505e-15
235,lp_demand_vickrey_fine,81.93,79.34,79.34,2.5900000000000034,2.5900000000000034,8.881784197001252e-16
236,lp_demand_vickrey_fine,122.69,115.78,115.78,6.909999999999997,6.909999999999997,4.440892098500626e-16
237,lp_demand_vickrey_fine,32.55,32.55,32.55,0.0,0.0,0.0
238,lp_demand_vickrey_fine,124.04,121.93,121.93,2.1099999999999994,2.1099999999999994,0.0
239,lp_demand_vickrey_fine,62.0,62.0,62.0,0.0,0.0,-8.881784197001252e-16
240,lp_demand_vickrey_fine,80.80000000000001,76.01,76.01,4.790000000000006,4.790000000000006,0.0
241,lp_demand_vickrey_fine,32.620000000000005,30.200000000000003,30.200000000000003,2.4200000000000017,2.4200000000000017,1.7763568394002505e-15
242,lp_demand_vickrey_fine,46.95,41.17,41.17,5.780000000000001,5.780000000000001,0.0
243,lp_demand_vickrey_fine,78.99,69.3,69.3,9.689999999999998,9.689999999999998,-8.881784197001252e-16
244,lp_demand_vickrey_fine,86.94,80.76,80.76,6.179999999999993,6.179999999999993,0.0
245,lp_demand_vickrey_fine,39.16,33.019999999999996,33.019999999999996,6.140000000000001,6.140000000000001,0.0
246,lp_demand_vickrey_fine,33.78,33.78,33.78,0.0,0.0,3.552713678800501e-15
247,lp_demand_vickrey_fine,70.89,70.89,70.89,0.0,0.0,-1.3322676295501878e-15
248,lp_demand_vickrey_fine,89.4,84.51,84.51,4.890000000000001,4.890000000000001,4.440892098500626e-16
249,lp_demand_vickrey_fine,17.6,17.05,17.05,0.5500000000000007,0.5500000000000007,0.0
250,lp_demand_vickrey_fine,20.27,20.09,20.09,0.17999999999999972,0.17999999999999972,0.0
251,lp_demand_vickrey_fine,39.480000000000004,39.480000000000004,39.480000000000004,0.0,0.0,0.0
252,lp_demand_vickrey_fine,110.25,107.22,107.22,3.030000000000001,3.030000000000001,0.0
253,lp_demand_vickrey_fine,69.00999999999999,63.139999999999986,63.139999999999986,5.8700000000000045,5.8700000000000045,0.0
254,lp_demand_vickrey_fine,45.54,45.54,45.54,0.0,0.0,0.0
255,lp_demand_vickrey_fine,126.52000000000001,124.96000000000001,124.96000000000001,1.5600000000000023,1.5600000000000023,4.440892098500626e-16
256,lp_demand_vickrey_fine,92.75999999999999,89.02,89.02,3.739999999999995,3.739999999999995,0.0
257,lp_demand_vickrey_fine,29.42,28.790000000000003,28.790000000000003,0.629999999999999,0.629999999999999,0.0
258,lp_demand_vickrey_fine,36.56,19.68,19.68,16.880000000000003,16.880000000000003,-1.7763568394002505e-15
259,lp_demand_vickrey_fine,113.05000000000001,112.37,112.37,0.6800000000000068,0.6800000000000068,0.0
260,lp_demand_vickrey_fine,43.6,42.220000000000006,42.220000000000006,1.3799999999999955,1.3799999999999955,4.440892098500626e-16
261,lp_demand_vickrey_fine,127.34,116.54,116.54,10.799999999999997,10.799999999999997,8.881784197001252e-16
262,lp_demand_vickrey_fine,15.349999999999998,13.669999999999998,13.669999999999998,1.6799999999999997,1.6799999999999997,0.0
263,lp_demand_vickrey_fine,72.26,72.26,72.26,0.0,0.0,0.0
264,lp_demand_vickrey_fine,61.86,61.73,61.73,0.13000000000000256,0.13000000000000256,0.0
265,lp_demand_vickrey_fine,44.61,44.61,44.61,0.0,0.0,0.0
266,lp_demand_vickrey_fine,42.879999999999995,38.96,38.96,3.9199999999999946,3.9199999999999946,0.0
267,lp_demand_vickrey_fine,45.09,45.09,45.09,0.0,0.0,0.0
268,lp_demand_vickrey_fine,120.8,118.17999999999999,118.17999999999999,2.6200000000000045,2.6200000000000045,0.0
269,lp_demand_vickrey_fine,18.759999999999998,18.759999999999998,18.759999999999998,0.0,0.0,0.0
270,lp_demand_vickrey_fine,37.2,32.22,32.22,4.980000000000004,4.980000000000004,0.0
271,lp_demand_vickrey_fine,39.93,38.230000000000004,38.230000000000004,1.6999999999999957,1.6999999999999957,0.0
272,lp_demand_vickrey_fine,43.57,38.35,38.35,5.219999999999999,5.219999999999999,0.0
273,lp_demand_vickrey_fine,51.89,47.62,47.62,4.270000000000003,4.270000000000003,0.0
274,lp_demand_vickrey_fine,18.19,17.8,17.8,0.39000000000000057,0.39000000000000057,0.0
275,lp_demand_vickrey_fine,123.89,115.28,115.28,8.61,8.61,0.0
276,lp_demand_vickrey_fine,97.23,94.95,94.95,2.280000000000001,2.280000000000001,0.0
277,lp_demand_vickrey_fine,128.51999999999998,128.51999999999998,128.51999999999998,0.0,0.0,4.440892098500626e-16
278,lp_demand_vickrey_fine,107.32000000000001,107.32000000000001,107.32000000000001,0.0,0.0,8.881784197001252e-16
279,lp_demand_vickrey_fine,81.5,81.5,81.5,0.0,0.0,0.0
280,lp_demand_vickrey_fine,20.560000000000002,20.060000000000002,20.060000000000002,0.5,0.5,0.0
281,lp_demand_vickrey_fine,27.86,21.189999999999998,21.189999999999998,6.670000000000002,6.670000000000002,4.440892098500626e-16
282,lp_demand_vickrey_fine,38.35,37.940000000000005,37.940000000000005,0.4099999999999966,0.4099999999999966,0.0
283,lp_demand_vickrey_fine,40.42,40.42,40.42,0.0,0.0,0.0
284,lp_demand_vickrey_fine,15.88,12.8,12.8,3.08,3.08,0.0
285,lp_demand_vickrey_fine,66.69,62.76,62.76,3.9299999999999997,3.9299999999999997,0.0
286,lp_demand_vickrey_fine,86.96,84.7,84.7,2.259999999999991,2.259999999999991,0.0
287,lp_demand_vickrey_fine,73.72999999999999,66.12,66.12,7.609999999999985,7.609999999999985,-8.881784197001252e-16
288,lp_demand_vickrey_fine,49.53,45.67,45.67,3.8599999999999994,3.8599999999999994,4.440892098500626e-16
289,lp_demand_vickrey_fine,72.58,68.16999999999999,68.16999999999999,4.410000000000011,4.410000000000011,-1.3322676295501878e-15
290,lp_demand_vickrey_fine,23.6,22.57,22.57,1.0300000000000011,1.0300000000000011,0.0
291,lp_demand_vickrey_fine,20.71,20.430000000000003,20.430000000000003,0.2799999999999976,0.2799999999999976,0.0
292,lp_demand_vickrey_fine,77.58,65.11,65.11,12.469999999999999,12.469999999999999,-8.881784197001252e-16
293,lp_demand_vickrey_fine,17.68,17.330000000000005,17.330000000000005,0.3499999999999943,0.3499999999999943,0.0
294,lp_demand_vickrey_fine,74.22,72.02,72.02,2.200000000000003,2.200000000000003,-1.3322676295501878e-15
295,lp_demand_vickrey_fine,130.82999999999998,130.82999999999998,130.82999999999998,0.0,0.0,4.440892098500626e-16
296,lp_demand_vickrey_fine,42.22,39.11,39.11,3.1099999999999994,3.1099999999999994,0.0
297,lp_demand_vickrey_fine,44.86,40.190000000000005,40.190000000000005,4.669999999999995,4.669999999999995,0.0
298,lp_demand_vickrey_fine,34.58,34.150000000000006,34.150000000000006,0.4299999999999926,0.4299999999999926,0.0
299,lp_demand_vickrey_fine,80.35000000000001,79.65,79.65,0.7000000000000028,0.7000000000000028,0.0
300,lp_demand_vickrey_fine,78.99,78.99,78.99,0.0,0.0,0.0
301,lp_demand_vickrey_fine,32.040000000000006,31.150000000000002,31.150000000000002,0.8900000000000041,0.8900000000000041,0.0
302,lp_demand_vickrey_fine,42.76,42.199999999999996,42.199999999999996,0.5600000000000023,0.5600000000000023,0.0
303,lp_demand_vickrey_fine,126.03000000000002,126.03000000000002,126.03000000000002,0.0,0.0,4.440892098500626e-16
304,lp_demand_vickrey_fine,44.67999999999999,44.67999999999999,44.67999999999999,0.0,0.0,0.0
305,lp_demand_vickrey_fine,84.92,83.72,83.72,1.2000000000000028,1.2000000000000028,-8.881784197001252e-16
306,lp_demand_vickrey_fine,38.11000000000001,25.110000000000007,25.110000000000007,13.0,13.0,-1.7763568394002505e-15
307,lp_demand_vickrey_fine,76.07000000000001,72.3,72.3,3.7700000000000102,3.7700000000000102,0.0
308,lp_demand_vickrey_fine,70.91999999999999,70.91999999999999,70.91999999999999,0.0,0.0,-1.3322676295501878e-15
309,lp_demand_vickrey_fine,45.81,44.12,44.12,1.6900000000000048,1.6900000000000048,0.0
310,lp_demand_vickrey_fine,16.67,16.04,16.04,0.6300000000000026,0.6300000000000026,0.0
311,lp_demand_vickrey_fine,17.44,17.4,17.4,0.0400000000000027,0.0400000000000027,0.0
312,lp_demand_vickrey_fine,83.83999999999999,81.75999999999999,81.75999999999999,2.0799999999999983,2.0799999999999983,0.0
313,lp_demand_vickrey_fine,46.99,46.09,46.09,0.8999999999999986,0.8999999999999986,1.3322676295501878e-15
314,lp_demand_vickrey_fine,103.61,103.61,103.61,0.0,0.0,0.0
315,lp_demand_vickrey_fine,84.07,81.50999999999999,81.50999999999999,2.5600000000000023,2.5600000000000023,0.0
316,lp_demand_vickrey_fine,54.33,50.13,50.13,4.199999999999996,4.199999999999996,4.440892098500626e-16
317,lp_demand_vickrey_fine,57.63,57.63,57.63,0.0,0.0,-1.7763568394002505e-15
318,lp_demand_vickrey_fine,40.26,35.15,35.15,5.109999999999999,5.109999999999999,0.0
319,lp_demand_vickrey_fine,52.379999999999995,52.379999999999995,52.379999999999995,0.0,0.0,0.0
320,lp_demand_vickrey_fine,115.05,109.35,109.35,5.700000000000003,5.700000000000003,8.881784197001252e-16
321,lp_demand_vickrey_fine,19.46,19.21,19.21,0.25,0.25,0.0
322,lp_demand_vickrey_fine,114.78,112.36,112.36,2.4200000000000017,2.4200000000000017,-4.440892098500626e-16
323,lp_demand_vickrey_fine,22.020000000000003,20.0,20.0,2.020000000000003,2.020000000000003,0.0
324,lp_demand_vickrey_fine,114.7,112.69,112.69,2.010000000000005,2.010000000000005,8.881784197001252e-16
325,lp_demand_vickrey_fine,47.11,46.35,46.35,0.759999999999998,0.759999999999998,0.0
326,lp_demand_vickrey_fine,136.67999999999998,135.54,135.54,1.1399999999999864,1.1399999999999864,4.440892098500626e-16
327,lp_demand_vickrey_fine,117.20999999999998,112.57999999999998,112.57999999999998,4.6299999999999955,4.6299999999999955,8.881784197001252e-16
328,lp_demand_vickrey_fine,20.44,20.44,20.44,0.0,0.0,0.0
329,lp_demand_vickrey_fine,34.1,31.39,31.39,2.710000000000001,2.710000000000001,0.0
330,lp_demand_vickrey_fine,45.9,45.9,45.9,0.0,0.0,0.0
331,lp_demand_vickrey_fine,125.08000000000001,125.08000000000001,125.08000000000001,0.0,0.0,0.0
332,lp_demand_vickrey_fine,37.28,37.28,37.28,0.0,0.0,0.0
333,lp_demand_vickrey_fine,43.07,41.57,41.57,1.5,1.5,0.0
334,lp_demand_vickrey_fine,20.41,20.229999999999997,20.229999999999997,0.18000000000000327,0.18000000000000327,0.0
335,lp_demand_vickrey_fine,47.17,45.15,45.15,2.020000000000003,2.020000000000003,0.0
336,lp_demand_vickrey_fine,44.96,37.379999999999995,37.379999999999995,7.580000000000005,7.580000000000005,0.0
337,lp_demand_vickrey_fine,36.16,32.03,32.03,4.1299999999999955,4.1299999999999955,0.0
338,lp_demand_vickrey_fine,70.63,67.24,67.24,3.3900000000000006,3.3900000000000006,0.0
339,lp_demand_vickrey_fine,14.759999999999998,14.759999999999998,14.759999999999998,0.0,0.0,0.0
340,lp_demand_vickrey_fine,77.54,75.79,75.79,1.75,1.75,0.0
341,lp_demand_vickrey_fine,124.36000000000001,119.89,119.89,4.470000000000013,4.470000000000013,4.440892098500626e-16
342,lp_demand_vickrey_fine,19.810000000000002,18.490000000000002,18.490000000000002,1.3200000000000003,1.3200000000000003,0.0
343,lp_demand_vickrey_fine,31.589999999999996,31.589999999999996,31.589999999999996,0.0,0.0,4.440892098500626e-16
344,lp_demand_vickrey_fine,131.44,126.01,126.01,5.429999999999993,5.429999999999993,-4.440892098500626e-16
345,lp_demand_vickrey_fine,131.18,128.39000000000001,128.39000000000001,2.789999999999992,2.789999999999992,4.440892098500626e-16
346,lp_demand_vickrey_fine,47.599999999999994,44.099999999999994,44.099999999999994,3.5,3.5,4.440892098500626e-16
347,lp_demand_vickrey_fine,122.85999999999999,119.42999999999999,119.42999999999999,3.4299999999999926,3.4299999999999926,0.0
348,lp_demand_vickrey_fine,81.76,72.15,72.15,9.61,9.61,0.0
349,lp_demand_vickrey_fine,41.91,36.37,36.37,5.539999999999999,5.539999999999999,0.0
350,lp_demand_vickrey_fine,53.55,48.55,48.55,5.0,5.0,0.0
351,lp_demand_vickrey_fine,17.71,17.71,17.71,0.0,0.0,0.0
352,lp_demand_vickrey_fine,34.76,34.76,34.76,0.0,0.0,-1.7763568394002505e-15
353,lp_demand_vickrey_fine,37.50000000000001,13.990000000000009,13.990000000000009,23.509999999999998,23.509999999999998,0.0
354,lp_demand_vickrey_fine,40.42,17.39,17.39,23.03,23.03,-1.7763568394002505e-15
355,lp_demand_vickrey_fine,20.689999999999998,20.349999999999998,20.349999999999998,0.33999999999999986,0.33999999999999986,0.0
356,lp_demand_vickrey_fine,122.42,118.9,118.9,3.519999999999996,3.519999999999996,8.881784197001252e-16
357,lp_demand_vickrey_fine,69.25,68.81,68.81,0.4399999999999977,0.4399999999999977,0.0
358,lp_demand_vickrey_fine,60.330000000000005,60.330000000000005,60.330000000000005,0.0,0.0,0.0
359,lp_demand_vickrey_fine,122.5,113.99000000000001,113.99000000000001,8.509999999999991,8.509999999999991,8.881784197001252e-16
360,lp_demand_vickrey_fine,69.14999999999999,68.86999999999999,68.86999999999999,0.28000000000000114,0.28000000000000114,0.0
361,lp_demand_vickrey_fine,107.26,100.67,100.67,6.590000000000003,6.590000000000003,-4.440892098500626e-16
362,lp_demand_vickrey_fine,44.660000000000004,39.83,39.83,4.830000000000005,4.830000000000005,0.0
363,lp_demand_vickrey_fine,34.0,31.23,31.23,2.7699999999999996,2.7699999999999996,0.0
364,lp_demand_vickrey_fine,41.559999999999995,41.559999999999995,41.559999999999995,0.0,0.0,0.0
365,lp_demand_vickrey_fine,116.29,112.77000000000001,112.77000000000001,3.519999999999996,3.519999999999996,4.440892098500626e-16
366,lp_demand_vickrey_fine,48.42,48.42,48.42,0.0,0.0,0.0
367,lp_demand_vickrey_fine,81.10000000000001,80.37,80.37,0.730000000000004,0.730000000000004,0.0
368,lp_demand_vickrey_fine,17.12,13.670000000000002,13.670000000000002,3.4499999999999993,3.4499999999999993,0.0
369,lp_demand_vickrey_fine,20.28,18.54,18.54,1.740000000000002,1.740000000000002,0.0
370,lp_demand_vickrey_fine,24.939999999999998,20.42,20.42,4.519999999999996,4.519999999999996,-1.7763568394002505e-15
371,lp_demand_vickrey_fine,46.790000000000006,45.74,45.74,1.0500000000000043,1.0500000000000043,0.0
372,lp_demand_vickrey_fine,44.15,44.15,44.15,0.0,0.0,0.0
373,lp_demand_vickrey_fine,85.97,83.63,83.63,2.3400000000000034,2.3400000000000034,0.0
374,lp_demand_vickrey_fine,37.089999999999996,37.089999999999996,37.089999999999996,0.0,0.0,0.0
375,lp_demand_vickrey_fine,128.42000000000002,123.45,123.45,4.970000000000013,4.970000000000013,8.881784197001252e-16
376,lp_demand_vickrey_fine,125.26000000000002,121.54000000000002,121.54000000000002,3.719999999999999,3.719999999999999,4.440892098500626e-16
377,lp_demand_vickrey_fine,17.409999999999997,17.409999999999997,17.409999999999997,0.0,0.0,0.0
378,lp_demand_vickrey_fine,44.06999999999999,44.06999999999999,44.06999999999999,0.0,0.0,0.0
379,lp_demand_vickrey_fine,52.64000000000001,52.64000000000001,52.64000000000001,0.0,0.0,0.0
380,lp_demand_vickrey_fine,14.529999999999998,12.739999999999998,12.739999999999998,1.7899999999999991,1.7899999999999991,0.0
381,lp_demand_vickrey_fine,128.33,125.72,125.72,2.6100000000000136,2.6100000000000136,0.0
382,lp_demand_vickrey_fine,19.27,18.07,18.07,1.1999999999999993,1.1999999999999993,0.0
383,lp_demand_vickrey_fine,25.35,24.91,24.91,0.4400000000000013,0.4400000000000013,4.440892098500626e-16
384,lp_demand_vickrey_fine,30.58,30.58,30.58,0.0,0.0,0.0
385,lp_demand_vickrey_fine,37.879999999999995,37.879999999999995,37.879999999999995,0.0,0.0,0.0
386,lp_demand_vickrey_fine,79.36,76.92,76.92,2.4399999999999977,2.4399999999999977,0.0
387,lp_demand_vickrey_fine,134.18,130.24,130.24,3.9399999999999977,3.9399999999999977,0.0
388,lp_demand_vickrey_fine,123.99999999999999,118.6,118.6,5.3999999999999915,5.3999999999999915,0.0
389,lp_demand_vickrey_fine,125.83999999999999,117.47999999999999,117.47999999999999,8.36,8.36,0.0
390,lp_demand_vickrey_fine,35.900000000000006,35.900000000000006,35.900000000000006,0.0,0.0,0.0
391,lp_demand_vickrey_fine,28.689999999999998,22.049999999999997,22.049999999999997,6.640000000000001,6.640000000000001,4.440892098500626e-16
392,lp_demand_vickrey_fine,82.76,82.76,82.76,0.0,0.0,8.881784197001252e-16
393,lp_demand_vickrey_fine,15.49,14.030000000000001,14.030000000000001,1.459999999999999,1.459999999999999,0.0
394,lp_demand_vickrey_fine,62.14000000000001,58.85000000000001,58.85000000000001,3.289999999999999,3.289999999999999,-1.3322676295501878e-15
395,lp_demand_vickrey_fine,77.28999999999999,72.52,72.52,4.769999999999996,4.769999999999996,0.0
396,lp_demand_vickrey_fine,21.5,21.330000000000002,21.330000000000002,0.16999999999999815,0.16999999999999815,0.0
397,lp_demand_vickrey_fine,39.19,39.19,39.19,0.0,0.0,0.0
398,lp_demand_vickrey_fine,21.34,19.62,19.62,1.7199999999999989,1.7199999999999989,0.0
399,lp_demand_vickrey_fine,13.779999999999998,13.779999999999998,13.779999999999998,0.0,0.0,0.0
400,lp_demand_vickrey_fine,54.800000000000004,54.800000000000004,54.800000000000004,0.0,0.0,0.0
401,lp_demand_vickrey_fine,37.050000000000004,32.42,32.42,4.630000000000003,4.630000000000003,0.0
402,lp_demand_vickrey_fine,17.78,16.29,16.29,1.490000000000002,1.490000000000002,0.0
403,lp_demand_vickrey_fine,42.75,42.75,42.75,0.0,0.0,0.0
404,lp_demand_vickrey_fine,118.41000000000001,113.34,113.34,5.070000000000007,5.070000000000007,-4.440892098500626e-16
405,lp_demand_vickrey_fine,20.84,18.14,18.14,2.6999999999999993,2.6999999999999993,0.0
406,lp_demand_vickrey_fine,81.58,81.31,81.31,0.269999999999996,0.269999999999996,0.0
407,lp_demand_vickrey_fine,84.94,82.42,82.42,2.519999999999996,2.519999999999996,0.0
408,lp_demand_vickrey_fine,73.25999999999999,71.77,71.77,1.4899999999999949,1.4899999999999949,0.0
409,lp_demand_vickrey_fine,129.74,129.74,129.74,0.0,0.0,4.440892098500626e-16
410,lp_demand_vickrey_fine,79.42999999999999,79.42999999999999,79.42999999999999,0.0,0.0,8.881784197001252e-16
411,lp_demand_vickrey_fine,18.180000000000003,18.180000000000003,18.180000000000003,0.0,0.0,0.0
412,lp_demand_vickrey_fine,88.72,86.72,86.72,2.0,2.0,0.0
413,lp_demand_vickrey_fine,28.1,14.340000000000003,14.340000000000003,13.759999999999998,13.759999999999998,-3.552713678800501e-15
414,lp_demand_vickrey_fine,45.64,42.67,42.67,2.969999999999999,2.969999999999999,0.0
415,lp_demand_vickrey_fine,69.25,64.99,64.99,4.260000000000005,4.260000000000005,0.0
416,lp_demand_vickrey_fine,136.76,136.76,136.76,0.0,0.0,0.0
417,lp_demand_vickrey_fine,42.260000000000005,33.86000000000001,33.86000000000001,8.399999999999999,8.399999999999999,0.0
418,lp_demand_vickrey_fine,30.620000000000005,24.090000000000003,24.090000000000003,6.530000000000001,6.530000000000001,0.0
419,lp_demand_vickrey_fine,133.21999999999997,133.21999999999997,133.21999999999997,0.0,0.0,4.440892098500626e-16
420,lp_demand_vickrey_fine,129.22,129.2,129.2,0.020000000000010232,0.020000000000010232,0.0
421,lp_demand_vickrey_fine,34.01,29.409999999999997,29.409999999999997,4.600000000000001,4.600000000000001,0.0
422,lp_demand_vickrey_fine,17.919999999999998,16.15,16.15,1.7699999999999996,1.7699999999999996,0.0
423,lp_demand_vickrey_fine,51.07,51.05,51.05,0.020000000000003126,0.020000000000003126,0.0
424,lp_demand_vickrey_fine,104.21,100.33,100.33,3.8799999999999955,3.8799999999999955,0.0
425,lp_demand_vickrey_fine,71.31,66.73,66.73,4.579999999999998,4.579999999999998,-1.3322676295501878e-15
426,lp_demand_vickrey_fine,70.45,67.66000000000001,67.66000000000001,2.789999999999992,2.789999999999992,0.0
427,lp_demand_vickrey_fine,17.18,15.11,15.11,2.0700000000000003,2.0700000000000003,0.0
428,lp_demand_vickrey_fine,39.230000000000004,33.59,33.59,5.640000000000001,5.640000000000001,0.0
429,lp_demand_vickrey_fine,38.620000000000005,38.120000000000005,38.120000000000005,0.5,0.5,0.0
430,lp_demand_vickrey_fine,72.08,68.25999999999999,68.25999999999999,3.8200000000000074,3.8200000000000074,0.0
431,lp_demand_vickrey_fine,16.27,15.129999999999999,15.129999999999999,1.1400000000000006,1.1400000000000006,0.0
432,lp_demand_vickrey_fine,81.69999999999999,71.17999999999999,71.17999999999999,10.519999999999996,10.519999999999996,-8.881784197001252e-16
433,lp_demand_vickrey_fine,110.22,100.14999999999999,100.14999999999999,10.070000000000007,10.070000000000007,-8.881784197001252e-16
434,lp_demand_vickrey_fine,17.31,16.04,16.04,1.2699999999999996,1.2699999999999996,0.0
435,lp_demand_vickrey_fine,79.46000000000001,76.47000000000001,76.47000000000001,2.989999999999995,2.989999999999995,0.0
436,lp_demand_vickrey_fine,48.87,47.53,47.53,1.3399999999999963,1.3399999999999963,0.0
437,lp_demand_vickrey_fine,48.879999999999995,48.879999999999995,48.879999999999995,0.0,0.0,0.0
438,lp_demand_vickrey_fine,107.62,101.28,101.28,6.340000000000003,6.340000000000003,-8.881784197001252e-16
439,lp_demand_vickrey_fine,129.35,128.47,128.47,0.8799999999999955,0.8799999999999955,0.0
440,lp_demand_vickrey_fine,53.78000000000001,53.78000000000001,53.78000000000001,0.0,0.0,8.881784197001252e-16
441,lp_demand_vickrey_fine,141.37,138.67000000000002,138.67000000000002,2.6999999999999886,2.6999999999999886,0.0
442,lp_demand_vickrey_fine,30.47,30.47,30.47,0.0,0.0,-1.7763568394002505e-15
443,lp_demand_vickrey_fine,67.09,67.09,67.09,0.0,0.0,0.0
444,lp_demand_vickrey_fine,75.99,75.99,75.99,0.0,0.0,-1.3322676295501878e-15
445,lp_demand_vickrey_fine,108.34,108.34,108.34,0.0,0.0,-8.881784197001252e-16
446,lp_demand_vickrey_fine,16.8,16.8,16.8,0.0,0.0,0.0
447,lp_demand_vickrey_fine,19.6,19.26,19.26,0.33999999999999986,0.33999999999999986,0.0
448,lp_demand_vickrey_fine,123.30000000000001,119.19000000000001,119.19000000000001,4.109999999999999,4.109999999999999,8.881784197001252e-16
449,lp_demand_vickrey_fine,49.739999999999995,47.12,47.12,2.6199999999999974,2.6199999999999974,0.0
450,lp_demand_vickrey_fine,101.89000000000001,101.89000000000001,101.89000000000001,0.0,0.0,0.0
451,lp_demand_vickrey_fine,76.91,72.16,72.16,4.75,4.75,-8.881784197001252e-16
452,lp_demand_vickrey_fine,117.54000000000002,112.21000000000001,112.21000000000001,5.3300000000000125,5.3300000000000125,0.0
453,lp_demand_vickrey_fine,22.119999999999997,19.56,19.56,2.5599999999999987,2.5599999999999987,0.0
454,lp_demand_vickrey_fine,154.72,153.37,153.37,1.3499999999999943,1.3499999999999943,8.881784197001252e-16
455,lp_demand_vickrey_fine,74.87,73.72999999999999,73.72999999999999,1.1400000000000148,1.1400000000000148,8.881784197001252e-16
456,lp_demand_vickrey_fine,46.48,46.17,46.17,0.30999999999999517,0.30999999999999517,0.0
457,lp_demand_vickrey_fine,134.19,133.75,133.75,0.4399999999999977,0.4399999999999977,0.0
458,lp_demand_vickrey_fine,121.84999999999998,121.84999999999998,121.84999999999998,0.0,0.0,0.0
459,lp_demand_vickrey_fine,79.74000000000001,76.82,76.82,2.920000000000016,2.920000000000016,-1.3322676295501878e-15
460,lp_demand_vickrey_fine,34.22,10.469999999999999,10.469999999999999,23.75,23.75,-1.7763568394002505e-15
461,lp_demand_vickrey_fine,48.81,46.04,46.04,2.770000000000003,2.770000000000003,0.0
462,lp_demand_vickrey_fine,20.909999999999997,19.15,19.15,1.759999999999998,1.759999999999998,0.0
463,lp_demand_vickrey_fine,43.9,38.41,38.41,5.490000000000002,5.490000000000002,0.0
464,lp_demand_vickrey_fine,21.810000000000002,21.12,21.12,0.6900000000000013,0.6900000000000013,0.0
465,lp_demand_vickrey_fine,65.65,65.65,65.65,0.0,0.0,0.0
466,lp_demand_vickrey_fine,37.16,34.58,34.58,2.5799999999999983,2.5799999999999983,0.0
467,lp_demand_vickrey_fine,32.83,32.83,32.83,0.0,0.0,0.0
468,lp_demand_vickrey_fine,114.11,101.38,101.38,12.730000000000004,12.730000000000004,0.0
469,lp_demand_vickrey_fine,29.439999999999998,29.089999999999996,29.089999999999996,0.3500000000000014,0.3500000000000014,4.440892098500626e-16
470,lp_demand_vickrey_fine,21.09,19.84,19.84,1.25,1.25,0.0
471,lp_demand_vickrey_fine,40.150000000000006,40.150000000000006,40.150000000000006,0.0,0.0,0.0
472,lp_demand_vickrey_fine,44.68000000000001,41.21,41.21,3.470000000000006,3.470000000000006,0.0
473,lp_demand_vickrey_fine,122.1,113.70999999999998,113.70999999999998,8.390000000000015,8.390000000000015,-4.440892098500626e-16
474,lp_demand_vickrey_fine,18.89,17.55,17.55,1.3399999999999999,1.3399999999999999,0.0
475,lp_demand_vickrey_fine,75.33,73.02,73.02,2.3100000000000023,2.3100000000000023,0.0
476,lp_demand_vickrey_fine,88.47,83.69,83.69,4.780000000000001,4.780000000000001,8.881784197001252e-16
477,lp_demand_vickrey_fine,37.25,34.25,34.25,3.0,3.0,0.0
478,lp_demand_vickrey_fine,37.019999999999996,32.42,32.42,4.599999999999994,4.599999999999994,0.0
479,lp_demand_vickrey_fine,45.11,41.629999999999995,41.629999999999995,3.480000000000004,3.480000000000004,0.0
480,lp_demand_vickrey_fine,21.75,20.99,20.99,0.7600000000000016,0.7600000000000016,0.0
481,lp_demand_vickrey_fine,88.75,88.75,88.75,0.0,0.0,4.440892098500626e-16
482,lp_demand_vickrey_fine,48.82,46.730000000000004,46.730000000000004,2.0899999999999963,2.0899999999999963,4.440892098500626e-16
483,lp_demand_vickrey_fine,78.4,77.28,77.28,1.1200000000000045,1.1200000000000045,-1.3322676295501878e-15
484,lp_demand_vickrey_fine,38.89,30.090000000000003,30.090000000000003,8.799999999999997,8.799999999999997,-3.552713678800501e-15
485,lp_demand_vickrey_fine,121.38,118.33,118.33,3.049999999999997,3.049999999999997,8.881784197001252e-16
486,lp_demand_vickrey_fine,17.200000000000003,17.200000000000003,17.200000000000003,0.0,0.0,0.0
487,lp_demand_vickrey_fine,32.2,31.340000000000003,31.340000000000003,0.8599999999999994,0.8599999999999994,0.0
488,lp_demand_vickrey_fine,78.39000000000001,78.39000000000001,78.39000000000001,0.0,0.0,-8.881784197001252e-16
489,lp_demand_vickrey_fine,33.29,25.279999999999998,25.279999999999998,8.010000000000002,8.010000000000002,0.0
490,lp_demand_vickrey_fine,128.04000000000002,124.06,124.06,3.980000000000018,3.980000000000018,4.440892098500626e-16
491,lp_demand_vickrey_fine,36.78,33.92,33.92,2.8599999999999994,2.8599999999999994,0.0
492,lp_demand_vickrey_fine,22.12,22.12,22.12,0.0,0.0,0.0
493,lp_demand_vickrey_fine,46.61,46.61,46.61,0.0,0.0,0.0
494,lp_demand_vickrey_fine,42.21,42.21,42.21,0.0,0.0,0.0
495,lp_demand_vickrey_fine,51.34,51.34,51.34,0.0,0.0,0.0
496,lp_demand_vickrey_fine,19.29,19.29,19.29,0.0,0.0,0.0
497,lp_demand_vickrey_fine,76.86,69.19,69.19,7.670000000000002,7.670000000000002,-1.3322676295501878e-15
498,lp_demand_vickrey_fine,48.75,48.75,48.75,0.0,0.0,0.0
499,lp_demand_vickrey_fine,17.89,15.81,15.81,2.08,2.08,0.0
0,lp_integrated_supply_demand,47.2,47.2,47.19999876053344,1.2394665631632051e-06,0.0,-8.881784197001252e-16
1,lp_integrated_supply_demand,112.53999999999999,109.57,108.8646779005982,3.6753220994017965,2.969999999999999,0.0
2,lp_integrated_supply_demand,141.91,140.76000000000002,138.6491556162594,3.26084438374059,1.1499999999999773,0.0
3,lp_integrated_supply_demand,73.21,71.34,71.90581664892746,1.3041833510725382,1.8699999999999903,0.0
4,lp_integrated_supply_demand,30.889999999999993,26.629999999999995,26.876874316180178,4.0131256838198155,4.259999999999998,0.0
5,lp_integrated_supply_demand,149.29,138.1,142.59317724087703,6.696822759122966,11.189999999999998,0.0
6,lp_integrated_supply_demand,44.690000000000005,44.690000000000005,44.689997045008326,2.9549916789051167e-06,0.0,-1.3322676295501878e-15
7,lp_integrated_supply_demand,38.230000000000004,33.1,35.64232677741205,2.587673222587952,5.130000000000003,-5.551115123125783e-17
8,lp_integrated_supply_demand,137.26,137.01,134.88056544894226,2.3794345510577273,0.25,2.220446049250313e-16
9,lp_integrated_supply_demand,73.80000000000001,73.80000000000001,73.79999874855007,1.2514499445615002e-06,0.0,8.881784197001252e-16
10,lp_integrated_supply_demand,33.8,26.049999999999997,30.906664593479174,2.8933354065208228,7.75,-1.7763568394002505e-15
11,lp_integrated_supply_demand,37.31999999999999,36.48,35.27749817005797,2.042501829942026,0.8399999999999963,0.0
12,lp_integrated_supply_demand,20.84,19.810000000000002,20.01248857544111,0.8275114245588888,1.0299999999999976,0.0
13,lp_integrated_supply_demand,98.03999999999999,90.99,92.55761743869681,5.482382561303183,7.049999999999997,0.0
14,lp_integrated_supply_demand,90.62,90.62,85.51136990587433,5.108630094125672,0.0,0.0
15,lp_integrated_supply_demand,93.99000000000001,93.60000000000001,92.16491637442412,1.8250836255758855,0.39000000000000057,0.0
16,lp_integrated_supply_demand,84.51,76.01,81.46461177832964,3.0453882216703647,8.5,0.0
17,lp_integrated_supply_demand,35.629999999999995,22.609999999999992,28.700724360444433,6.929275639555563,13.020000000000003,0.0
18,lp_integrated_supply_demand,51.27,49.760000000000005,49.907497411159184,1.3625025888408189,1.509999999999998,0.0
19,lp_integrated_supply_demand,28.72,14.980000000000004,17.063046065871404,11.656953934128595,13.739999999999995,-2.220446049250313e-16
20,lp_integrated_supply_demand,54.55,54.55,54.54999778690668,2.2130933174935308e-06,0.0,0.0
21,lp_integrated_supply_demand,80.42,80.42,77.80158989065396,2.618410109346044,0.0,0.0
22,lp_integrated_supply_demand,111.13999999999999,107.97,108.83216409841768,2.3078359015823082,3.1699999999999875,0.0
23,lp_integrated_supply_demand,20.46,20.46,19.927488623965154,0.5325113760348472,0.0,0.0
24,lp_integrated_supply_demand,73.97,73.97,72.71948057686669,1.250519423133312,0.0,0.0
25,lp_integrated_supply_demand,45.43,41.449999999999996,42.759997781919886,2.670002218080114,3.980000000000004,0.0
26,lp_integrated_supply_demand,17.82,17.44,17.465734870490486,0.35426512950951405,0.379999999999999,2.220446049250313e-16
27,lp_integrated_supply_demand,79.87,76.3,77.85551265659147,2.0144873434085326,3.5700000000000074,0.0
28,lp_integrated_supply_demand,80.85999999999999,77.38,76.439581633388,4.420418366611983,3.4799999999999898,0.0
29,lp_integrated_supply_demand,38.19,37.66,34.627498203775275,3.5625017962247227,0.5300000000000011,0.0
30,lp_integrated_supply_demand,74.96000000000001,72.12,69.23617770040569,5.7238222995943175,2.8400000000000034,0.0
31,lp_integrated_supply_demand,34.66,25.959999999999997,31.654485731240054,3.005514268759942,8.7,-5.551115123125783e-17
32,lp_integrated_supply_demand,113.08,109.84,110.41316871015353,2.6668312898464706,3.239999999999995,0.0
33,lp_integrated_supply_demand,82.07,71.17,78.09908333042134,3.9709166695786564,10.899999999999991,0.0
34,lp_integrated_supply_demand,104.28,104.15,103.19749944009459,1.0825005599054123,0.12999999999999545,0.0
35,lp_integrated_supply_demand,69.06,66.57,68.05177587574858,1.0082241242514272,2.490000000000009,-2.220446049250313e-16
36,lp_integrated_supply_demand,22.840000000000003,22.480000000000004,22.289997654457522,0.550002345542481,0.35999999999999943,0.0
37,lp_integrated_supply_demand,123.27999999999999,116.43999999999998,116.83996949874721,6.440030501252778,6.840000000000003,0.0
38,lp_integrated_supply_demand,22.43,20.27,21.1924959161603,1.2375040838396991,2.16,0.0
39,lp_integrated_supply_demand,64.22,62.38999999999999,62.217916528880465,2.0020834711195334,1.8300000000000054,-2.220446049250313e-16
40,lp_integrated_supply_demand,83.58,81.28,81.21341158518605,2.366588414813947,2.299999999999997,0.0
41,lp_integrated_supply_demand,23.11,21.86,22.609636423766354,0.5003635762336458,1.25,0.0
42,lp_integrated_supply_demand,53.870000000000005,45.660000000000004,49.30239420713368,4.567605792866324,8.21,-2.220446049250313e-16
43,lp_integrated_supply_demand,19.91,17.26,18.438002190414075,1.4719978095859254,2.6499999999999986,0.0
44,lp_integrated_supply_demand,114.67,111.94,112.53249938944687,2.1375006105531327,2.730000000000004,0.0
45,lp_integrated_supply_demand,28.89,23.89,25.806094304508573,3.0839056954914277,5.0,-5.551115123125783e-17
46,lp_integrated_supply_demand,111.38,111.38,107.57394606695719,3.8060539330428043,0.0,0.0
47,lp_integrated_supply_demand,109.04,107.47000000000001,106.98232230496188,2.057677695038123,1.5699999999999932,0.0
48,lp_integrated_supply_demand,145.70999999999998,143.61999999999998,142.62738951818977,3.0826104818102067,2.0900000000000034,0.0
49,lp_integrated_supply_demand,15.91,13.96,14.447491752339058,1.4625082476609421,1.9499999999999993,0.0
50,lp_integrated_supply_demand,85.15,81.6,81.76199483372798,3.3880051662720234,3.5500000000000114,0.0
51,lp_integrated_supply_demand,46.04,35.56,33.33454974806985,12.705450251930152,10.479999999999997,0.0
52,lp_integrated_supply_demand,116.84,107.39,113.08850297817459,3.751497021825415,9.450000000000003,0.0
53,lp_integrated_supply_demand,112.63999999999999,110.19,110.6190287903302,2.0209712096697814,2.4499999999999886,0.0
54,lp_integrated_supply_demand,39.65,30.769999999999996,33.72499825059046,5.925001749409539,8.880000000000003,0.0
55,lp_integrated_supply_demand,33.739999999999995,13.319999999999993,23.370955929559123,10.369044070440872,20.42,0.0
56,lp_integrated_supply_demand,83.74,78.77,81.15472438306337,2.5852756169366273,4.969999999999999,0.0
57,lp_integrated_supply_demand,67.99,66.96,66.96706372093973,1.0229362790602607,1.0300000000000011,0.0
58,lp_integrated_supply_demand,20.209999999999997,18.54,19.609996135621948,0.6000038643780492,1.6699999999999982,0.0
59,lp_integrated_supply_demand,19.39,17.17,18.29498955591231,1.0950104440876913,2.219999999999999,0.0
60,lp_integrated_supply_demand,122.83999999999999,119.63999999999999,118.35568470853606,4.484315291463929,3.200000000000003,2.220446049250313e-16
61,lp_integrated_supply_demand,70.9,59.97,65.31775168399884,5.58224831600117,10.930000000000007,0.0
62,lp_integrated_supply_demand,77.45,74.62,75.32818014604138,2.121819853958627,2.8299999999999983,-2.220446049250313e-16
63,lp_integrated_supply_demand,64.95,64.23,63.6690967051285,1.2809032948715,0.7199999999999989,-2.220446049250313e-16
64,lp_integrated_supply_demand,120.98,118.64,118.9217061580742,2.058293841925803,2.3400000000000034,2.220446049250313e-16
65,lp_integrated_supply_demand,86.14999999999999,81.53,83.3499540403289,2.8000459596710954,4.61999999999999,0.0
66,lp_integrated_supply_demand,89.80999999999999,87.93999999999998,87.62216484359264,2.1878351564073455,1.8700000000000045,0.0
67,lp_integrated_supply_demand,142.32999999999998,138.04,139.79746449238937,2.5325355076106177,4.289999999999992,8.881784197001252e-16
68,lp_integrated_supply_demand,40.730000000000004,40.730000000000004,40.72999807720182,1.92279818378438e-06,0.0,0.0
69,lp_integrated_supply_demand,81.46,75.53999999999999,76.94398276043844,4.516017239561549,5.920000000000002,0.0
70,lp_integrated_supply_demand,68.02,66.09,66.58197520590647,1.438024794093522,1.9299999999999926,-2.220446049250313e-16
71,lp_integrated_supply_demand,74.38,74.38,70.84349876029184,3.5365012397081586,0.0,-2.220446049250313e-16
72,lp_integrated_supply_demand,78.60000000000001,66.87,73.16344194446144,5.436558055538569,11.730000000000004,0.0
73,lp_integrated_supply_demand,49.91,43.45,44.78694101944356,5.123058980556436,6.459999999999994,-2.220446049250313e-16
74,lp_integrated_supply_demand,45.58,45.58,45.579997983279526,2.0167204723975374e-06,0.0,0.0
75,lp_integrated_supply_demand,56.129999999999995,56.129999999999995,56.12073821130797,0.009261788692022321,0.0,3.552713678800501e-15
76,lp_integrated_supply_demand,96.41,87.96,90.46801787545301,5.941982124546982,8.450000000000003,0.0
77,lp_integrated_supply_demand,79.81,73.8,77.28799039865414,2.5220096013458573,6.010000000000005,0.0
78,lp_integrated_supply_demand,21.9,20.66,21.239995777204395,0.6600042227956031,1.2399999999999984,0.0
79,lp_integrated_supply_demand,48.82,48.82,39.17627393923324,9.64372606076676,0.0,0.0
80,lp_integrated_supply_demand,46.86,44.099999999999994,43.97249771902413,2.887502280975866,2.760000000000005,0.0
81,lp_integrated_supply_demand,77.78999999999999,71.78999999999999,74.0623585576159,3.7276414423840976,6.0,-2.220446049250313e-16
82,lp_integrated_supply_demand,20.549999999999997,20.549999999999997,19.957496034447377,0.5925039655526199,0.0,0.0
83,lp_integrated_supply_demand,82.12,78.35,77.24911624364117,4.870883756358836,3.7700000000000102,-2.220446049250313e-16
84,lp_integrated_supply_demand,78.66,76.99,77.03459786607957,1.6254021339204314,1.6700000000000017,0.0
85,lp_integrated_supply_demand,46.83,45.989999999999995,46.45292096776133,0.3770790322386688,0.8400000000000034,-5.551115123125783e-17
86,lp_integrated_supply_demand,71.93,65.49000000000001,66.90868742789246,5.021312572107547,6.439999999999998,0.0
87,lp_integrated_supply_demand,39.71,37.12,36.47492235513269,3.23507764486731,2.5900000000000034,0.0
88,lp_integrated_supply_demand,82.32,79.72,80.09828219173552,2.221717808264472,2.5999999999999943,0.0
89,lp_integrated_supply_demand,32.16,32.16,24.319995905747138,7.840004094252858,0.0,0.0
90,lp_integrated_supply_demand,82.94,76.52,77.28447683591824,5.655523164081757,6.420000000000002,0.0
91,lp_integrated_supply_demand,41.41,41.41,41.404386389811314,0.005613610188682117,0.0,3.552713678800501e-15
92,lp_integrated_supply_demand,115.66000000000001,113.7,114.80310028016952,0.8568997198304942,1.960000000000008,0.0
93,lp_integrated_supply_demand,45.29,45.29,45.28999814709349,1.852906507338048e-06,0.0,0.0
94,lp_integrated_supply_demand,45.800000000000004,45.42,44.37999769788598,1.4200023021140211,0.38000000000000256,0.0
95,lp_integrated_supply_demand,85.16,82.43,83.56456946207453,1.5954305379254663,2.7299999999999898,0.0
96,lp_integrated_supply_demand,139.89,132.44,134.47887737162358,5.411122628376404,7.449999999999989,0.0
97,lp_integrated_supply_demand,45.81,45.81,45.80999804454361,1.955456390589916e-06,0.0,0.0
98,lp_integrated_supply_demand,142.63,138.82,140.2456191832675,2.384380816732488,3.8100000000000023,0.0
99,lp_integrated_supply_demand,43.14999999999999,20.639999999999993,28.698344063271318,14.451655936728674,22.509999999999998,0.0
100,lp_integrated_supply_demand,71.69999999999999,70.0,68.80204476777341,2.897955232226579,1.6999999999999886,-2.220446049250313e-16
101,lp_integrated_supply_demand,28.8,27.130000000000003,27.272079005858693,1.5279209941413079,1.6699999999999982,-5.551115123125783e-17
102,lp_integrated_supply_demand,73.50999999999999,72.14,71.14261850901258,2.3673814909874125,1.3699999999999903,0.0
103,lp_integrated_supply_demand,20.93,20.75,20.79249592749577,0.13750407250422825,0.17999999999999972,0.0
104,lp_integrated_supply_demand,16.2,14.64,11.336547971081602,4.863452028918397,1.5599999999999987,2.220446049250313e-16
105,lp_integrated_supply_demand,70.19,59.53,65.46019765684458,4.729802343155413,10.659999999999997,-2.220446049250313e-16
106,lp_integrated_supply_demand,45.51,41.9,44.084346959765696,1.4256530402343017,3.6099999999999994,0.0
107,lp_integrated_supply_demand,67.46000000000001,66.15,64.71379277880558,2.7462072211944246,1.3100000000000023,0.0
108,lp_integrated_supply_demand,104.13,99.00999999999999,101.17978078740252,2.9502192125974744,5.1200000000000045,0.0
109,lp_integrated_supply_demand,32.31,25.030000000000005,29.252092253478743,3.057907746521259,7.279999999999998,-5.551115123125783e-17
110,lp_integrated_supply_demand,82.53,82.27,80.90097053718961,1.6290294628103936,0.2600000000000051,0.0
111,lp_integrated_supply_demand,18.79,18.37,17.869989798532547,0.920010201467452,0.41999999999999815,0.0
112,lp_integrated_supply_demand,85.28999999999999,83.46,81.1997332031938,4.0902667968061905,1.8299999999999983,0.0
113,lp_integrated_supply_demand,37.2,37.2,21.371457953403997,15.828542046596006,0.0,-2.220446049250313e-16
114,lp_integrated_supply_demand,75.14999999999999,73.64,72.45988978536602,2.6901102146339753,1.509999999999991,0.0
115,lp_integrated_supply_demand,44.98,42.43,43.269997755464765,1.7100022445352323,2.549999999999997,0.0
116,lp_integrated_supply_demand,34.17999999999999,31.029999999999998,31.850157607293397,2.3298423927065954,3.149999999999995,0.0
117,lp_integrated_supply_demand,41.42,38.78,39.56749794752374,1.852502052476261,2.6400000000000006,0.0
118,lp_integrated_supply_demand,143.0,139.39,138.68013364628314,4.319866353716861,3.6100000000000136,0.0
119,lp_integrated_supply_demand,45.03,40.8,42.2749162462467,2.755083753753304,4.230000000000004,-5.551115123125783e-17
120,lp_integrated_supply_demand,120.52999999999999,117.71,118.19296471730013,2.3370352826998584,2.819999999999993,0.0
121,lp_integrated_supply_demand,23.470000000000002,22.76,22.277495588116647,1.1925044118833554,0.7100000000000009,0.0
122,lp_integrated_supply_demand,83.55000000000001,76.12,78.68526586694855,4.864734133051456,7.430000000000007,0.0
123,lp_integrated_supply_demand,83.71000000000001,81.13000000000001,81.68419883103073,2.0258011689692808,2.5799999999999983,0.0
124,lp_integrated_supply_demand,15.120000000000001,14.520000000000003,10.83887017524476,4.281129824755242,0.5999999999999979,2.220446049250313e-16
125,lp_integrated_supply_demand,44.790000000000006,42.95,43.76749772965806,1.0225022703419455,1.8400000000000034,0.0
126,lp_integrated_supply_demand,24.569999999999993,24.569999999999993,15.454997398162908,9.115002601837086,0.0,0.0
127,lp_integrated_supply_demand,34.39000000000001,30.440000000000005,26.4676517600535,7.922348239946508,3.950000000000003,0.0
128,lp_integrated_supply_demand,44.57,34.75,35.72470407561865,8.845295924381354,9.82,0.0
129,lp_integrated_supply_demand,117.73,115.59,114.82225066217251,2.9077493378274966,2.1400000000000006,0.0
130,lp_integrated_supply_demand,120.82000000000002,111.33000000000001,117.60869905539451,3.2113009446055116,9.490000000000009,0.0
131,lp_integrated_supply_demand,48.92999999999999,48.42999999999999,48.67999831947006,0.2500016805299339,0.5,0.0
132,lp_integrated_supply_demand,43.59,43.59,41.345026380257686,2.244973619742318,0.0,-5.551115123125783e-17
133,lp_integrated_supply_demand,78.86,76.67,76.38135518901376,2.478644810986239,2.1899999999999977,0.0
134,lp_integrated_supply_demand,74.74,68.81,71.13882881766118,3.601171182338817,5.929999999999993,0.0
135,lp_integrated_supply_demand,84.04,83.69,78.65286096282196,5.387139037178045,0.3500000000000085,0.0
136,lp_integrated_supply_demand,17.83,17.83,17.36249659823723,0.4675034017627695,0.0,0.0
137,lp_integrated_supply_demand,128.44,123.39,126.68885972458088,1.751140275419118,5.049999999999997,0.0
138,lp_integrated_supply_demand,43.24,42.81,40.39999790433965,2.8400020956603527,0.4299999999999997,0.0
139,lp_integrated_supply_demand,127.88000000000001,126.64000000000001,124.86459880350962,3.0154011964903873,1.2399999999999949,0.0
140,lp_integrated_supply_demand,76.13,76.13,73.42389741298629,2.706102587013703,0.0,0.0
141,lp_integrated_supply_demand,30.59,29.04,29.931190213568815,0.6588097864311848,1.5500000000000007,0.0
142,lp_integrated_supply_demand,38.7,37.150000000000006,36.04999812998625,2.650001870013753,1.5499999999999972,0.0
143,lp_integrated_supply_demand,134.29999999999998,127.30999999999999,130.58990345351455,3.710096546485431,6.989999999999995,0.0
144,lp_integrated_supply_demand,91.78,87.87,89.2774196218444,2.5025803781555993,3.9099999999999966,0.0
145,lp_integrated_supply_demand,116.99,109.35,112.70385873384677,4.286141266153223,7.640000000000001,2.220446049250313e-16
146,lp_integrated_supply_demand,129.29999999999998,129.29999999999998,127.7425423191775,1.5574576808224805,0.0,0.0
147,lp_integrated_supply_demand,89.38,80.32,85.22506957545254,4.154930424547459,9.060000000000002,0.0
148,lp_integrated_supply_demand,78.88000000000001,75.76,75.91760218455106,2.962397815448952,3.1200000000000045,0.0
149,lp_integrated_supply_demand,19.77,19.77,18.892935658795487,0.8770643412045125,0.0,4.440892098500626e-16
150,lp_integrated_supply_demand,22.56,22.52,22.444997681805592,0.11500231819440643,0.03999999999999915,0.0
151,lp_integrated_supply_demand,78.11999999999999,73.66,72.28489817497287,5.835101825027124,4.459999999999994,0.0
152,lp_integrated_supply_demand,130.88,125.85000000000001,128.35021650577096,2.5297834942290365,5.029999999999987,0.0
153,lp_integrated_supply_demand,51.11000000000001,51.11000000000001,48.95749746043833,2.1525025395616737,0.0,0.0
154,lp_integrated_supply_demand,17.439999999999998,15.84,16.19499685052149,1.2450031494785065,1.5999999999999979,0.0
155,lp_integrated_supply_demand,98.88,96.14,95.51026763267839,3.3697323673216033,2.739999999999995,0.0
156,lp_integrated_supply_demand,147.78,141.57,145.5785708344954,2.2014291655046065,6.210000000000008,0.0
157,lp_integrated_supply_demand,33.72,30.58,29.417498474032467,4.302501525967532,3.1400000000000006,0.0
158,lp_integrated_supply_demand,90.38,90.03999999999999,88.79521330266027,1.584786697339723,0.3400000000000034,0.0
159,lp_integrated_supply_demand,49.78,46.43000000000001,48.37499749065422,1.4050025093457776,3.3499999999999943,0.0
160,lp_integrated_supply_demand,147.56,140.26999999999998,143.6062887444363,3.9537112555636895,7.2900000000000205,0.0
161,lp_integrated_supply_demand,38.17,38.17,27.75507481038741,10.414925189612593,0.0,0.0
162,lp_integrated_supply_demand,73.25,68.0,70.08980861156918,3.1601913884308175,5.25,0.0
163,lp_integrated_supply_demand,86.62,86.62,82.31708808809368,4.302911911906321,0.0,0.0
164,lp_integrated_supply_demand,69.6,69.6,68.49470414438923,1.1052958556107626,0.0,-2.220446049250313e-16
165,lp_integrated_supply_demand,46.84,43.27,43.292497754297635,3.5475022457023684,3.5700000000000003,0.0
166,lp_integrated_supply_demand,43.82,41.33,41.39249785285592,2.4275021471440823,2.490000000000002,0.0
167,lp_integrated_supply_demand,74.46000000000001,74.46000000000001,70.0754261726474,4.384573827352611,0.0,0.0
168,lp_integrated_supply_demand,41.48,36.43,38.23798855438176,3.242011445618239,5.049999999999997,-5.551115123125783e-17
169,lp_integrated_supply_demand,160.19,156.52,158.51415398751436,1.6758460124856356,3.6699999999999875,0.0
170,lp_integrated_supply_demand,40.51,29.33,35.66568894649696,4.844311053503041,11.18,-5.551115123125783e-17
171,lp_integrated_supply_demand,47.019999999999996,47.019999999999996,44.572497687900466,2.4475023120995303,0.0,0.0
172,lp_integrated_supply_demand,20.31,19.699999999999996,19.444988899410482,0.8650111005895162,0.610000000000003,0.0
173,lp_integrated_supply_demand,50.099999999999994,49.489999999999995,47.79499752074043,2.3050024792595636,0.6099999999999994,0.0
174,lp_integrated_supply_demand,41.0,40.56999999999999,39.04749797449758,1.9525020255024188,0.4300000000000068,0.0
175,lp_integrated_supply_demand,18.470000000000002,17.830000000000002,18.05749647452812,0.41250352547188385,0.6400000000000006,0.0
176,lp_integrated_supply_demand,131.6,124.59,125.85656949210093,5.743430507899063,7.009999999999991,2.220446049250313e-16
177,lp_integrated_supply_demand,66.8,65.67,65.44761258453863,1.352387415461365,1.1299999999999955,-2.220446049250313e-16
178,lp_integrated_supply_demand,15.719999999999999,15.719999999999999,11.544122033343188,4.175877966656811,0.0,2.220446049250313e-16
179,lp_integrated_supply_demand,125.70000000000002,123.32000000000001,123.18021031200914,2.5197896879908797,2.3800000000000097,0.0
180,lp_integrated_supply_demand,81.02000000000001,80.47,79.77620528232228,1.24379471767773,0.5500000000000114,0.0
181,lp_integrated_supply_demand,14.370000000000001,13.48,13.287492414549593,1.0825075854504078,0.8900000000000006,0.0
182,lp_integrated_supply_demand,16.419999999999998,14.149999999999999,14.934991474039371,1.4850085259606267,2.2699999999999996,0.0
183,lp_integrated_supply_demand,79.30000000000001,79.30000000000001,77.21455752104049,2.0854424789595214,0.0,0.0
184,lp_integrated_supply_demand,129.23999999999998,121.91,125.46842189260751,3.7715781073924717,7.329999999999984,0.0
185,lp_integrated_supply_demand,18.38,15.029999999999998,16.7049982147631,1.6750017852368977,3.3500000000000014,0.0
186,lp_integrated_supply_demand,88.85999999999999,84.74,86.17346057776402,2.686539422235967,4.11999999999999,-1.6653345369377348e-16
187,lp_integrated_supply_demand,112.07,100.78999999999999,106.44703698910584,5.6229630108941535,11.280000000000001,0.0
188,lp_integrated_supply_demand,109.22999999999999,109.22999999999999,109.22999885420309,1.1457969009143198e-06,0.0,-4.440892098500626e-16
189,lp_integrated_supply_demand,108.88000000000001,100.89000000000001,105.1390580132356,3.740941986764412,7.989999999999995,0.0
190,lp_integrated_supply_demand,16.02,14.45,15.332497063013633,0.6875029369863661,1.5700000000000003,0.0
191,lp_integrated_supply_demand,70.98,70.57000000000001,67.47819753016944,3.501802469830565,0.4099999999999966,0.0
192,lp_integrated_supply_demand,34.66,31.72,32.71666414419506,1.9433358558049392,2.9399999999999977,-1.7763568394002505e-15
193,lp_integrated_supply_demand,71.35,68.6,68.15876295648954,3.191237043510455,2.75,-2.220446049250313e-16
194,lp_integrated_supply_demand,37.290000000000006,28.540000000000003,32.0561279574213,5.233872042578703,8.750000000000004,-5.551115123125783e-17
195,lp_integrated_supply_demand,65.1,63.21,62.292229233633094,2.8077707663669003,1.8899999999999935,-2.220446049250313e-16
196,lp_integrated_supply_demand,37.89,37.89,33.67772343853833,4.212276561461671,0.0,0.0
197,lp_integrated_supply_demand,44.379999999999995,42.67,42.93499777284215,1.4450022271578433,1.7099999999999937,0.0
198,lp_integrated_supply_demand,37.96,31.260000000000005,31.76999835200175,6.190001647998251,6.699999999999996,0.0
199,lp_integrated_supply_demand,64.72,63.050000000000004,63.451522103513526,1.2684778964864734,1.6699999999999946,-2.220446049250313e-16
200,lp_integrated_supply_demand,43.120000000000005,34.480000000000004,38.60195262009063,4.518047379909376,8.64,0.0
201,lp_integrated_supply_demand,89.47,87.38000000000001,87.17806725063073,2.2919327493692663,2.089999999999989,0.0
202,lp_integrated_supply_demand,16.88,16.09,16.169990769013502,0.7100092309864969,0.7899999999999991,0.0
203,lp_integrated_supply_demand,99.8,96.56,96.61984550938644,3.1801544906135604,3.239999999999995,0.0
204,lp_integrated_supply_demand,36.940000000000005,36.940000000000005,36.93999826060857,1.7393914362173746e-06,0.0,0.0
205,lp_integrated_supply_demand,26.46,24.970000000000002,24.39999873430415,2.0600012656958526,1.4899999999999984,0.0
206,lp_integrated_supply_demand,136.95000000000002,130.18,133.6528145965917,3.297185403408321,6.77000000000001,0.0
207,lp_integrated_supply_demand,105.95,104.75,105.16947642437692,0.7805235756230786,1.2000000000000028,0.0
208,lp_integrated_supply_demand,137.86,136.56,135.72153497171155,2.138465028288465,1.3000000000000114,2.220446049250313e-16
209,lp_integrated_supply_demand,110.97,110.97,107.13479993279779,3.8352000672022086,0.0,2.220446049250313e-16
210,lp_integrated_supply_demand,82.39000000000001,79.58000000000001,79.90831145324864,2.4816885467513714,2.8100000000000023,0.0
211,lp_integrated_supply_demand,124.2,121.09,121.46757269481725,2.7324273051827532,3.1099999999999994,0.0
212,lp_integrated_supply_demand,143.76999999999998,140.72,141.9069141559508,1.8630858440491807,3.049999999999983,0.0
213,lp_integrated_supply_demand,126.43,125.2,124.51534997756993,1.9146500224300809,1.230000000000004,0.0
214,lp_integrated_supply_demand,107.96000000000001,99.72,104.24259099251437,3.7174090074856423,8.240000000000009,0.0
215,lp_integrated_supply_demand,135.0,135.0,133.0172822345889,1.9827177654111097,0.0,0.0
216,lp_integrated_supply_demand,83.16,76.75999999999999,79.12004737646727,4.039952623532727,6.400000000000006,0.0
217,lp_integrated_supply_demand,136.23000000000002,133.47000000000003,133.37922980896505,2.850770191034968,2.759999999999991,0.0
218,lp_integrated_supply_demand,73.85000000000001,70.22,70.49880472949513,3.351195270504874,3.6300000000000097,0.0
219,lp_integrated_supply_demand,48.099999999999994,47.839999999999996,47.05527588349994,1.0447241165000563,0.259999999999998,-5.551115123125783e-17
220,lp_integrated_supply_demand,117.6,114.69,115.07374155814384,2.5262584418561573,2.9099999999999966,2.220446049250313e-16
221,lp_integrated_supply_demand,89.07000000000001,88.80000000000001,88.59106182700587,0.478938172994134,0.269999999999996,0.0
222,lp_integrated_supply_demand,132.47,132.47,130.8647715401852,1.6052284598148105,0.0,0.0
223,lp_integrated_supply_demand,119.54,114.97,116.03721942858986,3.502780571410142,4.570000000000007,0.0
224,lp_integrated_supply_demand,117.60000000000001,111.12,112.9844866106719,4.615513389328115,6.480000000000004,0.0
225,lp_integrated_supply_demand,45.15,45.15,41.569997843648494,3.5800021563515045,0.0,0.0
226,lp_integrated_supply_demand,112.26,108.21000000000001,109.01619628142977,3.243803718570234,4.049999999999997,0.0
227,lp_integrated_supply_demand,134.34,132.92,130.17391678561142,4.166083214388578,1.420000000000016,2.220446049250313e-16
228,lp_integrated_supply_demand,43.230000000000004,41.39,42.608931399082955,0.6210686009170487,1.8400000000000034,-5.551115123125783e-17
229,lp_integrated_supply_demand,29.789999999999992,29.789999999999992,17.972962157072917,11.817037842927075,0.0,-2.220446049250313e-16
230,lp_integrated_supply_demand,16.62,16.62,11.067994430969042,5.552005569030959,0.0,0.0
231,lp_integrated_supply_demand,29.849999999999994,26.299999999999997,27.99127722167389,1.8587227783261042,3.549999999999997,4.440892098500626e-16
232,lp_integrated_supply_demand,33.32000000000001,31.690000000000005,30.626624972435568,2.6933750275644393,1.6300000000000026,-5.551115123125783e-17
233,lp_integrated_supply_demand,21.76,20.75,21.117487944628486,0.6425120553715153,1.0100000000000016,0.0
234,lp_integrated_supply_demand,115.66,114.96000000000001,113.25107724686839,2.4089227531316055,0.6999999999999886,2.220446049250313e-16
235,lp_integrated_supply_demand,81.93,79.34,78.08788979526152,3.842110204738489,2.5900000000000034,0.0
236,lp_integrated_supply_demand,122.69,115.78,117.72532668190397,4.9646733180960325,6.909999999999997,2.220446049250313e-16
237,lp_integrated_supply_demand,32.55,32.55,29.248508449217024,3.3014915507829734,0.0,-5.551115123125783e-17
238,lp_integrated_supply_demand,124.04,121.93,122.06974386696565,1.9702561330343542,2.1099999999999994,2.220446049250313e-16
239,lp_integrated_supply_demand,62.0,62.0,57.252896617678545,4.7471033823214555,0.0,-2.220446049250313e-16
240,lp_integrated_supply_demand,80.80000000000001,76.01,79.33712795061034,1.4628720493896736,4.790000000000006,0.0
241,lp_integrated_supply_demand,32.620000000000005,30.200000000000003,26.331051582096773,6.288948417903232,2.4200000000000017,0.0
242,lp_integrated_supply_demand,46.95,41.17,44.707497680897646,2.242502319102357,5.780000000000001,0.0
243,lp_integrated_supply_demand,78.99,69.3,72.94577628919151,6.044223710808481,9.689999999999998,0.0
244,lp_integrated_supply_demand,86.94,80.76,84.60561366133197,2.3343863386680255,6.179999999999993,0.0
245,lp_integrated_supply_demand,39.16,33.019999999999996,36.12435887002971,3.035641129970287,6.140000000000001,-5.551115123125783e-17
246,lp_integrated_supply_demand,33.78,33.78,33.77446790651516,0.005532093484838185,0.0,3.552713678800501e-15
247,lp_integrated_supply_demand,70.89,70.89,69.72102731307162,1.1689726869283845,0.0,0.0
248,lp_integrated_supply_demand,89.4,84.51,86.88314427666268,2.516855723337329,4.890000000000001,0.0
249,lp_integrated_supply_demand,17.6,17.05,17.296663775335677,0.3033362246643243,0.5500000000000007,-2.220446049250313e-16
250,lp_integrated_supply_demand,20.27,20.09,20.0074960664115,0.2625039335885013,0.17999999999999972,0.0
251,lp_integrated_supply_demand,39.480000000000004,39.480000000000004,35.8499981403608,3.6300018596392007,0.0,0.0
252,lp_integrated_supply_demand,110.25,107.22,107.3375622910101,2.9124377089898985,3.030000000000001,2.220446049250313e-16
253,lp_integrated_supply_demand,69.00999999999999,63.139999999999986,66.35926167213508,2.6507383278649144,5.8700000000000045,0.0
254,lp_integrated_supply_demand,45.54,45.54,45.539997760456856,2.239543142934508e-06,0.0,0.0
255,lp_integrated_supply_demand,126.52000000000001,124.96000000000001,124.69678843219702,1.8232115678029857,1.5600000000000023,0.0
256,lp_integrated_supply_demand,92.75999999999999,89.02,89.94697745871593,2.813022541284056,3.739999999999995,0.0
257,lp_integrated_supply_demand,29.42,28.790000000000003,28.689998511769915,0.7300014882300871,0.629999999999999,0.0
258,lp_integrated_supply_demand,36.56,19.68,28.898060227675035,7.661939772324967,16.880000000000003,0.0
259,lp_integrated_supply_demand,113.05000000000001,112.37,111.77889317162469,1.2711068283753235,0.6800000000000068,0.0
260,lp_integrated_supply_demand,43.6,42.220000000000006,41.46155565736654,2.1384443426334627,1.3799999999999955,-5.551115123125783e-17
261,lp_integrated_supply_demand,127.34,116.54,121.90193617117586,5.438063828824141,10.799999999999997,0.0
262,lp_integrated_supply_demand,15.349999999999998,13.669999999999998,14.159997485164872,1.1900025148351254,1.6799999999999997,-2.220446049250313e-16
263,lp_integrated_supply_demand,72.26,72.26,70.21276837357874,2.047231626421265,0.0,0.0
264,lp_integrated_supply_demand,61.86,61.73,60.51218942720663,1.347810572793371,0.13000000000000256,-2.220446049250313e-16
265,lp_integrated_supply_demand,44.61,44.61,41.774997833014574,2.8350021669854257,0.0,0.0
266,lp_integrated_supply_demand,42.879999999999995,38.96,39.672497942077094,3.207502057922902,3.9199999999999946,0.0
267,lp_integrated_supply_demand,45.09,45.09,43.066663499607024,2.023336500392979,0.0,-1.7763568394002505e-15
268,lp_integrated_supply_demand,120.8,118.17999999999999,117.91130642225322,2.8886935777467784,2.6200000000000045,0.0
269,lp_integrated_supply_demand,18.759999999999998,18.759999999999998,18.236780064116076,0.5232199358839225,0.0,0.0
270,lp_integrated_supply_demand,37.2,32.22,33.93275094806206,3.267249051937945,4.980000000000004,-5.551115123125783e-17
271,lp_integrated_supply_demand,39.93,38.230000000000004,38.81749798642832,1.112502013571678,1.6999999999999957,0.0
272,lp_integrated_supply_demand,43.57,38.35,40.60999789344637,2.960002106553631,5.219999999999999,0.0
273,lp_integrated_supply_demand,51.89,47.62,49.819997415698055,2.070002584301946,4.270000000000003,0.0
274,lp_integrated_supply_demand,18.19,17.8,17.994998160690546,0.19500183930945525,0.39000000000000057,0.0
275,lp_integrated_supply_demand,123.89,115.28,118.37432436828017,5.51567563171983,8.61,0.0
276,lp_integrated_supply_demand,97.23,94.95,93.6667761472315,3.563223852768502,2.280000000000001,0.0
277,lp_integrated_supply_demand,128.51999999999998,128.51999999999998,125.36046088185812,3.159539118141865,0.0,0.0
278,lp_integrated_supply_demand,107.32000000000001,107.32000000000001,104.25433834944238,3.0656616505576295,0.0,0.0
279,lp_integrated_supply_demand,81.5,81.5,79.9066489050417,1.5933510949582939,0.0,0.0
280,lp_integrated_supply_demand,20.560000000000002,20.060000000000002,20.152496052288075,0.4075039477119269,0.5,0.0
281,lp_integrated_supply_demand,27.86,21.189999999999998,25.033231856355144,2.8267681436448555,6.670000000000002,8.881784197001252e-16
282,lp_integrated_supply_demand,38.35,37.940000000000005,35.9049981375078,2.445001862492198,0.4099999999999966,0.0
283,lp_integrated_supply_demand,40.42,40.42,40.41999751816277,2.4818372281742995e-06,0.0,-1.3322676295501878e-15
284,lp_integrated_supply_demand,15.88,12.8,14.46450344540932,1.4154965545906801,3.08,0.0
285,lp_integrated_supply_demand,66.69,62.76,63.671148620008736,3.0188513799912613,3.9299999999999997,-2.220446049250313e-16
286,lp_integrated_supply_demand,86.96,84.7,84.99671352905504,1.9632864709449507,2.259999999999991,0.0
287,lp_integrated_supply_demand,73.72999999999999,66.12,69.39396233400885,4.336037665991142,7.609999999999985,-2.220446049250313e-16
288,lp_integrated_supply_demand,49.53,45.67,45.692060441080365,3.8379395589196363,3.8599999999999994,-2.220446049250313e-16
289,lp_integrated_supply_demand,72.58,68.16999999999999,68.57814048244877,4.001859517551225,4.410000000000011,-2.220446049250313e-16
290,lp_integrated_supply_demand,23.6,22.57,22.779997610729524,0.8200023892704777,1.0300000000000011,0.0
291,lp_integrated_supply_demand,20.71,20.430000000000003,19.81499603763576,0.8950039623642425,0.2799999999999976,0.0
292,lp_integrated_supply_demand,77.58,65.11,71.57542788667871,6.004572113321288,12.469999999999999,0.0
293,lp_integrated_supply_demand,17.68,17.330000000000005,11.97249798443905,5.70750201556095,0.3499999999999943,0.0
294,lp_integrated_supply_demand,74.22,72.02,72.78726586166718,1.432734138332819,2.200000000000003,0.0
295,lp_integrated_supply_demand,130.82999999999998,130.82999999999998,128.92311204811406,1.9068879518859205,0.0,0.0
296,lp_integrated_supply_demand,42.22,39.11,39.18444338099919,3.0355566190008076,3.1099999999999994,-5.551115123125783e-17
297,lp_integrated_supply_demand,44.86,40.190000000000005,43.199910225411564,1.6600897745884353,4.669999999999995,-5.551115123125783e-17
298,lp_integrated_supply_demand,34.58,34.150000000000006,32.64499830661306,1.935001693386937,0.4299999999999926,0.0
299,lp_integrated_supply_demand,80.35000000000001,79.65,77.6329421945518,2.7170578054482064,0.7000000000000028,0.0
300,lp_integrated_supply_demand,78.99,78.99,76.87109216232147,2.1189078376785204,0.0,0.0
301,lp_integrated_supply_demand,32.040000000000006,31.150000000000002,29.314741713564466,2.7252582864355404,0.8900000000000041,-5.551115123125783e-17
302,lp_integrated_supply_demand,42.76,42.199999999999996,40.51565718895388,2.244342811046117,0.5600000000000023,-5.551115123125783e-17
303,lp_integrated_supply_demand,126.03000000000002,126.03000000000002,123.78078479476078,2.2492152052392385,0.0,2.220446049250313e-16
304,lp_integrated_supply_demand,44.67999999999999,44.67999999999999,39.639997943762964,5.040002056237029,0.0,0.0
305,lp_integrated_supply_demand,84.92,83.72,82.47820078668154,2.441799213318461,1.2000000000000028,0.0
306,lp_integrated_supply_demand,38.11000000000001,25.110000000000007,20.301958060607173,17.808041939392833,13.0,-2.220446049250313e-16
307,lp_integrated_supply_demand,76.07000000000001,72.3,72.24245659198961,3.827543408010399,3.7700000000000102,0.0
308,lp_integrated_supply_demand,70.91999999999999,70.91999999999999,66.75915123284848,4.160848767151506,0.0,-2.220446049250313e-16
309,lp_integrated_supply_demand,45.81,44.12,43.122497763116,2.6875022368840007,1.6900000000000048,0.0
310,lp_integrated_supply_demand,16.67,16.04,15.952490893177977,0.7175091068220247,0.6300000000000026,0.0
311,lp_integrated_supply_demand,17.44,17.4,17.264990143909593,0.17500985609040853,0.0400000000000027,0.0
312,lp_integrated_supply_demand,83.83999999999999,81.75999999999999,82.0082900153383,1.8317099846616856,2.0799999999999983,0.0
313,lp_integrated_supply_demand,46.99,46.09,44.07999771344782,2.910002286552185,0.8999999999999986,0.0
314,lp_integrated_supply_demand,103.61,103.61,101.25093960202592,2.3590603979740763,0.0,0.0
315,lp_integrated_supply_demand,84.07,81.50999999999999,82.48028204495407,1.589717955045927,2.5600000000000023,0.0
316,lp_integrated_supply_demand,54.33,50.13,51.0124687033049,3.317531296695101,4.199999999999996,-2.220446049250313e-16
317,lp_integrated_supply_demand,57.63,57.63,57.61979669740418,0.010203302595819252,0.0,3.552713678800501e-15
318,lp_integrated_supply_demand,40.26,35.15,38.07258700147194,2.1874129985280604,5.109999999999999,4.440892098500626e-16
319,lp_integrated_supply_demand,52.379999999999995,52.379999999999995,52.379996544997255,3.455002740793134e-06,0.0,-1.3322676295501878e-15
320,lp_integrated_supply_demand,115.05,109.35,111.01434801403107,4.035651985968926,5.700000000000003,0.0
321,lp_integrated_supply_demand,19.46,19.21,18.869996268572706,0.590003731427295,0.25,0.0
322,lp_integrated_supply_demand,114.78,112.36,112.8546495975668,1.925350402433196,2.4200000000000017,2.220446049250313e-16
323,lp_integrated_supply_demand,22.020000000000003,20.0,20.464996021468323,1.5550039785316798,2.020000000000003,0.0
324,lp_integrated_supply_demand,114.7,112.69,112.38776796940726,2.312232030592739,2.010000000000005,0.0
325,lp_integrated_supply_demand,47.11,46.35,45.21249765470189,1.8975023452981077,0.759999999999998,0.0
326,lp_integrated_supply_demand,136.67999999999998,135.54,134.44004728841995,2.239952711580031,1.1399999999999864,0.0
327,lp_integrated_supply_demand,117.20999999999998,112.57999999999998,114.38311767026755,2.8268823297324275,4.6299999999999955,0.0
328,lp_integrated_supply_demand,20.44,20.44,19.812496060039145,0.6275039399608566,0.0,0.0
329,lp_integrated_supply_demand,34.1,31.39,31.38105334909182,2.7189466509081797,2.710000000000001,0.0
330,lp_integrated_supply_demand,45.9,45.9,45.89999835189681,1.6481031863690987e-06,0.0,0.0
331,lp_integrated_supply_demand,125.08000000000001,125.08000000000001,123.25319695171771,1.8268030482823008,0.0,0.0
332,lp_integrated_supply_demand,37.28,37.28,33.70574856430314,3.5742514356968584,0.0,-5.551115123125783e-17
333,lp_integrated_supply_demand,43.07,41.57,41.514844421311,1.5551555786890034,1.5,-2.220446049250313e-16
334,lp_integrated_supply_demand,20.41,20.229999999999997,19.81498868818816,0.5950113118118416,0.18000000000000327,0.0
335,lp_integrated_supply_demand,47.17,45.15,45.352497647439705,1.8175023525602967,2.020000000000003,0.0
336,lp_integrated_supply_demand,44.96,37.379999999999995,41.1549978651757,3.8050021348242993,7.580000000000005,0.0
337,lp_integrated_supply_demand,36.16,32.03,31.989998340589736,4.170001659410261,4.1299999999999955,0.0
338,lp_integrated_supply_demand,70.63,67.24,65.36706427865545,5.262935721344547,3.3900000000000006,0.0
339,lp_integrated_supply_demand,14.759999999999998,14.759999999999998,10.128616777200717,4.631383222799281,0.0,2.220446049250313e-16
340,lp_integrated_supply_demand,77.54,75.79,75.26033455985404,2.279665440145962,1.75,0.0
341,lp_integrated_supply_demand,124.36000000000001,119.89,121.80870874497187,2.551291255028147,4.470000000000013,2.220446049250313e-16
342,lp_integrated_supply_demand,19.810000000000002,18.490000000000002,19.21499628810156,0.5950037118984426,1.3200000000000003,0.0
343,lp_integrated_supply_demand,31.589999999999996,31.589999999999996,28.552498518902418,3.0375014810975784,0.0,0.0
344,lp_integrated_supply_demand,131.44,126.01,128.1293691207699,3.3106308792301036,5.429999999999993,0.0
345,lp_integrated_supply_demand,131.18,128.39000000000001,127.48693999050855,3.693060009491461,2.789999999999992,0.0
346,lp_integrated_supply_demand,47.599999999999994,44.099999999999994,45.304997649903655,2.2950023500963397,3.5,0.0
347,lp_integrated_supply_demand,122.85999999999999,119.42999999999999,119.13461281741898,3.7253871825810023,3.4299999999999926,0.0
348,lp_integrated_supply_demand,81.76,72.15,76.80633474558293,4.953665254417075,9.61,0.0
349,lp_integrated_supply_demand,41.91,36.37,38.51999800186047,3.3900019981395246,5.539999999999999,0.0
350,lp_integrated_supply_demand,53.55,48.55,50.58409228663473,2.9659077133652687,5.0,-2.220446049250313e-16
351,lp_integrated_supply_demand,17.71,17.71,12.889602530535635,4.820397469464366,0.0,2.220446049250313e-16
352,lp_integrated_supply_demand,34.76,34.76,29.349027886312115,5.410972113687883,0.0,0.0
353,lp_integrated_supply_demand,37.50000000000001,13.990000000000009,25.99044729387429,11.509552706125717,23.509999999999998,-2.220446049250313e-16
354,lp_integrated_supply_demand,40.42,17.39,27.418336689029196,13.001663310970805,23.03,0.0
355,lp_integrated_supply_demand,20.689999999999998,20.349999999999998,20.337496007377254,0.35250399262274357,0.33999999999999986,0.0
356,lp_integrated_supply_demand,122.42,118.9,120.47937405384104,1.94062594615896,3.519999999999996,0.0
357,lp_integrated_supply_demand,69.25,68.81,65.39483856516944,3.8551614348305634,0.4399999999999977,-2.220446049250313e-16
358,lp_integrated_supply_demand,60.330000000000005,60.330000000000005,60.3222013882684,0.007798611731608673,0.0,3.552713678800501e-15
359,lp_integrated_supply_demand,122.5,113.99000000000001,117.24365140162523,5.256348598374771,8.509999999999991,0.0
360,lp_integrated_supply_demand,69.14999999999999,68.86999999999999,68.23250806599796,0.9174919340020296,0.28000000000000114,-2.220446049250313e-16
361,lp_integrated_supply_demand,107.26,100.67,103.01324527211221,4.24675472788779,6.590000000000003,0.0
362,lp_integrated_supply_demand,44.660000000000004,39.83,42.487497796055216,2.172502203944788,4.830000000000005,0.0
363,lp_integrated_supply_demand,34.0,31.23,30.337931251518988,3.662068748481012,2.7699999999999996,-5.551115123125783e-17
364,lp_integrated_supply_demand,41.559999999999995,41.559999999999995,41.55999760820438,2.3917956184504874e-06,0.0,0.0
365,lp_integrated_supply_demand,116.29,112.77000000000001,112.87647147588127,3.413528524118732,3.519999999999996,2.220446049250313e-16
366,lp_integrated_supply_demand,48.42,48.42,48.40911853924327,0.010881460756728245,0.0,3.552713678800501e-15
367,lp_integrated_supply_demand,81.10000000000001,80.37,78.31163607934641,2.7883639206535946,0.730000000000004,-2.220446049250313e-16
368,lp_integrated_supply_demand,17.12,13.670000000000002,15.589991100118771,1.5300088998812296,3.4499999999999993,0.0
369,lp_integrated_supply_demand,20.28,18.54,19.13999629258207,1.1400037074179323,1.740000000000002,0.0
370,lp_integrated_supply_demand,24.939999999999998,20.42,21.200813562703367,3.739186437296631,4.519999999999996,-2.220446049250313e-16
371,lp_integrated_supply_demand,46.790000000000006,45.74,45.80999762370791,0.9800023762920986,1.0500000000000043,0.0
372,lp_integrated_supply_demand,44.15,44.15,44.14999862565952,1.3743404778665536e-06,0.0,0.0
373,lp_integrated_supply_demand,85.97,83.63,82.09095008068539,3.8790499193146104,2.3400000000000034,0.0
374,lp_integrated_supply_demand,37.089999999999996,37.089999999999996,34.907498189250894,2.182501810749102,0.0,0.0
375,lp_integrated_supply_demand,128.42000000000002,123.45,124.91711448449433,3.5028855155056817,4.970000000000013,0.0
376,lp_integrated_supply_demand,125.26000000000002,121.54000000000002,122.05723199256352,3.2027680074365037,3.719999999999999,0.0
377,lp_integrated_supply_demand,17.409999999999997,17.409999999999997,16.769996656160323,0.6400033438396733,0.0,0.0
378,lp_integrated_supply_demand,44.06999999999999,44.06999999999999,44.069997606317806,2.3936821875736314e-06,0.0,0.0
379,lp_integrated_supply_demand,52.64000000000001,52.64000000000001,49.92382722161925,2.716172778380759,0.0,0.0
380,lp_integrated_supply_demand,14.529999999999998,12.739999999999998,13.609992230443645,0.9200077695563529,1.7899999999999991,0.0
381,lp_integrated_supply_demand,128.33,125.72,125.8597438589918,2.470256141008207,2.6100000000000136,2.220446049250313e-16
382,lp_integrated_supply_demand,19.27,18.07,18.51605260726685,0.7539473927331493,1.1999999999999993,2.220446049250313e-16
383,lp_integrated_supply_demand,25.35,24.91,24.194998744938065,1.1550012550619364,0.4400000000000013,0.0
384,lp_integrated_supply_demand,30.58,30.58,28.619451657856498,1.9605483421435004,0.0,0.0
385,lp_integrated_supply_demand,37.879999999999995,37.879999999999995,32.92499829208868,4.955001707911315,0.0,0.0
386,lp_integrated_supply_demand,79.36,76.92,76.11230667718067,3.2476933228193303,2.4399999999999977,0.0
387,lp_integrated_supply_demand,134.18,130.24,132.15333887273147,2.0266611272685395,3.9399999999999977,0.0
388,lp_integrated_supply_demand,123.99999999999999,118.6,120.72478326531837,3.275216734681621,5.3999999999999915,0.0
389,lp_integrated_supply_demand,125.83999999999999,117.47999999999999,121.56699482403027,4.273005175969715,8.36,0.0
390,lp_integrated_supply_demand,35.900000000000006,35.900000000000006,33.60749825668552,2.2925017433144887,0.0,0.0
391,lp_integrated_supply_demand,28.689999999999998,22.049999999999997,24.910523200948216,3.779476799051782,6.640000000000001,0.0
392,lp_integrated_supply_demand,82.76,82.76,79.94394726609399,2.8160527339060195,0.0,0.0
393,lp_integrated_supply_demand,15.49,14.030000000000001,10.898891751950018,4.5911082480499825,1.459999999999999,2.220446049250313e-16
394,lp_integrated_supply_demand,62.14000000000001,58.85000000000001,59.59568558037878,2.54431441962123,3.289999999999999,-2.220446049250313e-16
395,lp_integrated_supply_demand,77.28999999999999,72.52,74.9332456009746,2.356754399025391,4.769999999999996,0.0
396,lp_integrated_supply_demand,21.5,21.330000000000002,21.36249580988889,0.13750419011110893,0.16999999999999815,0.0
397,lp_integrated_supply_demand,39.19,39.19,22.122442947768423,17.067557052231574,0.0,0.0
398,lp_integrated_supply_demand,21.34,19.62,20.332496067748203,1.0075039322517974,1.7199999999999989,0.0
399,lp_integrated_supply_demand,13.779999999999998,13.779999999999998,9.423785474902404,4.356214525097593,0.0,0.0
400,lp_integrated_supply_demand,54.800000000000004,54.800000000000004,54.79999807845586,1.921544146910037e-06,0.0,0.0
401,lp_integrated_supply_demand,37.050000000000004,32.42,34.109998230619446,2.940001769380558,4.630000000000003,0.0
402,lp_integrated_supply_demand,17.78,16.29,17.149990209559775,0.6300097904402264,1.490000000000002,0.0
403,lp_integrated_supply_demand,42.75,42.75,42.749997354201284,2.6457987161165875e-06,0.0,-1.3322676295501878e-15
404,lp_integrated_supply_demand,118.41000000000001,113.34,114.90334527616764,3.5066547238323693,5.070000000000007,2.220446049250313e-16
405,lp_integrated_supply_demand,20.84,18.14,19.492408083149655,1.3475919168503445,2.6999999999999993,0.0
406,lp_integrated_supply_demand,81.58,81.31,80.0921567604919,1.487843239508095,0.269999999999996,0.0
407,lp_integrated_supply_demand,84.94,82.42,82.71614026064054,2.2238597393594546,2.519999999999996,0.0
408,lp_integrated_supply_demand,73.25999999999999,71.77,69.84152558561918,3.4184744143808103,1.4899999999999949,0.0
409,lp_integrated_supply_demand,129.74,129.74,127.29543991870743,2.444560081292579,0.0,0.0
410,lp_integrated_supply_demand,79.42999999999999,79.42999999999999,79.42999842379542,1.5762045677547576e-06,0.0,-8.881784197001252e-16
411,lp_integrated_supply_demand,18.180000000000003,18.180000000000003,16.732498226972794,1.4475017730272093,0.0,0.0
412,lp_integrated_supply_demand,88.72,86.72,83.74469101526012,4.975308984739883,2.0,0.0
413,lp_integrated_supply_demand,28.1,14.340000000000003,19.774263044332052,8.32573695566795,13.759999999999998,-2.220446049250313e-16
414,lp_integrated_supply_demand,45.64,42.67,44.30499770177644,1.3350022982235572,2.969999999999999,0.0
415,lp_integrated_supply_demand,69.25,64.99,65.62317046055983,3.626829539440166,4.260000000000005,-2.220446049250313e-16
416,lp_integrated_supply_demand,136.76,136.76,133.57323917417742,3.1867608258225744,0.0,0.0
417,lp_integrated_supply_demand,42.260000000000005,33.86000000000001,34.5892219555821,7.670778044417908,8.399999999999999,0.0
418,lp_integrated_supply_demand,30.620000000000005,24.090000000000003,27.896183442681693,2.7238165573183117,6.530000000000001,-5.551115123125783e-17
419,lp_integrated_supply_demand,133.21999999999997,133.21999999999997,130.94356782985068,2.276432170149292,0.0,0.0
420,lp_integrated_supply_demand,129.22,129.2,127.473186081874,1.7468139181259943,0.020000000000010232,0.0
421,lp_integrated_supply_demand,34.01,29.409999999999997,30.90170527931675,3.108294720683247,4.600000000000001,-5.551115123125783e-17
422,lp_integrated_supply_demand,17.919999999999998,16.15,17.03499820866958,0.8850017913304171,1.7699999999999996,0.0
423,lp_integrated_supply_demand,51.07,51.05,51.05999770050074,0.01000229949926279,0.020000000000003126,1.7763568394002505e-15
424,lp_integrated_supply_demand,104.21,100.33,101.93885084158313,2.2711491584168613,3.8799999999999955,0.0
425,lp_integrated_supply_demand,71.31,66.73,68.0611164119822,3.2488835880178044,4.579999999999998,0.0
426,lp_integrated_supply_demand,70.45,67.66000000000001,69.14696024814755,1.3030397518524524,2.789999999999992,-2.220446049250313e-16
427,lp_integrated_supply_demand,17.18,15.11,15.732496793640552,1.447503206359448,2.0700000000000003,0.0
428,lp_integrated_supply_demand,39.230000000000004,33.59,35.022498183285535,4.207501816714469,5.640000000000001,0.0
429,lp_integrated_supply_demand,38.620000000000005,38.120000000000005,37.71999804335871,0.9000019566412973,0.5,0.0
430,lp_integrated_supply_demand,72.08,68.25999999999999,69.54178592242368,2.5382140775763133,3.8200000000000074,-2.220446049250313e-16
431,lp_integrated_supply_demand,16.27,15.129999999999999,15.409991202875576,0.8600087971244239,1.1400000000000006,0.0
432,lp_integrated_supply_demand,81.69999999999999,71.17999999999999,76.59395228779195,5.1060477122080385,10.519999999999996,-2.220446049250313e-16
433,lp_integrated_supply_demand,110.22,100.14999999999999,105.44573467868365,4.774265321316349,10.070000000000007,0.0
434,lp_integrated_supply_demand,17.31,16.04,16.627496784681252,0.6825032153187465,1.2699999999999996,0.0
435,lp_integrated_supply_demand,79.46000000000001,76.47000000000001,78.08816852606705,1.3718314739329571,2.989999999999995,0.0
436,lp_integrated_supply_demand,48.87,47.53,47.44175161962525,1.4282483803747468,1.3399999999999963,-2.220446049250313e-16
437,lp_integrated_supply_demand,48.879999999999995,48.879999999999995,48.879998159311455,1.8406885402555417e-06,0.0,0.0
438,lp_integrated_supply_demand,107.62,101.28,103.47616061138645,4.143839388613557,6.340000000000003,0.0
439,lp_integrated_supply_demand,129.35,128.47,126.96258343101881,2.3874165689811804,0.8799999999999955,2.220446049250313e-16
440,lp_integrated_supply_demand,53.78000000000001,53.78000000000001,53.779997605304814,2.39469519414115e-06,0.0,0.0
441,lp_integrated_supply_demand,141.37,138.67000000000002,138.62427326800602,2.745726731993983,2.6999999999999886,0.0
442,lp_integrated_supply_demand,30.47,30.47,17.92441125105719,12.545588748942809,0.0,0.0
443,lp_integrated_supply_demand,67.09,67.09,65.93946519742538,1.1505348025746258,0.0,-2.220446049250313e-16
444,lp_integrated_supply_demand,75.99,75.99,74.4321415053588,1.557858494641195,0.0,0.0
445,lp_integrated_supply_demand,108.34,108.34,106.49120052570686,1.8487994742931448,0.0,0.0
446,lp_integrated_supply_demand,16.8,16.8,15.907490918867179,0.8925090811328218,0.0,0.0
447,lp_integrated_supply_demand,19.6,19.26,19.18749622817036,0.41250377182964115,0.33999999999999986,0.0
448,lp_integrated_supply_demand,123.30000000000001,119.19000000000001,120.17667203329094,3.12332796670907,4.109999999999999,0.0
449,lp_integrated_supply_demand,49.739999999999995,47.12,47.724997524371524,2.015002475628471,2.6199999999999974,0.0
450,lp_integrated_supply_demand,101.89000000000001,101.89000000000001,99.70272343189168,2.187276568108331,0.0,0.0
451,lp_integrated_supply_demand,76.91,72.16,74.37642385765231,2.533576142347684,4.75,0.0
452,lp_integrated_supply_demand,117.54000000000002,112.21000000000001,113.99759713011008,3.5424028698899406,5.3300000000000125,2.220446049250313e-16
453,lp_integrated_supply_demand,22.119999999999997,19.56,20.824688184989213,1.295311815010784,2.5599999999999987,-4.440892098500626e-16
454,lp_integrated_supply_demand,154.72,153.37,152.63138211586647,2.0886178841335266,1.3499999999999943,0.0
455,lp_integrated_supply_demand,74.87,73.72999999999999,71.8853554353294,2.984644564670603,1.1400000000000148,0.0
456,lp_integrated_supply_demand,46.48,46.17,46.32499839277303,0.1550016072269642,0.30999999999999517,0.0
457,lp_integrated_supply_demand,134.19,133.75,131.31968841460466,2.870311585395342,0.4399999999999977,0.0
458,lp_integrated_supply_demand,121.84999999999998,121.84999999999998,117.26284343585588,4.587156564144095,0.0,2.220446049250313e-16
459,lp_integrated_supply_demand,79.74000000000001,76.82,75.87659831016722,3.8634016898327843,2.920000000000016,0.0
460,lp_integrated_supply_demand,34.22,10.469999999999999,16.033211769183502,18.186788230816497,23.75,0.0
461,lp_integrated_supply_demand,48.81,46.04,46.01999761281462,2.790002387185382,2.770000000000003,0.0
462,lp_integrated_supply_demand,20.909999999999997,19.15,19.47499792585344,1.4350020741465563,1.759999999999998,0.0
463,lp_integrated_supply_demand,43.9,38.41,40.28883342789149,3.611166572108509,5.490000000000002,0.0
464,lp_integrated_supply_demand,21.810000000000002,21.12,21.014995810305923,0.7950041896940796,0.6900000000000013,0.0
465,lp_integrated_supply_demand,65.65,65.65,64.13226903833521,1.517730961664796,0.0,-2.220446049250313e-16
466,lp_integrated_supply_demand,37.16,34.58,34.33092535605153,2.8290746439484664,2.5799999999999983,0.0
467,lp_integrated_supply_demand,32.83,32.83,27.556474938409757,5.273525061590242,0.0,-5.551115123125783e-17
468,lp_integrated_supply_demand,114.11,101.38,108.9017925297257,5.208207470274303,12.730000000000004,0.0
469,lp_integrated_supply_demand,29.439999999999998,29.089999999999996,25.739998664794612,3.7000013352053855,0.3500000000000014,0.0
470,lp_integrated_supply_demand,21.09,19.84,20.468269998294573,0.6217300017054264,1.25,-4.440892098500626e-16
471,lp_integrated_supply_demand,40.150000000000006,40.150000000000006,40.14999811690632,1.8830936880931404e-06,0.0,0.0
472,lp_integrated_supply_demand,44.68000000000001,41.21,43.40749774833226,1.2725022516677456,3.470000000000006,0.0
473,lp_integrated_supply_demand,122.1,113.70999999999998,118.8121904346132,3.2878095653867945,8.390000000000015,0.0
474,lp_integrated_supply_demand,18.89,17.55,18.116663649550336,0.7733363504496644,1.3399999999999999,-2.220446049250313e-16
475,lp_integrated_supply_demand,75.33,73.02,73.6769745357278,1.6530254642722042,2.3100000000000023,0.0
476,lp_integrated_supply_demand,88.47,83.69,85.15343319536312,3.316566804636878,4.780000000000001,0.0
477,lp_integrated_supply_demand,37.25,34.25,34.874998190936765,2.375001809063235,3.0,0.0
478,lp_integrated_supply_demand,37.019999999999996,32.42,33.367371615443744,3.6526283845562517,4.599999999999994,-5.551115123125783e-17
479,lp_integrated_supply_demand,45.11,41.629999999999995,42.94749777219374,2.1625022278062573,3.480000000000004,0.0
480,lp_integrated_supply_demand,21.75,20.99,21.122497825313594,0.6275021746864056,0.7600000000000016,0.0
481,lp_integrated_supply_demand,88.75,88.75,84.83029458471835,3.919705415281655,0.0,0.0
482,lp_integrated_supply_demand,48.82,46.730000000000004,45.962497615797304,2.8575023842026965,2.0899999999999963,0.0
483,lp_integrated_supply_demand,78.4,77.28,77.617002760807,0.7829972391930085,1.1200000000000045,0.0
484,lp_integrated_supply_demand,38.89,30.090000000000003,31.20881668254468,7.6811833174553215,8.799999999999997,-2.220446049250313e-16
485,lp_integrated_supply_demand,121.38,118.33,119.50931483020368,1.8706851697963174,3.049999999999997,0.0
486,lp_integrated_supply_demand,17.200000000000003,17.200000000000003,15.947844687188432,1.2521553128115706,0.0,0.0
487,lp_integrated_supply_demand,32.2,31.340000000000003,30.52312162436481,1.6768783756351944,0.8599999999999994,-5.551115123125783e-17
488,lp_integrated_supply_demand,78.39000000000001,78.39000000000001,76.53760563744636,1.8523943625536532,0.0,0.0
489,lp_integrated_supply_demand,33.29,25.279999999999998,29.348452014502456,3.941547985497543,8.010000000000002,-5.551115123125783e-17
490,lp_integrated_supply_demand,128.04000000000002,124.06,124.21781191660435,3.822188083395673,3.980000000000018,0.0
491,lp_integrated_supply_demand,36.78,33.92,35.07187777753968,1.708122222460318,2.8599999999999994,0.0
492,lp_integrated_supply_demand,22.12,22.12,21.652495714470348,0.4675042855296532,0.0,0.0
493,lp_integrated_supply_demand,46.61,46.61,46.60999798065523,2.0193447696215117e-06,0.0,0.0
494,lp_integrated_supply_demand,42.21,42.21,42.20999832552647,1.6744735304996539e-06,0.0,0.0
495,lp_integrated_supply_demand,51.34,51.34,51.33999870839068,1.291609322606746e-06,0.0,-8.881784197001252e-16
496,lp_integrated_supply_demand,19.29,19.29,18.61248937466072,0.6775106253392806,0.0,0.0
497,lp_integrated_supply_demand,76.86,69.19,71.70105557164601,5.1589444283539905,7.670000000000002,0.0
498,lp_integrated_supply_demand,48.75,48.75,48.74999786029217,2.139707831361193e-06,0.0,0.0
499,lp_integrated_supply_demand,17.89,15.81,17.03083899492182,0.8591610050781817,2.08,0.0
